global_step,epoch,step_in_epoch,lr,loss,acc1,acc5,,,,
0,1,1,0.00004,4.980957,0,0,,,,
1,1,2,0.00004,5.137695,0,0,,,,
2,1,3,0.00004,5.14209,0,0,,,,
3,1,4,0.00004,4.997559,0,0,,,,
4,1,5,0.00004,4.824463,0,0,,,,
5,1,6,0.00004,5.116943,0,0.125,,,,
6,1,7,0.00004,5.158691,0,0,,,,
7,1,8,0.00004,4.981689,0,0,,,,
8,1,9,0.00004,4.731934,0,0,,,,
9,1,10,0.00004,4.704102,0,0.125,,,,
10,1,11,0.00004,4.649658,0,0,,,,
11,1,12,0.00004,5.168945,0,0,,,,
12,1,13,0.00004,4.942627,0,0,,,,
13,1,14,0.00004,5.320312,0,0,,,,
14,1,15,0.00004,5.1875,0,0,,,,
15,1,16,0.00004,5.338867,0,0,,,,
16,1,17,0.00004,5.150635,0,0,,,,
17,1,18,0.00004,5.162109,0,0,,,,
18,1,19,0.00004,4.665283,0,0.125,,,,
19,1,20,0.00004,4.80957,0,0,,,,
20,1,21,0.00004,5.058838,0,0,,,,
21,1,22,0.00004,4.976074,0,0.125,,,,
22,1,23,0.00004,4.978516,0,0.125,,,,
23,1,24,0.00004,4.865723,0,0,,,,
24,1,25,0.00004,4.494385,0,0.125,,,,
25,1,26,0.00004,5.116211,0,0,,,,
26,1,27,0.00004,4.674561,0,0.125,,,,
27,1,28,0.00004,5.289551,0,0,,,,
28,1,29,0.00004,5.311523,0,0.125,,,,
29,1,30,0.00004,4.51001,0,0,,,,
30,1,31,0.00004,4.851807,0,0,,,,
31,1,32,0.00004,5.237061,0,0,,,,
32,1,33,0.00004,4.689941,0,0.25,,,,
33,1,34,0.00004,4.655273,0.125,0.125,,,,
34,1,35,0.00004,4.65918,0,0,,,,
35,1,36,0.00004,5.176758,0,0,,,,
36,1,37,0.00004,5.058838,0,0,,,,
37,1,38,0.00004,5.157227,0,0.125,,,,
38,1,39,0.00004,5.386475,0,0,,,,
39,1,40,0.00004,4.869385,0.125,0.125,,,,
40,1,41,0.00004,4.762207,0,0.125,,,,
41,1,42,0.00004,4.96582,0,0,,,,
42,1,43,0.00004,4.487305,0,0,,,,
43,1,44,0.00004,4.489746,0,0,,,,
44,1,45,0.00004,4.72583,0,0.125,,,,
45,1,46,0.00004,4.604248,0,0,,,,
46,1,47,0.00004,5.634277,0,0,,,,
47,1,48,0.00004,5.120117,0,0,,,,
48,1,49,0.00004,4.683105,0,0.125,,,,
49,1,50,0.00004,5.121094,0,0.125,,,,
50,1,51,0.00004,5.016602,0,0,,,,
51,1,52,0.00004,4.900391,0.125,0.125,,,,
52,1,53,0.00004,4.972656,0,0,,,,
53,1,54,0.00004,5.32666,0,0,,,,
54,1,55,0.00004,5.640625,0,0,,,,
55,1,56,0.00004,4.61084,0,0.125,,,,
56,1,57,0.00004,5.083496,0,0,,,,
57,1,58,0.00004,4.404053,0,0.25,,,,
58,1,59,0.00004,5.154297,0,0,,,,
59,1,60,0.00004,5.359863,0,0,,,,
60,1,61,0.00004,5.041016,0,0,,,,
61,1,62,0.00004,5.081787,0,0,,,,
62,1,63,0.00004,4.997559,0,0,,,,
63,1,64,0.00004,4.860352,0,0,,,,
64,1,65,0.00004,4.710205,0,0.125,,,,
65,1,66,0.00004,5.411621,0,0,,,,
66,1,67,0.00004,4.932129,0,0,,,,
67,1,68,0.00004,4.837646,0,0.125,,,,
68,1,69,0.00004,4.998779,0,0.125,,,,
69,1,70,0.00003999,4.765137,0,0,,,,
70,1,71,0.00003999,4.273682,0.125,0.125,,,,
71,1,72,0.00003999,4.601562,0,0,,,,
72,1,73,0.00003999,5.112305,0,0,,,,
73,1,74,0.00003999,4.473389,0,0.25,,,,
74,1,75,0.00003999,5.230957,0,0,,,,
75,1,76,0.00003999,5.603516,0,0,,,,
76,1,77,0.00003999,4.499023,0,0.25,,,,
77,1,78,0.00003999,4.472412,0,0.125,,,,
78,1,79,0.00003999,5.05249,0,0.125,,,,
79,1,80,0.00003999,4.822754,0,0.125,,,,
80,1,81,0.00003999,4.980713,0,0.125,,,,
81,1,82,0.00003999,4.898438,0,0.125,,,,
82,1,83,0.00003999,5.071289,0,0,,,,
83,1,84,0.00003999,5.208496,0,0,,,,
84,1,85,0.00003999,4.848877,0.125,0.25,,,,
85,1,86,0.00003999,5.433594,0,0,,,,
86,1,87,0.00003999,4.937744,0,0.125,,,,
87,1,88,0.00003999,5.573486,0,0,,,,
88,1,89,0.00003999,5.052002,0,0.125,,,,
89,1,90,0.00003999,4.717773,0,0.125,,,,
90,1,91,0.00003999,5.074707,0,0,,,,
91,1,92,0.00003999,5.082275,0,0,,,,
92,1,93,0.00003999,5.556152,0,0,,,,
93,1,94,0.00003999,5.342285,0,0,,,,
94,1,95,0.00003999,4.738525,0,0.125,,,,
95,1,96,0.00003999,4.764404,0,0,,,,
96,1,97,0.00003999,4.413452,0.125,0.125,,,,
97,1,98,0.00003999,4.640869,0,0.125,,,,
98,1,99,0.00003999,4.91748,0,0,,,,
99,1,100,0.00003999,5.08667,0,0,,,,
100,1,101,0.00003999,5.083496,0,0,,,,
101,1,102,0.00003999,4.922363,0,0.125,,,,
102,1,103,0.00003999,4.562012,0,0,,,,
103,1,104,0.00003999,4.788574,0,0.125,,,,
104,1,105,0.00003999,5.455078,0,0,,,,
105,1,106,0.00003999,5.670898,0,0,,,,
106,1,107,0.00003999,5.029297,0,0,,,,
107,1,108,0.00003999,4.647461,0,0.125,,,,
108,1,109,0.00003999,5.113281,0,0.125,,,,
109,1,110,0.00003999,4.786621,0,0,,,,
110,1,111,0.00003999,5.368164,0,0,,,,
111,1,112,0.00003999,5.130371,0,0,,,,
112,1,113,0.00003999,5.113281,0,0,,,,
113,1,114,0.00003999,4.557129,0,0.125,,,,
114,1,115,0.00003999,4.911865,0.125,0.125,,,,
115,1,116,0.00003999,5.03125,0,0,,,,
116,1,117,0.00003999,5.119629,0,0,,,,
117,1,118,0.00003999,5.210449,0,0,,,,
118,1,119,0.00003999,4.884277,0,0,,,,
119,1,120,0.00003999,5.259766,0,0,,,,
120,1,121,0.00003999,5.163086,0,0,,,,
121,1,122,0.00003998,4.729004,0,0,,,,
122,1,123,0.00003998,4.674072,0,0.125,,,,
123,1,124,0.00003998,4.5896,0,0,,,,
124,1,125,0.00003998,5.061523,0,0,,,,
125,1,126,0.00003998,5.03418,0,0,,,,
126,1,127,0.00003998,5.266846,0,0,,,,
127,1,128,0.00003998,4.726562,0,0,,,,
128,1,129,0.00003998,4.950195,0,0,,,,
129,1,130,0.00003998,4.777832,0,0,,,,
130,1,131,0.00003998,5.453613,0,0,,,,
131,1,132,0.00003998,4.992676,0,0,,,,
132,1,133,0.00003998,4.84668,0,0.125,,,,
133,1,134,0.00003998,4.755371,0,0.125,,,,
134,1,135,0.00003998,4.69458,0,0.125,,,,
135,1,136,0.00003998,4.473633,0,0.125,,,,
136,1,137,0.00003998,4.549561,0,0.125,,,,
137,1,138,0.00003998,5.225586,0,0,,,,
138,1,139,0.00003998,5.162109,0,0,,,,
139,1,140,0.00003998,5.149414,0,0,,,,
140,1,141,0.00003998,4.957031,0,0,,,,
141,1,142,0.00003998,4.751221,0,0,,,,
142,1,143,0.00003998,4.620361,0,0.125,,,,
143,1,144,0.00003998,5.30127,0,0,,,,
144,1,145,0.00003998,5.251465,0,0,,,,
145,1,146,0.00003998,4.869629,0,0,,,,
146,1,147,0.00003998,5.344727,0,0,,,,
147,1,148,0.00003998,5.111816,0,0,,,,
148,1,149,0.00003998,4.700684,0,0.125,,,,
149,1,150,0.00003998,4.9375,0,0.125,,,,
150,1,151,0.00003998,4.992432,0,0,,,,
151,1,152,0.00003998,4.959961,0,0,,,,
152,1,153,0.00003998,4.572754,0,0,,,,
153,1,154,0.00003998,4.591064,0,0.125,,,,
154,1,155,0.00003998,4.895264,0,0.125,,,,
155,1,156,0.00003998,5.081055,0,0,,,,
156,1,157,0.00003997,5.146484,0,0,,,,
157,1,158,0.00003997,4.747559,0,0.125,,,,
158,1,159,0.00003997,4.712891,0.125,0.25,,,,
159,1,160,0.00003997,4.521729,0,0,,,,
160,1,161,0.00003997,4.770508,0,0.125,,,,
161,1,162,0.00003997,4.664307,0.125,0.125,,,,
162,1,163,0.00003997,4.884766,0,0,,,,
163,1,164,0.00003997,4.848633,0,0.125,,,,
164,1,165,0.00003997,4.626953,0,0.125,,,,
165,1,166,0.00003997,5.099609,0,0,,,,
166,1,167,0.00003997,4.869385,0,0,,,,
167,1,168,0.00003997,4.67749,0,0.125,,,,
168,1,169,0.00003997,4.772949,0,0,,,,
169,1,170,0.00003997,5.416748,0,0,,,,
170,1,171,0.00003997,5.250244,0,0.125,,,,
171,1,172,0.00003997,4.994873,0,0.125,,,,
172,1,173,0.00003997,5.009521,0,0.125,,,,
173,1,174,0.00003997,4.812012,0,0,,,,
174,1,175,0.00003997,4.372314,0,0.25,,,,
175,1,176,0.00003997,4.825928,0,0.125,,,,
176,1,177,0.00003997,4.868896,0,0.125,,,,
177,1,178,0.00003997,4.648438,0,0,,,,
178,1,179,0.00003997,5.477051,0,0,,,,
179,1,180,0.00003997,4.929688,0,0,,,,
180,1,181,0.00003997,4.95166,0,0,,,,
181,1,182,0.00003997,4.892578,0,0.125,,,,
182,1,183,0.00003997,5.224121,0,0,,,,
183,1,184,0.00003997,4.577148,0,0,,,,
184,1,185,0.00003997,5.09375,0,0,,,,
185,1,186,0.00003996,4.932129,0,0,,,,
186,1,187,0.00003996,4.914795,0,0.125,,,,
187,1,188,0.00003996,4.911621,0,0,,,,
188,1,189,0.00003996,4.917725,0,0.125,,,,
189,1,190,0.00003996,4.908203,0,0,,,,
190,1,191,0.00003996,4.600342,0,0,,,,
191,1,192,0.00003996,5.111328,0,0,,,,
192,1,193,0.00003996,4.979736,0,0.125,,,,
193,1,194,0.00003996,5.193848,0,0,,,,
194,1,195,0.00003996,5.394531,0,0,,,,
195,1,196,0.00003996,5.149902,0,0.125,,,,
196,1,197,0.00003996,4.68457,0,0.125,,,,
197,1,198,0.00003996,5.537109,0,0,,,,
198,1,199,0.00003996,4.925293,0,0,,,,
199,1,200,0.00003996,4.645508,0,0,,,,
200,1,201,0.00003996,4.74707,0,0,,,,
201,1,202,0.00003996,4.485596,0,0,,,,
202,1,203,0.00003996,4.882324,0,0,,,,
203,1,204,0.00003996,5.392578,0,0,,,,
204,1,205,0.00003996,4.872314,0,0.125,,,,
205,1,206,0.00003996,5.372559,0,0,,,,
206,1,207,0.00003996,4.223389,0.25,0.25,,,,
207,1,208,0.00003996,4.530518,0,0,,,,
208,1,209,0.00003996,4.734619,0.125,0.125,,,,
209,1,210,0.00003995,5.247559,0,0,,,,
210,1,211,0.00003995,5.49707,0,0,,,,
211,1,212,0.00003995,5.073242,0,0,,,,
212,1,213,0.00003995,4.823242,0,0.125,,,,
213,1,214,0.00003995,4.804199,0,0.125,,,,
214,1,215,0.00003995,4.932861,0.125,0.125,,,,
215,1,216,0.00003995,4.635742,0.125,0.125,,,,
216,1,217,0.00003995,5.291504,0,0,,,,
217,1,218,0.00003995,4.690674,0,0.125,,,,
218,2,1,0.0000397,5.127539,0,0,,,,
219,2,2,0.00003969,4.759375,0,0.05,,,,
220,2,3,0.00003969,4.816504,0,0.05,,,,
221,2,4,0.00003969,4.661035,0,0.05,,,,
222,2,5,0.00003969,4.883105,0.05,0.15,,,,
223,2,6,0.00003969,4.527344,0.05,0.05,,,,
224,2,7,0.00003969,4.846777,0,0,,,,
225,2,8,0.00003969,4.861621,0,0.1,,,,
226,2,9,0.00003969,5.057617,0,0.1,,,,
227,2,10,0.00003968,5.11582,0,0,,,,
228,2,11,0.00003968,4.972754,0,0,,,,
229,2,12,0.00003968,4.759668,0,0.05,,,,
230,2,13,0.00003968,4.955274,0,0.05,,,,
231,2,14,0.00003968,4.742383,0.05,0.1,,,,
232,2,15,0.00003968,4.705469,0.1,0.15,,,,
233,2,16,0.00003968,4.708789,0.05,0.05,,,,
234,2,17,0.00003968,4.612597,0,0.1,,,,
235,2,18,0.00003968,5.004395,0,0.05,,,,
236,2,19,0.00003967,4.758399,0,0,,,,
237,2,20,0.00003967,4.868555,0,0,,,,
238,2,21,0.00003967,4.828516,0.05,0.1,,,,
239,2,22,0.00003967,4.922071,0,0.05,,,,
240,2,23,0.00003967,4.776074,0,0.05,,,,
241,2,24,0.00003967,4.610254,0,0.1,,,,
242,2,25,0.00003967,4.934668,0,0.05,,,,
243,2,26,0.00003967,4.571485,0,0.05,,,,
244,2,27,0.00003967,4.84375,0,0.15,,,,
245,2,28,0.00003966,4.835059,0,0,,,,
246,2,29,0.00003966,4.864746,0.05,0.05,,,,
247,2,30,0.00003966,4.770898,0,0.05,,,,
248,2,31,0.00003966,5.047852,0,0,,,,
249,2,32,0.00003966,4.822656,0,0.05,,,,
250,2,33,0.00003966,4.493457,0,0.05,,,,
251,2,34,0.00003966,4.741211,0.05,0.1,,,,
252,2,35,0.00003966,4.963867,0,0.1,,,,
253,2,36,0.00003965,4.941406,0,0.05,,,,
254,2,37,0.00003965,4.64209,0.05,0.15,,,,
255,2,38,0.00003965,4.827832,0,0.1,,,,
256,2,39,0.00003965,4.848047,0.05,0.1,,,,
257,2,40,0.00003965,4.853418,0,0.05,,,,
258,2,41,0.00003965,4.851758,0,0,,,,
259,2,42,0.00003965,4.863281,0,0,,,,
260,2,43,0.00003965,4.780469,0,0.05,,,,
261,2,44,0.00003965,4.755469,0,0,,,,
262,2,45,0.00003964,5.014356,0,0,,,,
263,2,46,0.00003964,4.604004,0,0.15,,,,
264,2,47,0.00003964,4.934961,0,0.05,,,,
265,2,48,0.00003964,4.969434,0,0.05,,,,
266,2,49,0.00003964,4.889648,0,0.05,,,,
267,2,50,0.00003964,4.780078,0,0,,,,
268,2,51,0.00003964,4.789453,0.05,0.15,,,,
269,2,52,0.00003964,4.661523,0,0.15,,,,
270,2,53,0.00003963,4.836524,0,0,,,,
271,2,54,0.00003963,4.908789,0,0,,,,
272,2,55,0.00003963,4.694434,0.05,0.1,,,,
273,2,56,0.00003963,4.939355,0,0.05,,,,
274,2,57,0.00003963,4.846387,0,0.1,,,,
275,2,58,0.00003963,4.751465,0.05,0.1,,,,
276,2,59,0.00003963,5.091211,0,0,,,,
277,2,60,0.00003963,4.735254,0,0.1,,,,
278,2,61,0.00003962,4.913672,0,0.1,,,,
279,2,62,0.00003962,4.939844,0,0.05,,,,
280,2,63,0.00003962,5.095801,0,0,,,,
281,2,64,0.00003962,4.963965,0,0,,,,
282,2,65,0.00003962,5.238672,0,0,,,,
283,2,66,0.00003962,4.787207,0,0.1,,,,
284,2,67,0.00003962,4.918555,0,0,,,,
285,2,68,0.00003962,4.703711,0,0.15,,,,
286,2,69,0.00003961,4.766894,0,0.05,,,,
287,2,70,0.00003961,4.822656,0,0,,,,
288,2,71,0.00003961,4.963379,0.05,0.05,,,,
289,2,72,0.00003961,4.961816,0,0.05,,,,
290,2,73,0.00003961,4.957617,0,0.05,,,,
291,2,74,0.00003961,4.656641,0,0.2,,,,
292,2,75,0.00003961,4.992969,0,0,,,,
293,2,76,0.00003961,4.89707,0.05,0.05,,,,
294,2,77,0.0000396,4.647851,0,0.1,,,,
295,2,78,0.0000396,4.622363,0.05,0.1,,,,
296,2,79,0.0000396,4.813672,0,0.1,,,,
297,2,80,0.0000396,5.066602,0,0,,,,
298,2,81,0.0000396,4.800097,0,0.05,,,,
299,2,82,0.0000396,4.786328,0,0,,,,
300,2,83,0.0000396,4.987597,0,0.05,,,,
301,2,84,0.0000396,5.008008,0,0,,,,
302,2,85,0.00003959,4.859571,0,0,,,,
303,2,86,0.00003959,4.922461,0,0.05,,,,
304,2,87,0.00003959,4.93418,0,0,,,,
305,2,88,0.00003959,4.850684,0,0.05,,,,
306,2,89,0.00003959,4.891602,0,0.05,,,,
307,2,90,0.00003959,4.982812,0,0,,,,
308,2,91,0.00003959,5.038672,0,0,,,,
309,2,92,0.00003959,4.673047,0,0.05,,,,
310,2,93,0.00003958,4.735254,0,0.1,,,,
311,2,94,0.00003958,4.582617,0,0.05,,,,
312,2,95,0.00003958,4.763281,0,0,,,,
313,2,96,0.00003958,4.659082,0,0.15,,,,
314,2,97,0.00003958,4.844824,0,0.05,,,,
315,2,98,0.00003958,4.864062,0,0.05,,,,
316,2,99,0.00003958,4.614551,0.05,0.2,,,,
317,2,100,0.00003958,5.079394,0,0.05,,,,
318,2,101,0.00003957,4.915625,0,0,,,,
319,2,102,0.00003957,4.737012,0,0,,,,
320,2,103,0.00003957,5.072168,0,0,,,,
321,2,104,0.00003957,4.738379,0,0.1,,,,
322,2,105,0.00003957,4.610254,0.05,0.1,,,,
323,2,106,0.00003957,4.728613,0,0.05,,,,
324,2,107,0.00003957,4.745508,0,0.05,,,,
325,2,108,0.00003956,5.121387,0,0.05,,,,
326,2,109,0.00003956,4.895312,0,0,,,,
327,2,110,0.00003956,4.6625,0.1,0.2,,,,
328,2,111,0.00003956,4.606055,0,0.05,,,,
329,2,112,0.00003956,4.677246,0,0.15,,,,
330,2,113,0.00003956,4.715039,0,0,,,,
331,2,114,0.00003956,4.996289,0,0,,,,
332,2,115,0.00003956,5.161035,0,0,,,,
333,2,116,0.00003955,4.862207,0,0.05,,,,
334,2,117,0.00003955,4.592773,0,0.1,,,,
335,2,118,0.00003955,4.755469,0.05,0.05,,,,
336,2,119,0.00003955,4.57002,0,0.1,,,,
337,2,120,0.00003955,5.156152,0,0,,,,
338,2,121,0.00003955,4.77373,0.05,0.05,,,,
339,2,122,0.00003955,4.887305,0,0,,,,
340,2,123,0.00003954,4.727637,0,0.05,,,,
341,2,124,0.00003954,4.758399,0,0.1,,,,
342,2,125,0.00003954,4.966406,0,0.05,,,,
343,2,126,0.00003954,5.164258,0,0,,,,
344,2,127,0.00003954,4.728418,0,0.05,,,,
345,2,128,0.00003954,4.622559,0,0.1,,,,
346,2,129,0.00003954,5.019141,0,0,,,,
347,2,130,0.00003953,4.725488,0,0,,,,
348,2,131,0.00003953,4.965234,0,0.05,,,,
349,2,132,0.00003953,4.740723,0,0,,,,
350,2,133,0.00003953,4.748242,0,0.1,,,,
351,2,134,0.00003953,4.916406,0,0,,,,
352,2,135,0.00003953,5.010156,0,0,,,,
353,2,136,0.00003953,4.640234,0.05,0.15,,,,
354,2,137,0.00003953,4.61836,0.05,0.15,,,,
355,2,138,0.00003952,5.116797,0,0,,,,
356,2,139,0.00003952,4.626563,0,0.25,,,,
357,2,140,0.00003952,5.007617,0,0,,,,
358,2,141,0.00003952,4.663184,0,0.05,,,,
359,2,142,0.00003952,4.769336,0,0.05,,,,
360,2,143,0.00003952,5.003808,0,0,,,,
361,2,144,0.00003952,4.793262,0.05,0.1,,,,
362,2,145,0.00003951,4.778125,0,0,,,,
363,2,146,0.00003951,4.835742,0.05,0.05,,,,
364,2,147,0.00003951,4.817481,0,0.05,,,,
365,2,148,0.00003951,4.714942,0.05,0.1,,,,
366,2,149,0.00003951,4.779101,0,0.15,,,,
367,2,150,0.00003951,4.826074,0,0,,,,
368,2,151,0.00003951,4.953321,0.05,0.05,,,,
369,2,152,0.0000395,5.090137,0,0,,,,
370,2,153,0.0000395,4.680469,0,0.05,,,,
371,2,154,0.0000395,4.725293,0,0.05,,,,
372,2,155,0.0000395,4.702637,0,0,,,,
373,2,156,0.0000395,4.531738,0.1,0.15,,,,
374,2,157,0.0000395,4.784863,0.05,0.1,,,,
375,2,158,0.0000395,5.107422,0,0.05,,,,
376,2,159,0.00003949,5.009863,0,0.05,,,,
377,2,160,0.00003949,4.80791,0,0.05,,,,
378,2,161,0.00003949,4.956836,0.05,0.05,,,,
379,2,162,0.00003949,4.729688,0.1,0.1,,,,
380,2,163,0.00003949,4.766797,0,0.05,,,,
381,2,164,0.00003949,4.950976,0,0.05,,,,
382,2,165,0.00003949,4.727539,0,0.05,,,,
383,2,166,0.00003948,4.591309,0,0,,,,
384,2,167,0.00003948,4.929492,0,0,,,,
385,2,168,0.00003948,4.863183,0,0.1,,,,
386,2,169,0.00003948,4.952929,0,0,,,,
387,2,170,0.00003948,4.818848,0,0,,,,
388,2,171,0.00003948,4.849023,0,0,,,,
389,2,172,0.00003948,4.84707,0,0,,,,
390,2,173,0.00003947,4.822852,0.1,0.1,,,,
391,2,174,0.00003947,4.839355,0,0,,,,
392,2,175,0.00003947,4.773926,0.05,0.1,,,,
393,2,176,0.00003947,4.788379,0,0.05,,,,
394,2,177,0.00003947,4.851758,0,0.1,,,,
395,2,178,0.00003947,5.037109,0,0.1,,,,
396,2,179,0.00003947,4.818652,0,0.05,,,,
397,2,180,0.00003946,4.67998,0.05,0.05,,,,
398,2,181,0.00003946,4.741015,0,0.1,,,,
399,2,182,0.00003946,4.771484,0,0,,,,
400,2,183,0.00003946,4.813281,0,0,,,,
401,2,184,0.00003946,4.916211,0,0.05,,,,
402,2,185,0.00003946,5.038086,0,0,,,,
403,2,186,0.00003945,4.670215,0,0.1,,,,
404,2,187,0.00003945,4.707031,0,0.05,,,,
405,2,188,0.00003945,4.953223,0,0,,,,
406,2,189,0.00003945,4.600293,0.05,0.15,,,,
407,2,190,0.00003945,5.09668,0,0,,,,
408,2,191,0.00003945,4.706738,0,0,,,,
409,2,192,0.00003945,4.746192,0,0.05,,,,
410,2,193,0.00003944,4.772851,0,0.05,,,,
411,2,194,0.00003944,4.918262,0,0.05,,,,
412,2,195,0.00003944,4.755371,0.05,0.05,,,,
413,2,196,0.00003944,4.786133,0,0,,,,
414,2,197,0.00003944,5.135742,0,0,,,,
415,2,198,0.00003944,4.711328,0.05,0.1,,,,
416,2,199,0.00003944,4.63916,0.05,0.1,,,,
417,2,200,0.00003943,4.80586,0,0,,,,
418,2,201,0.00003943,4.833789,0,0,,,,
419,2,202,0.00003943,4.631836,0,0.05,,,,
420,2,203,0.00003943,4.795312,0,0.1,,,,
421,2,204,0.00003943,4.926562,0,0,,,,
422,2,205,0.00003943,5.096875,0.05,0.05,,,,
423,2,206,0.00003942,4.744141,0.1,0.15,,,,
424,2,207,0.00003942,4.59707,0.05,0.15,,,,
425,2,208,0.00003942,4.72334,0,0,,,,
426,2,209,0.00003942,4.830664,0,0.05,,,,
427,2,210,0.00003942,4.531934,0.05,0.15,,,,
428,2,211,0.00003942,4.934082,0,0,,,,
429,2,212,0.00003942,4.681543,0.05,0.15,,,,
430,2,213,0.00003941,4.778516,0.05,0.05,,,,
431,2,214,0.00003941,4.767676,0,0.05,,,,
432,2,215,0.00003941,4.927344,0,0,,,,
433,2,216,0.00003941,4.953418,0,0,,,,
434,2,217,0.00003941,4.929688,0,0.1,,,,
435,2,218,0.00003941,4.763476,0,0,,,,
436,3,1,0.0000394,4.72666,0.05,0.05,,,,
437,3,2,0.0000394,4.663379,0.05,0.1,,,,
438,3,3,0.0000394,4.987597,0,0,,,,
439,3,4,0.0000394,4.62832,0.05,0.05,,,,
440,3,5,0.0000394,4.894922,0,0.1,,,,
441,3,6,0.0000394,4.740527,0,0,,,,
442,3,7,0.0000394,4.901465,0,0,,,,
443,3,8,0.00003939,4.771289,0,0.1,,,,
444,3,9,0.00003939,4.803515,0,0.05,,,,
445,3,10,0.00003939,4.767188,0,0,,,,
446,3,11,0.00003939,4.774121,0,0.05,,,,
447,3,12,0.00003939,4.620996,0.05,0.15,,,,
448,3,13,0.00003939,5.119727,0.05,0.1,,,,
449,3,14,0.00003938,4.41543,0,0.1,,,,
450,3,15,0.00003938,4.791797,0.05,0.05,,,,
451,3,16,0.00003938,4.785645,0,0,,,,
452,3,17,0.00003938,4.895606,0,0,,,,
453,3,18,0.00003938,4.716211,0,0,,,,
454,3,19,0.00003938,4.650586,0,0.1,,,,
455,3,20,0.00003938,4.640527,0,0.05,,,,
456,3,21,0.00003937,4.923047,0,0.05,,,,
457,3,22,0.00003937,4.820605,0,0.1,,,,
458,3,23,0.00003937,4.620801,0,0.1,,,,
459,3,24,0.00003937,4.80498,0,0,,,,
460,3,25,0.00003937,4.832227,0,0,,,,
461,3,26,0.00003937,4.872851,0,0,,,,
462,3,27,0.00003936,4.631348,0,0.05,,,,
463,3,28,0.00003936,4.902051,0,0.05,,,,
464,3,29,0.00003936,4.864356,0,0.05,,,,
465,3,30,0.00003936,4.762891,0.05,0.05,,,,
466,3,31,0.00003936,4.732129,0,0.1,,,,
467,3,32,0.00003936,5.11416,0,0.05,,,,
468,3,33,0.00003935,4.829688,0,0,,,,
469,3,34,0.00003935,4.803125,0,0,,,,
470,3,35,0.00003935,4.996875,0,0,,,,
471,3,36,0.00003935,4.952539,0.05,0.05,,,,
472,3,37,0.00003935,4.789746,0,0,,,,
473,3,38,0.00003935,4.730176,0.05,0.05,,,,
474,3,39,0.00003934,5.090723,0,0,,,,
475,3,40,0.00003934,4.607812,0.05,0.05,,,,
476,3,41,0.00003934,4.839453,0,0,,,,
477,3,42,0.00003934,4.824805,0,0.1,,,,
478,3,43,0.00003934,4.862891,0,0,,,,
479,3,44,0.00003934,4.646582,0,0.05,,,,
480,3,45,0.00003933,4.951758,0,0.05,,,,
481,3,46,0.00003933,4.540235,0.05,0.15,,,,
482,3,47,0.00003933,5.145312,0,0,,,,
483,3,48,0.00003933,4.970899,0,0,,,,
484,3,49,0.00003933,4.896484,0,0.05,,,,
485,3,50,0.00003933,4.836816,0.05,0.15,,,,
486,3,51,0.00003933,4.610742,0,0.05,,,,
487,3,52,0.00003932,4.717773,0,0,,,,
488,3,53,0.00003932,4.890527,0,0,,,,
489,3,54,0.00003932,4.830957,0,0.1,,,,
490,3,55,0.00003932,4.552246,0,0.05,,,,
491,3,56,0.00003932,4.877149,0,0.05,,,,
492,3,57,0.00003932,4.858984,0,0.05,,,,
493,3,58,0.00003931,4.720508,0,0.05,,,,
494,3,59,0.00003931,4.574023,0.05,0.1,,,,
495,3,60,0.00003931,4.595313,0,0.1,,,,
496,3,61,0.00003931,4.778906,0,0.05,,,,
497,3,62,0.00003931,4.9,0.05,0.05,,,,
498,3,63,0.00003931,5.200976,0,0,,,,
499,3,64,0.0000393,4.495313,0,0.1,,,,
500,3,65,0.0000393,5.000391,0,0,,,,
501,3,66,0.0000393,4.641016,0,0,,,,
502,3,67,0.0000393,4.710449,0.05,0.1,,,,
503,3,68,0.0000393,4.81084,0,0,,,,
504,3,69,0.0000393,4.804101,0.05,0.05,,,,
505,3,70,0.00003929,4.956641,0,0,,,,
506,3,71,0.00003929,4.563477,0,0.15,,,,
507,3,72,0.00003929,5.060547,0,0,,,,
508,3,73,0.00003929,4.960156,0,0,,,,
509,3,74,0.00003929,4.646094,0,0.15,,,,
510,3,75,0.00003929,4.693652,0.05,0.1,,,,
511,3,76,0.00003928,4.610156,0,0.05,,,,
512,3,77,0.00003928,4.938184,0,0.05,,,,
513,3,78,0.00003928,4.618848,0,0.05,,,,
514,3,79,0.00003928,4.941699,0,0.05,,,,
515,3,80,0.00003928,4.740332,0,0,,,,
516,3,81,0.00003927,4.64502,0.05,0.15,,,,
517,3,82,0.00003927,4.841797,0,0.05,,,,
518,3,83,0.00003927,4.831152,0,0,,,,
519,3,84,0.00003927,4.894629,0,0.05,,,,
520,3,85,0.00003927,4.790235,0.1,0.1,,,,
521,3,86,0.00003927,4.531836,0,0.15,,,,
522,3,87,0.00003926,4.780273,0,0.1,,,,
523,3,88,0.00003926,4.549902,0.05,0.1,,,,
524,3,89,0.00003926,4.644433,0,0.05,,,,
525,3,90,0.00003926,4.835742,0.05,0.1,,,,
526,3,91,0.00003926,4.787207,0.05,0.1,,,,
527,3,92,0.00003926,4.803711,0,0,,,,
528,3,93,0.00003925,5.023828,0,0,,,,
529,3,94,0.00003925,4.891406,0,0,,,,
530,3,95,0.00003925,4.765527,0,0.1,,,,
531,3,96,0.00003925,4.757715,0,0,,,,
532,3,97,0.00003925,4.859473,0,0,,,,
533,3,98,0.00003925,4.804492,0,0.1,,,,
534,3,99,0.00003924,4.591797,0,0.15,,,,
535,3,100,0.00003924,4.863183,0,0.05,,,,
536,3,101,0.00003924,4.966113,0,0.05,,,,
537,3,102,0.00003924,4.949023,0,0.05,,,,
538,3,103,0.00003924,4.970019,0.05,0.1,,,,
539,3,104,0.00003924,4.940137,0,0.05,,,,
540,3,105,0.00003923,4.688574,0.05,0.1,,,,
541,3,106,0.00003923,4.780469,0,0.05,,,,
542,3,107,0.00003923,4.776367,0,0.1,,,,
543,3,108,0.00003923,4.809961,0,0.05,,,,
544,3,109,0.00003923,4.686328,0.05,0.1,,,,
545,3,110,0.00003922,4.872851,0,0.05,,,,
546,3,111,0.00003922,4.964063,0,0.05,,,,
547,3,112,0.00003922,4.747168,0,0.05,,,,
548,3,113,0.00003922,4.85752,0,0.05,,,,
549,3,114,0.00003922,4.516992,0,0.05,,,,
550,3,115,0.00003922,4.828906,0,0,,,,
551,3,116,0.00003921,4.68125,0.1,0.1,,,,
552,3,117,0.00003921,4.530469,0.05,0.15,,,,
553,3,118,0.00003921,4.856934,0,0.1,,,,
554,3,119,0.00003921,4.61084,0,0,,,,
555,3,120,0.00003921,4.625098,0.05,0.1,,,,
556,3,121,0.00003921,4.654981,0,0.05,,,,
557,3,122,0.0000392,4.816406,0,0,,,,
558,3,123,0.0000392,4.858789,0,0.05,,,,
559,3,124,0.0000392,4.835449,0,0,,,,
560,3,125,0.0000392,4.447363,0,0.1,,,,
561,3,126,0.0000392,4.84668,0,0,,,,
562,3,127,0.00003919,4.947754,0,0.05,,,,
563,3,128,0.00003919,4.526172,0,0.2,,,,
564,3,129,0.00003919,4.627051,0.05,0.1,,,,
565,3,130,0.00003919,4.702441,0,0.1,,,,
566,3,131,0.00003919,4.851465,0.05,0.05,,,,
567,3,132,0.00003919,4.989258,0,0,,,,
568,3,133,0.00003918,4.672852,0,0,,,,
569,3,134,0.00003918,4.820215,0.05,0.1,,,,
570,3,135,0.00003918,4.336328,0.05,0.1,,,,
571,3,136,0.00003918,4.70625,0,0,,,,
572,3,137,0.00003918,4.563086,0,0.05,,,,
573,3,138,0.00003917,4.972852,0,0,,,,
574,3,139,0.00003917,4.752441,0,0.2,,,,
575,3,140,0.00003917,4.862305,0,0,,,,
576,3,141,0.00003917,4.479297,0.05,0.1,,,,
577,3,142,0.00003917,4.716016,0,0.05,,,,
578,3,143,0.00003917,4.750781,0,0,,,,
579,3,144,0.00003916,4.637109,0,0.1,,,,
580,3,145,0.00003916,5.010352,0,0,,,,
581,3,146,0.00003916,4.521387,0.05,0.1,,,,
582,3,147,0.00003916,4.648633,0,0.1,,,,
583,3,148,0.00003916,4.748145,0.05,0.05,,,,
584,3,149,0.00003915,4.617383,0,0,,,,
585,3,150,0.00003915,4.78418,0,0,,,,
586,3,151,0.00003915,4.588086,0,0.15,,,,
587,3,152,0.00003915,4.624316,0,0.15,,,,
588,3,153,0.00003915,4.618066,0,0.1,,,,
589,3,154,0.00003915,4.719629,0,0.05,,,,
590,3,155,0.00003914,4.556055,0,0.1,,,,
591,3,156,0.00003914,4.828321,0,0,,,,
592,3,157,0.00003914,4.714453,0,0.1,,,,
593,3,158,0.00003914,4.935156,0,0,,,,
594,3,159,0.00003914,4.91709,0,0.1,,,,
595,3,160,0.00003913,4.583594,0,0.1,,,,
596,3,161,0.00003913,4.612891,0.05,0.15,,,,
597,3,162,0.00003913,4.756055,0,0,,,,
598,3,163,0.00003913,4.789844,0,0,,,,
599,3,164,0.00003913,5.066406,0,0,,,,
600,3,165,0.00003912,4.529492,0,0.1,,,,
601,3,166,0.00003912,4.578125,0,0.05,,,,
602,3,167,0.00003912,4.603125,0,0.15,,,,
603,3,168,0.00003912,4.758691,0,0.05,,,,
604,3,169,0.00003912,4.534961,0,0.1,,,,
605,3,170,0.00003912,4.711914,0,0,,,,
606,3,171,0.00003911,4.81875,0,0,,,,
607,3,172,0.00003911,4.603808,0.05,0.1,,,,
608,3,173,0.00003911,4.406152,0.05,0.2,,,,
609,3,174,0.00003911,4.645312,0,0.05,,,,
610,3,175,0.00003911,4.627051,0,0,,,,
611,3,176,0.0000391,4.779004,0,0.15,,,,
612,3,177,0.0000391,4.86377,0,0,,,,
613,3,178,0.0000391,4.663867,0.05,0.1,,,,
614,3,179,0.0000391,4.770312,0,0,,,,
615,3,180,0.0000391,4.662988,0,0.05,,,,
616,3,181,0.00003909,4.904785,0,0.1,,,,
617,3,182,0.00003909,4.597852,0,0.05,,,,
618,3,183,0.00003909,4.922071,0.05,0.05,,,,
619,3,184,0.00003909,4.715918,0.05,0.1,,,,
620,3,185,0.00003909,4.531934,0.05,0.15,,,,
621,3,186,0.00003908,4.654981,0,0,,,,
622,3,187,0.00003908,5.033984,0,0,,,,
623,3,188,0.00003908,4.884277,0,0.05,,,,
624,3,189,0.00003908,4.607324,0.05,0.1,,,,
625,3,190,0.00003908,4.924609,0.05,0.05,,,,
626,3,191,0.00003908,4.704297,0,0.2,,,,
627,3,192,0.00003907,4.710547,0.1,0.15,,,,
628,3,193,0.00003907,4.724121,0,0.05,,,,
629,3,194,0.00003907,4.469141,0,0.15,,,,
630,3,195,0.00003907,4.734179,0,0,,,,
631,3,196,0.00003907,4.889941,0,0,,,,
632,3,197,0.00003906,4.894629,0,0,,,,
633,3,198,0.00003906,4.927832,0,0.05,,,,
634,3,199,0.00003906,4.648926,0.05,0.15,,,,
635,3,200,0.00003906,4.651953,0.05,0.15,,,,
636,3,201,0.00003906,4.713672,0,0,,,,
637,3,202,0.00003905,4.687402,0,0.05,,,,
638,3,203,0.00003905,4.959961,0,0,,,,
639,3,204,0.00003905,4.574219,0.05,0.2,,,,
640,3,205,0.00003905,4.482617,0.05,0.15,,,,
641,3,206,0.00003905,4.821777,0,0.1,,,,
642,3,207,0.00003904,5.001563,0,0,,,,
643,3,208,0.00003904,4.468652,0,0.1,,,,
644,3,209,0.00003904,4.632617,0,0.1,,,,
645,3,210,0.00003904,4.894629,0,0.1,,,,
646,3,211,0.00003904,4.774414,0,0.1,,,,
647,3,212,0.00003903,4.987988,0,0,,,,
648,3,213,0.00003903,4.625781,0,0.05,,,,
649,3,214,0.00003903,4.756445,0.05,0.15,,,,
650,3,215,0.00003903,4.776855,0,0.05,,,,
651,3,216,0.00003903,4.735742,0.1,0.1,,,,
652,3,217,0.00003902,4.420117,0,0.05,,,,
653,3,218,0.00003902,4.522168,0,0.05,,,,
654,4,1,0.00003902,4.622559,0,0.1,,,,
655,4,2,0.00003902,4.903418,0,0,,,,
656,4,3,0.00003902,4.614356,0.05,0.05,,,,
657,4,4,0.00003901,4.482129,0,0.05,,,,
658,4,5,0.00003901,4.701074,0.05,0.1,,,,
659,4,6,0.00003901,4.512598,0.05,0.1,,,,
660,4,7,0.00003901,4.772559,0.05,0.05,,,,
661,4,8,0.00003901,4.788574,0,0.05,,,,
662,4,9,0.000039,4.486914,0,0.15,,,,
663,4,10,0.000039,4.699609,0.05,0.15,,,,
664,4,11,0.000039,4.700879,0,0,,,,
665,4,12,0.000039,4.785156,0.05,0.05,,,,
666,4,13,0.000039,4.771289,0,0,,,,
667,4,14,0.00003899,4.446973,0,0.15,,,,
668,4,15,0.00003899,4.621484,0,0.05,,,,
669,4,16,0.00003899,4.716895,0,0.1,,,,
670,4,17,0.00003899,4.723047,0,0,,,,
671,4,18,0.00003899,4.62959,0,0,,,,
672,4,19,0.00003898,4.562207,0,0.15,,,,
673,4,20,0.00003898,4.555566,0,0.1,,,,
674,4,21,0.00003898,4.405273,0.05,0.1,,,,
675,4,22,0.00003898,4.527344,0,0.05,,,,
676,4,23,0.00003898,4.535254,0,0.1,,,,
677,4,24,0.00003897,4.709082,0.05,0.05,,,,
678,4,25,0.00003897,4.7,0,0.1,,,,
679,4,26,0.00003897,4.868555,0.05,0.05,,,,
680,4,27,0.00003897,4.713086,0,0.05,,,,
681,4,28,0.00003897,4.877149,0,0,,,,
682,4,29,0.00003896,4.258399,0.05,0.15,,,,
683,4,30,0.00003896,4.833301,0,0.1,,,,
684,4,31,0.00003896,4.565234,0.05,0.15,,,,
685,4,32,0.00003896,4.960156,0,0,,,,
686,4,33,0.00003896,4.363965,0.15,0.35,,,,
687,4,34,0.00003895,4.521192,0,0,,,,
688,4,35,0.00003895,4.743164,0,0.05,,,,
689,4,36,0.00003895,4.589942,0.05,0.1,,,,
690,4,37,0.00003895,4.704394,0,0.1,,,,
691,4,38,0.00003895,4.533984,0,0.05,,,,
692,4,39,0.00003894,4.694238,0,0.05,,,,
693,4,40,0.00003894,4.560547,0.1,0.1,,,,
694,4,41,0.00003894,4.748633,0,0.1,,,,
695,4,42,0.00003894,4.46709,0,0.1,,,,
696,4,43,0.00003894,4.608301,0.05,0.1,,,,
697,4,44,0.00003893,4.559766,0,0.1,,,,
698,4,45,0.00003893,4.702832,0,0.15,,,,
699,4,46,0.00003893,4.86377,0,0,,,,
700,4,47,0.00003893,4.55,0.1,0.2,,,,
701,4,48,0.00003893,4.605469,0,0.05,,,,
702,4,49,0.00003892,4.513574,0,0.1,,,,
703,4,50,0.00003892,4.883203,0,0.05,,,,
704,4,51,0.00003892,4.422071,0.05,0.15,,,,
705,4,52,0.00003892,4.469141,0,0.1,,,,
706,4,53,0.00003892,4.562988,0.1,0.15,,,,
707,4,54,0.00003891,4.649024,0,0.1,,,,
708,4,55,0.00003891,4.82998,0.05,0.05,,,,
709,4,56,0.00003891,4.56582,0.05,0.15,,,,
710,4,57,0.00003891,4.452832,0.05,0.1,,,,
711,4,58,0.0000389,4.65791,0,0,,,,
712,4,59,0.0000389,4.612891,0,0.15,,,,
713,4,60,0.0000389,4.815918,0,0.05,,,,
714,4,61,0.0000389,4.541406,0,0.05,,,,
715,4,62,0.0000389,4.818262,0,0.05,,,,
716,4,63,0.00003889,4.347266,0.1,0.25,,,,
717,4,64,0.00003889,4.614942,0,0,,,,
718,4,65,0.00003889,4.218554,0.15,0.3,,,,
719,4,66,0.00003889,4.688965,0,0.1,,,,
720,4,67,0.00003889,4.600586,0.05,0.2,,,,
721,4,68,0.00003888,4.66416,0.05,0.2,,,,
722,4,69,0.00003888,4.783301,0,0.05,,,,
723,4,70,0.00003888,4.791016,0,0,,,,
724,4,71,0.00003888,4.127832,0.1,0.3,,,,
725,4,72,0.00003888,4.772265,0,0.1,,,,
726,4,73,0.00003887,4.666211,0,0.05,,,,
727,4,74,0.00003887,4.777148,0.05,0.1,,,,
728,4,75,0.00003887,4.192383,0.05,0.15,,,,
729,4,76,0.00003887,4.735449,0,0.05,,,,
730,4,77,0.00003886,4.471875,0.1,0.1,,,,
731,4,78,0.00003886,4.793653,0.05,0.15,,,,
732,4,79,0.00003886,4.350684,0,0.15,,,,
733,4,80,0.00003886,4.605664,0,0.1,,,,
734,4,81,0.00003886,4.665137,0,0.15,,,,
735,4,82,0.00003885,4.489453,0,0.15,,,,
736,4,83,0.00003885,4.842773,0,0.05,,,,
737,4,84,0.00003885,4.745996,0,0.2,,,,
738,4,85,0.00003885,4.770703,0,0,,,,
739,4,86,0.00003885,4.51084,0,0.15,,,,
740,4,87,0.00003884,4.562793,0.05,0.2,,,,
741,4,88,0.00003884,4.559473,0,0,,,,
742,4,89,0.00003884,4.666797,0.05,0.15,,,,
743,4,90,0.00003884,4.528125,0.15,0.25,,,,
744,4,91,0.00003884,4.559766,0,0.15,,,,
745,4,92,0.00003883,4.364551,0.1,0.2,,,,
746,4,93,0.00003883,4.126563,0.1,0.25,,,,
747,4,94,0.00003883,4.398242,0.05,0.1,,,,
748,4,95,0.00003883,4.650781,0.05,0.15,,,,
749,4,96,0.00003882,4.512988,0.05,0.05,,,,
750,4,97,0.00003882,4.311523,0,0.25,,,,
751,4,98,0.00003882,4.232666,0.15,0.2,,,,
752,4,99,0.00003882,4.808301,0,0.05,,,,
753,4,100,0.00003882,4.276074,0.15,0.25,,,,
754,4,101,0.00003881,4.366797,0.1,0.3,,,,
755,4,102,0.00003881,4.074267,0.1,0.25,,,,
756,4,103,0.00003881,4.445215,0.05,0.15,,,,
757,4,104,0.00003881,4.524707,0.05,0.15,,,,
758,4,105,0.0000388,4.371192,0.1,0.1,,,,
759,4,106,0.0000388,4.84707,0.05,0.05,,,,
760,4,107,0.0000388,4.563574,0.05,0.05,,,,
761,4,108,0.0000388,4.494238,0,0.1,,,,
762,4,109,0.0000388,4.404785,0.1,0.2,,,,
763,4,110,0.00003879,4.651758,0.05,0.15,,,,
764,4,111,0.00003879,4.362109,0.05,0.15,,,,
765,4,112,0.00003879,4.450488,0,0.1,,,,
766,4,113,0.00003879,4.372754,0.1,0.15,,,,
767,4,114,0.00003879,4.801953,0,0,,,,
768,4,115,0.00003878,4.242139,0.05,0.15,,,,
769,4,116,0.00003878,4.810059,0,0.05,,,,
770,4,117,0.00003878,4.397559,0,0.05,,,,
771,4,118,0.00003878,4.375391,0.1,0.15,,,,
772,4,119,0.00003877,4.472461,0.05,0.1,,,,
773,4,120,0.00003877,4.109179,0.15,0.25,,,,
774,4,121,0.00003877,4.560547,0.05,0.25,,,,
775,4,122,0.00003877,4.505469,0,0.1,,,,
776,4,123,0.00003877,4.481153,0,0.2,,,,
777,4,124,0.00003876,4.057031,0.1,0.3,,,,
778,4,125,0.00003876,4.583692,0,0.1,,,,
779,4,126,0.00003876,4.015332,0.05,0.15,,,,
780,4,127,0.00003876,4.551758,0,0.15,,,,
781,4,128,0.00003875,4.215723,0,0.15,,,,
782,4,129,0.00003875,4.145215,0.15,0.25,,,,
783,4,130,0.00003875,4.361524,0,0.1,,,,
784,4,131,0.00003875,4.336328,0,0.2,,,,
785,4,132,0.00003875,4.194482,0.05,0.25,,,,
786,4,133,0.00003874,4.113281,0.1,0.25,,,,
787,4,134,0.00003874,4.472461,0.05,0.15,,,,
788,4,135,0.00003874,4.526758,0,0.1,,,,
789,4,136,0.00003874,4.205078,0.15,0.25,,,,
790,4,137,0.00003873,4.153516,0,0.3,,,,
791,4,138,0.00003873,4.215528,0,0.25,,,,
792,4,139,0.00003873,4.243066,0.15,0.25,,,,
793,4,140,0.00003873,4.133887,0.15,0.3,,,,
794,4,141,0.00003873,4.385644,0,0.15,,,,
795,4,142,0.00003872,3.74375,0.3,0.45,,,,
796,4,143,0.00003872,4.194482,0.2,0.3,,,,
797,4,144,0.00003872,4.074512,0.15,0.35,,,,
798,4,145,0.00003872,3.600781,0.15,0.55,,,,
799,4,146,0.00003871,3.987402,0.05,0.25,,,,
800,4,147,0.00003871,3.706933,0.15,0.45,,,,
801,4,148,0.00003871,4.004883,0.1,0.3,,,,
802,4,149,0.00003871,3.95752,0.2,0.3,,,,
803,4,150,0.0000387,4.200781,0.15,0.25,,,,
804,4,151,0.0000387,4.11792,0.05,0.25,,,,
805,4,152,0.0000387,4.108984,0.1,0.2,,,,
806,4,153,0.0000387,3.788867,0.25,0.4,,,,
807,4,154,0.0000387,4.340625,0,0.2,,,,
808,4,155,0.00003869,4.580371,0,0.15,,,,
809,4,156,0.00003869,3.793359,0.15,0.45,,,,
810,4,157,0.00003869,4.043555,0.1,0.35,,,,
811,4,158,0.00003869,3.831543,0.15,0.35,,,,
812,4,159,0.00003868,3.891846,0.1,0.3,,,,
813,4,160,0.00003868,3.971094,0.1,0.4,,,,
814,4,161,0.00003868,4.221484,0,0.2,,,,
815,4,162,0.00003868,4.414453,0,0.15,,,,
816,4,163,0.00003868,4.256006,0.05,0.25,,,,
817,4,164,0.00003867,3.967969,0.25,0.25,,,,
818,4,165,0.00003867,3.93623,0.1,0.3,,,,
819,4,166,0.00003867,4.318652,0.1,0.25,,,,
820,4,167,0.00003867,4.183105,0.15,0.25,,,,
821,4,168,0.00003866,3.643311,0.1,0.45,,,,
822,4,169,0.00003866,4.067578,0,0.3,,,,
823,4,170,0.00003866,4.071045,0.2,0.35,,,,
824,4,171,0.00003866,4.081641,0.1,0.25,,,,
825,4,172,0.00003865,4.046973,0.05,0.15,,,,
826,4,173,0.00003865,3.964453,0.15,0.25,,,,
827,4,174,0.00003865,3.452734,0.15,0.5,,,,
828,4,175,0.00003865,4.202979,0.1,0.3,,,,
829,4,176,0.00003865,3.905102,0.05,0.2,,,,
830,4,177,0.00003864,4.016748,0.2,0.3,,,,
831,4,178,0.00003864,4.298193,0.1,0.2,,,,
832,4,179,0.00003864,3.922705,0.1,0.35,,,,
833,4,180,0.00003864,4.230347,0.15,0.25,,,,
834,4,181,0.00003863,3.813184,0.15,0.45,,,,
835,4,182,0.00003863,4.326172,0.1,0.35,,,,
836,4,183,0.00003863,4.096289,0,0.3,,,,
837,4,184,0.00003863,3.916211,0.05,0.3,,,,
838,4,185,0.00003862,3.791748,0.15,0.35,,,,
839,4,186,0.00003862,3.973731,0.1,0.35,,,,
840,4,187,0.00003862,4.219824,0.1,0.15,,,,
841,4,188,0.00003862,3.86543,0.2,0.35,,,,
842,4,189,0.00003862,4.026367,0.1,0.35,,,,
843,4,190,0.00003861,3.594922,0,0.3,,,,
844,4,191,0.00003861,3.438477,0.2,0.45,,,,
845,4,192,0.00003861,3.33833,0.35,0.55,,,,
846,4,193,0.00003861,3.69375,0.2,0.4,,,,
847,4,194,0.0000386,3.969727,0.1,0.4,,,,
848,4,195,0.0000386,3.704248,0.25,0.35,,,,
849,4,196,0.0000386,3.23562,0.3,0.55,,,,
850,4,197,0.0000386,3.921436,0.05,0.3,,,,
851,4,198,0.00003859,3.425049,0.2,0.4,,,,
852,4,199,0.00003859,3.693604,0.2,0.35,,,,
853,4,200,0.00003859,4.032715,0.05,0.2,,,,
854,4,201,0.00003859,3.509253,0.15,0.3,,,,
855,4,202,0.00003858,4.066992,0.1,0.2,,,,
856,4,203,0.00003858,4.022461,0.05,0.3,,,,
857,4,204,0.00003858,3.750244,0.1,0.35,,,,
858,4,205,0.00003858,4.213574,0,0.15,,,,
859,4,206,0.00003858,3.444531,0.25,0.5,,,,
860,4,207,0.00003857,3.486475,0.2,0.45,,,,
861,4,208,0.00003857,3.49209,0.15,0.5,,,,
862,4,209,0.00003857,4.124316,0.15,0.3,,,,
863,4,210,0.00003857,3.689697,0.2,0.4,,,,
864,4,211,0.00003856,3.880957,0.1,0.4,,,,
865,4,212,0.00003856,4.360547,0,0.2,,,,
866,4,213,0.00003856,4.336133,0.1,0.25,,,,
867,4,214,0.00003856,3.896826,0.05,0.25,,,,
868,4,215,0.00003855,3.340454,0.25,0.5,,,,
869,4,216,0.00003855,3.637646,0.25,0.45,,,,
870,4,217,0.00003855,3.504834,0.2,0.4,,,,
871,4,218,0.00003855,3.571387,0.3,0.35,,,,
872,5,1,0.00003854,3.629907,0.1,0.35,,,,
873,5,2,0.00003854,3.254004,0.15,0.5,,,,
874,5,3,0.00003854,3.595361,0.15,0.5,,,,
875,5,4,0.00003854,3.789551,0.05,0.45,,,,
876,5,5,0.00003853,3.504248,0.2,0.5,,,,
877,5,6,0.00003853,3.510962,0.2,0.55,,,,
878,5,7,0.00003853,3.205444,0.15,0.6,,,,
879,5,8,0.00003853,3.086963,0.15,0.65,,,,
880,5,9,0.00003852,3.797949,0.1,0.5,,,,
881,5,10,0.00003852,3.465381,0.1,0.45,,,,
882,5,11,0.00003852,3.584131,0.15,0.35,,,,
883,5,12,0.00003852,3.257178,0.3,0.55,,,,
884,5,13,0.00003852,3.725586,0.1,0.45,,,,
885,5,14,0.00003851,3.670996,0.15,0.4,,,,
886,5,15,0.00003851,3.856885,0.1,0.45,,,,
887,5,16,0.00003851,3.220264,0.4,0.5,,,,
888,5,17,0.00003851,3.593066,0.2,0.6,,,,
889,5,18,0.0000385,3.429297,0.1,0.55,,,,
890,5,19,0.0000385,3.527686,0.1,0.4,,,,
891,5,20,0.0000385,3.448706,0.2,0.55,,,,
892,5,21,0.0000385,3.560645,0.15,0.4,,,,
893,5,22,0.00003849,3.572363,0.1,0.4,,,,
894,5,23,0.00003849,3.569385,0.1,0.45,,,,
895,5,24,0.00003849,3.045312,0.25,0.6,,,,
896,5,25,0.00003849,3.54707,0.15,0.4,,,,
897,5,26,0.00003848,3.372339,0.2,0.45,,,,
898,5,27,0.00003848,3.664227,0.2,0.4,,,,
899,5,28,0.00003848,3.44585,0.25,0.5,,,,
900,5,29,0.00003848,3.448242,0.25,0.45,,,,
901,5,30,0.00003847,3.081982,0.4,0.6,,,,
902,5,31,0.00003847,3.226416,0.2,0.55,,,,
903,5,32,0.00003847,3.413574,0.15,0.55,,,,
904,5,33,0.00003847,3.398633,0.25,0.35,,,,
905,5,34,0.00003846,3.362012,0.2,0.45,,,,
906,5,35,0.00003846,2.96626,0.4,0.6,,,,
907,5,36,0.00003846,3.491333,0.1,0.5,,,,
908,5,37,0.00003846,3.231396,0.25,0.65,,,,
909,5,38,0.00003845,3.504199,0.05,0.4,,,,
910,5,39,0.00003845,3.72002,0.25,0.35,,,,
911,5,40,0.00003845,3.568573,0.2,0.35,,,,
912,5,41,0.00003845,3.900659,0.1,0.3,,,,
913,5,42,0.00003844,3.381055,0.1,0.5,,,,
914,5,43,0.00003844,3.301221,0.1,0.45,,,,
915,5,44,0.00003844,3.70918,0.3,0.35,,,,
916,5,45,0.00003844,3.21875,0.2,0.4,,,,
917,5,46,0.00003843,2.867847,0.35,0.6,,,,
918,5,47,0.00003843,3.670459,0.1,0.5,,,,
919,5,48,0.00003843,3.799463,0.25,0.45,,,,
920,5,49,0.00003843,3.010937,0.35,0.55,,,,
921,5,50,0.00003842,3.03678,0.3,0.5,,,,
922,5,51,0.00003842,3.129883,0.2,0.7,,,,
923,5,52,0.00003842,2.997974,0.35,0.65,,,,
924,5,53,0.00003842,3.649951,0.1,0.25,,,,
925,5,54,0.00003841,3.473547,0.3,0.4,,,,
926,5,55,0.00003841,3.613519,0.25,0.4,,,,
927,5,56,0.00003841,3.528906,0.3,0.5,,,,
928,5,57,0.00003841,3.231128,0.25,0.6,,,,
929,5,58,0.0000384,4.114478,0.1,0.2,,,,
930,5,59,0.0000384,3.015991,0.35,0.65,,,,
931,5,60,0.0000384,3.124756,0.15,0.45,,,,
932,5,61,0.0000384,3.16189,0.3,0.55,,,,
933,5,62,0.00003839,3.9604,0.2,0.35,,,,
934,5,63,0.00003839,2.747791,0.4,0.7,,,,
935,5,64,0.00003839,3.628808,0.3,0.4,,,,
936,5,65,0.00003839,3.496192,0.15,0.45,,,,
937,5,66,0.00003838,3.55835,0.1,0.3,,,,
938,5,67,0.00003838,2.911243,0.25,0.6,,,,
939,5,68,0.00003838,3.291284,0.25,0.5,,,,
940,5,69,0.00003838,3.867017,0.1,0.4,,,,
941,5,70,0.00003837,3.690381,0.3,0.45,,,,
942,5,71,0.00003837,3.270386,0.25,0.55,,,,
943,5,72,0.00003837,3.095166,0.35,0.55,,,,
944,5,73,0.00003837,3.992774,0.15,0.3,,,,
945,5,74,0.00003836,3.84834,0.1,0.4,,,,
946,5,75,0.00003836,3.19895,0.35,0.55,,,,
947,5,76,0.00003836,3.294336,0.2,0.5,,,,
948,5,77,0.00003836,3.340161,0.25,0.4,,,,
949,5,78,0.00003835,2.666797,0.35,0.7,,,,
950,5,79,0.00003835,3.163391,0.25,0.4,,,,
951,5,80,0.00003835,3.069214,0.25,0.6,,,,
952,5,81,0.00003835,3.288672,0.3,0.45,,,,
953,5,82,0.00003834,3.304932,0.2,0.45,,,,
954,5,83,0.00003834,3.111841,0.35,0.5,,,,
955,5,84,0.00003834,2.9146,0.3,0.55,,,,
956,5,85,0.00003834,2.94707,0.25,0.75,,,,
957,5,86,0.00003833,3.507397,0.15,0.4,,,,
958,5,87,0.00003833,3.120923,0.3,0.6,,,,
959,5,88,0.00003833,3.944336,0.05,0.3,,,,
960,5,89,0.00003833,2.876172,0.2,0.5,,,,
961,5,90,0.00003832,3.084741,0.5,0.6,,,,
962,5,91,0.00003832,3.134509,0.25,0.5,,,,
963,5,92,0.00003832,3.727149,0.15,0.4,,,,
964,5,93,0.00003832,3.157312,0.3,0.5,,,,
965,5,94,0.00003831,2.79176,0.4,0.6,,,,
966,5,95,0.00003831,2.637976,0.35,0.65,,,,
967,5,96,0.00003831,2.615527,0.45,0.7,,,,
968,5,97,0.00003831,3.202734,0.25,0.6,,,,
969,5,98,0.0000383,3.367456,0.3,0.6,,,,
970,5,99,0.0000383,2.610022,0.25,0.65,,,,
971,5,100,0.0000383,3.157446,0.3,0.45,,,,
972,5,101,0.0000383,3.40376,0.3,0.45,,,,
973,5,102,0.00003829,3.461987,0.2,0.55,,,,
974,5,103,0.00003829,3.11333,0.3,0.6,,,,
975,5,104,0.00003829,2.391431,0.3,0.85,,,,
976,5,105,0.00003828,2.856946,0.45,0.55,,,,
977,5,106,0.00003828,2.934473,0.3,0.5,,,,
978,5,107,0.00003828,3.156396,0.3,0.6,,,,
979,5,108,0.00003828,2.934473,0.3,0.6,,,,
980,5,109,0.00003827,3.529248,0.2,0.3,,,,
981,5,110,0.00003827,2.709375,0.3,0.7,,,,
982,5,111,0.00003827,3.155762,0.2,0.6,,,,
983,5,112,0.00003827,2.987402,0.3,0.55,,,,
984,5,113,0.00003826,2.555249,0.5,0.7,,,,
985,5,114,0.00003826,2.839478,0.3,0.6,,,,
986,5,115,0.00003826,3.410864,0.25,0.45,,,,
987,5,116,0.00003826,3.225342,0.2,0.5,,,,
988,5,117,0.00003825,2.854932,0.35,0.6,,,,
989,5,118,0.00003825,3.644433,0.2,0.4,,,,
990,5,119,0.00003825,2.493616,0.4,0.7,,,,
991,5,120,0.00003825,3.198968,0.2,0.45,,,,
992,5,121,0.00003824,3.208935,0.2,0.45,,,,
993,5,122,0.00003824,2.792261,0.25,0.6,,,,
994,5,123,0.00003824,3.324951,0.25,0.5,,,,
995,5,124,0.00003824,2.989282,0.3,0.55,,,,
996,5,125,0.00003823,3.342261,0.3,0.55,,,,
997,5,126,0.00003823,3.276618,0.15,0.6,,,,
998,5,127,0.00003823,3.470825,0.2,0.5,,,,
999,5,128,0.00003822,3.391821,0.3,0.45,,,,
1000,5,129,0.00003822,2.614258,0.45,0.75,,,,
1001,5,130,0.00003822,2.895044,0.25,0.65,,,,
1002,5,131,0.00003822,3.434863,0.3,0.55,,,,
1003,5,132,0.00003821,3.037164,0.4,0.55,,,,
1004,5,133,0.00003821,3.445007,0.2,0.4,,,,
1005,5,134,0.00003821,3.268652,0.25,0.4,,,,
1006,5,135,0.00003821,2.892413,0.4,0.55,,,,
1007,5,136,0.0000382,3.146338,0.2,0.6,,,,
1008,5,137,0.0000382,2.203931,0.35,0.8,,,,
1009,5,138,0.0000382,3.546826,0.2,0.5,,,,
1010,5,139,0.0000382,3.262451,0.25,0.6,,,,
1011,5,140,0.00003819,3.297095,0.2,0.5,,,,
1012,5,141,0.00003819,3.167847,0.35,0.45,,,,
1013,5,142,0.00003819,3.220557,0.25,0.4,,,,
1014,5,143,0.00003819,2.593677,0.5,0.65,,,,
1015,5,144,0.00003818,2.873169,0.3,0.65,,,,
1016,5,145,0.00003818,2.545508,0.35,0.65,,,,
1017,5,146,0.00003818,3.212445,0.2,0.6,,,,
1018,5,147,0.00003817,3.042773,0.3,0.55,,,,
1019,5,148,0.00003817,3.367981,0.2,0.55,,,,
1020,5,149,0.00003817,2.789331,0.25,0.7,,,,
1021,5,150,0.00003817,3.376074,0.3,0.45,,,,
1022,5,151,0.00003816,3.045251,0.35,0.5,,,,
1023,5,152,0.00003816,3.005078,0.25,0.45,,,,
1024,5,153,0.00003816,3.188306,0.25,0.6,,,,
1025,5,154,0.00003816,3.301904,0.3,0.45,,,,
1026,5,155,0.00003815,3.300012,0.25,0.5,,,,
1027,5,156,0.00003815,3.036914,0.3,0.5,,,,
1028,5,157,0.00003815,2.530444,0.55,0.7,,,,
1029,5,158,0.00003815,2.680469,0.35,0.75,,,,
1030,5,159,0.00003814,2.883447,0.35,0.6,,,,
1031,5,160,0.00003814,2.860287,0.3,0.6,,,,
1032,5,161,0.00003814,2.610736,0.35,0.65,,,,
1033,5,162,0.00003813,3.312085,0.35,0.4,,,,
1034,5,163,0.00003813,3.033081,0.25,0.6,,,,
1035,5,164,0.00003813,3.217236,0.25,0.6,,,,
1036,5,165,0.00003813,3.075525,0.25,0.65,,,,
1037,5,166,0.00003812,2.94231,0.2,0.55,,,,
1038,5,167,0.00003812,2.841333,0.25,0.65,,,,
1039,5,168,0.00003812,2.902356,0.3,0.55,,,,
1040,5,169,0.00003812,3.080713,0.4,0.55,,,,
1041,5,170,0.00003811,3.005981,0.25,0.6,,,,
1042,5,171,0.00003811,2.646667,0.4,0.65,,,,
1043,5,172,0.00003811,2.451562,0.5,0.65,,,,
1044,5,173,0.0000381,2.993371,0.35,0.55,,,,
1045,5,174,0.0000381,2.996362,0.2,0.65,,,,
1046,5,175,0.0000381,2.8763,0.35,0.6,,,,
1047,5,176,0.0000381,3.028271,0.35,0.55,,,,
1048,5,177,0.00003809,2.837152,0.3,0.55,,,,
1049,5,178,0.00003809,3.10575,0.2,0.6,,,,
1050,5,179,0.00003809,2.876074,0.15,0.55,,,,
1051,5,180,0.00003809,2.566614,0.5,0.75,,,,
1052,5,181,0.00003808,2.776733,0.3,0.55,,,,
1053,5,182,0.00003808,2.950311,0.4,0.7,,,,
1054,5,183,0.00003808,2.905481,0.4,0.6,,,,
1055,5,184,0.00003807,2.734723,0.25,0.65,,,,
1056,5,185,0.00003807,3.442712,0.35,0.5,,,,
1057,5,186,0.00003807,3.245605,0.3,0.45,,,,
1058,5,187,0.00003807,3.189648,0.15,0.5,,,,
1059,5,188,0.00003806,3.436682,0.3,0.45,,,,
1060,5,189,0.00003806,3.185852,0.35,0.5,,,,
1061,5,190,0.00003806,3.156473,0.3,0.4,,,,
1062,5,191,0.00003806,3.079858,0.3,0.6,,,,
1063,5,192,0.00003805,2.995373,0.3,0.6,,,,
1064,5,193,0.00003805,2.963745,0.25,0.45,,,,
1065,5,194,0.00003805,3.32561,0.25,0.45,,,,
1066,5,195,0.00003804,3.550683,0,0.3,,,,
1067,5,196,0.00003804,3.243896,0.2,0.45,,,,
1068,5,197,0.00003804,3.429394,0.25,0.5,,,,
1069,5,198,0.00003804,3.419824,0.15,0.45,,,,
1070,5,199,0.00003803,2.660999,0.4,0.7,,,,
1071,5,200,0.00003803,2.966773,0.4,0.55,,,,
1072,5,201,0.00003803,2.942889,0.4,0.6,,,,
1073,5,202,0.00003802,2.936151,0.3,0.55,,,,
1074,5,203,0.00003802,2.763916,0.4,0.65,,,,
1075,5,204,0.00003802,3.079932,0.3,0.45,,,,
1076,5,205,0.00003802,3.475806,0.1,0.4,,,,
1077,5,206,0.00003801,2.13523,0.6,0.7,,,,
1078,5,207,0.00003801,2.771313,0.4,0.5,,,,
1079,5,208,0.00003801,2.792847,0.3,0.65,,,,
1080,5,209,0.00003801,2.676733,0.35,0.7,,,,
1081,5,210,0.000038,2.701556,0.5,0.6,,,,
1082,5,211,0.000038,2.874567,0.4,0.55,,,,
1083,5,212,0.000038,2.59292,0.3,0.7,,,,
1084,5,213,0.00003799,2.734143,0.35,0.55,,,,
1085,5,214,0.00003799,2.931262,0.25,0.65,,,,
1086,5,215,0.00003799,3.478891,0.2,0.4,,,,
1087,5,216,0.00003799,2.692493,0.4,0.65,,,,
1088,5,217,0.00003798,3.096741,0.3,0.55,,,,
1089,5,218,0.00003798,3.373559,0.3,0.5,,,,
1090,6,1,0.00003798,2.376251,0.55,0.75,,,,
1091,6,2,0.00003797,2.660181,0.45,0.7,,,,
1092,6,3,0.00003797,2.342139,0.55,0.75,,,,
1093,6,4,0.00003797,3.045215,0.15,0.5,,,,
1094,6,5,0.00003797,3.5302,0.3,0.35,,,,
1095,6,6,0.00003796,1.936401,0.45,0.8,,,,
1096,6,7,0.00003796,2.609326,0.45,0.55,,,,
1097,6,8,0.00003796,3.307904,0.1,0.4,,,,
1098,6,9,0.00003796,2.143054,0.55,0.75,,,,
1099,6,10,0.00003795,2.604492,0.4,0.6,,,,
1100,6,11,0.00003795,2.525406,0.25,0.7,,,,
1101,6,12,0.00003795,2.76925,0.25,0.45,,,,
1102,6,13,0.00003794,2.576196,0.3,0.75,,,,
1103,6,14,0.00003794,3.087012,0.35,0.5,,,,
1104,6,15,0.00003794,2.623084,0.45,0.7,,,,
1105,6,16,0.00003794,2.998559,0.35,0.55,,,,
1106,6,17,0.00003793,3.171289,0.35,0.5,,,,
1107,6,18,0.00003793,3.020532,0.35,0.6,,,,
1108,6,19,0.00003793,1.984216,0.55,0.8,,,,
1109,6,20,0.00003792,3.114648,0.2,0.55,,,,
1110,6,21,0.00003792,3.13772,0.3,0.45,,,,
1111,6,22,0.00003792,2.225791,0.45,0.7,,,,
1112,6,23,0.00003792,2.269531,0.4,0.7,,,,
1113,6,24,0.00003791,2.206189,0.55,0.8,,,,
1114,6,25,0.00003791,3.28045,0.25,0.55,,,,
1115,6,26,0.00003791,2.752478,0.4,0.6,,,,
1116,6,27,0.0000379,2.886865,0.35,0.55,,,,
1117,6,28,0.0000379,2.978613,0.3,0.45,,,,
1118,6,29,0.0000379,2.470145,0.45,0.65,,,,
1119,6,30,0.0000379,2.414111,0.4,0.7,,,,
1120,6,31,0.00003789,2.719238,0.3,0.65,,,,
1121,6,32,0.00003789,2.964087,0.3,0.55,,,,
1122,6,33,0.00003789,2.268649,0.5,0.65,,,,
1123,6,34,0.00003788,2.14198,0.6,0.75,,,,
1124,6,35,0.00003788,2.704187,0.4,0.6,,,,
1125,6,36,0.00003788,2.002405,0.45,0.8,,,,
1126,6,37,0.00003788,2.572461,0.5,0.75,,,,
1127,6,38,0.00003787,2.703247,0.4,0.7,,,,
1128,6,39,0.00003787,3.373132,0.25,0.5,,,,
1129,6,40,0.00003787,2.345013,0.45,0.8,,,,
1130,6,41,0.00003786,1.749728,0.55,0.75,,,,
1131,6,42,0.00003786,2.710217,0.35,0.6,,,,
1132,6,43,0.00003786,3.037494,0.25,0.45,,,,
1133,6,44,0.00003786,2.122717,0.5,0.8,,,,
1134,6,45,0.00003785,2.653137,0.35,0.6,,,,
1135,6,46,0.00003785,2.489111,0.45,0.7,,,,
1136,6,47,0.00003785,2.452527,0.45,0.7,,,,
1137,6,48,0.00003784,2.816748,0.4,0.55,,,,
1138,6,49,0.00003784,2.588477,0.25,0.7,,,,
1139,6,50,0.00003784,2.066003,0.6,0.75,,,,
1140,6,51,0.00003784,2.915649,0.4,0.5,,,,
1141,6,52,0.00003783,2.450928,0.45,0.7,,,,
1142,6,53,0.00003783,2.764099,0.35,0.6,,,,
1143,6,54,0.00003783,3.027564,0.3,0.6,,,,
1144,6,55,0.00003782,2.969617,0.25,0.5,,,,
1145,6,56,0.00003782,2.773731,0.4,0.6,,,,
1146,6,57,0.00003782,2.964661,0.3,0.5,,,,
1147,6,58,0.00003781,2.712882,0.3,0.65,,,,
1148,6,59,0.00003781,2.543634,0.35,0.6,,,,
1149,6,60,0.00003781,2.682227,0.25,0.65,,,,
1150,6,61,0.00003781,2.557397,0.35,0.75,,,,
1151,6,62,0.0000378,2.633423,0.25,0.7,,,,
1152,6,63,0.0000378,3.095605,0.25,0.6,,,,
1153,6,64,0.0000378,3.0578,0.4,0.6,,,,
1154,6,65,0.00003779,2.306983,0.45,0.7,,,,
1155,6,66,0.00003779,2.759815,0.5,0.5,,,,
1156,6,67,0.00003779,2.377051,0.25,0.7,,,,
1157,6,68,0.00003779,2.294092,0.5,0.75,,,,
1158,6,69,0.00003778,2.713477,0.3,0.7,,,,
1159,6,70,0.00003778,2.535718,0.4,0.7,,,,
1160,6,71,0.00003778,2.156055,0.45,0.8,,,,
1161,6,72,0.00003777,2.662573,0.3,0.7,,,,
1162,6,73,0.00003777,2.57666,0.45,0.6,,,,
1163,6,74,0.00003777,2.727966,0.35,0.55,,,,
1164,6,75,0.00003777,2.47113,0.3,0.75,,,,
1165,6,76,0.00003776,2.607211,0.4,0.65,,,,
1166,6,77,0.00003776,2.554938,0.4,0.65,,,,
1167,6,78,0.00003776,3.12406,0.15,0.45,,,,
1168,6,79,0.00003775,2.428394,0.45,0.6,,,,
1169,6,80,0.00003775,2.378711,0.45,0.7,,,,
1170,6,81,0.00003775,2.808545,0.45,0.65,,,,
1171,6,82,0.00003774,2.2453,0.4,0.75,,,,
1172,6,83,0.00003774,2.641357,0.35,0.6,,,,
1173,6,84,0.00003774,2.331043,0.25,0.65,,,,
1174,6,85,0.00003774,2.355737,0.45,0.8,,,,
1175,6,86,0.00003773,2.24165,0.45,0.7,,,,
1176,6,87,0.00003773,2.562213,0.35,0.6,,,,
1177,6,88,0.00003773,2.476907,0.45,0.55,,,,
1178,6,89,0.00003772,2.995709,0.2,0.65,,,,
1179,6,90,0.00003772,2.284522,0.4,0.75,,,,
1180,6,91,0.00003772,2.446851,0.35,0.7,,,,
1181,6,92,0.00003772,2.311383,0.55,0.7,,,,
1182,6,93,0.00003771,2.758386,0.4,0.55,,,,
1183,6,94,0.00003771,2.676062,0.45,0.7,,,,
1184,6,95,0.00003771,2.81261,0.4,0.45,,,,
1185,6,96,0.0000377,2.868463,0.3,0.5,,,,
1186,6,97,0.0000377,2.527917,0.45,0.65,,,,
1187,6,98,0.0000377,2.586768,0.4,0.65,,,,
1188,6,99,0.00003769,2.9698,0.3,0.6,,,,
1189,6,100,0.00003769,2.035248,0.55,0.8,,,,
1190,6,101,0.00003769,2.8698,0.3,0.65,,,,
1191,6,102,0.00003769,3.004773,0.25,0.5,,,,
1192,6,103,0.00003768,2.009888,0.45,0.75,,,,
1193,6,104,0.00003768,2.399121,0.5,0.8,,,,
1194,6,105,0.00003768,2.208475,0.55,0.8,,,,
1195,6,106,0.00003767,2.574423,0.45,0.65,,,,
1196,6,107,0.00003767,3.096826,0.3,0.55,,,,
1197,6,108,0.00003767,3.29043,0.25,0.5,,,,
1198,6,109,0.00003766,2.363165,0.45,0.75,,,,
1199,6,110,0.00003766,2.458032,0.35,0.55,,,,
1200,6,111,0.00003766,2.416174,0.6,0.6,,,,
1201,6,112,0.00003766,2.242804,0.5,0.6,,,,
1202,6,113,0.00003765,2.936408,0.45,0.5,,,,
1203,6,114,0.00003765,1.971637,0.6,0.75,,,,
1204,6,115,0.00003765,2.769629,0.35,0.65,,,,
1205,6,116,0.00003764,2.324725,0.4,0.75,,,,
1206,6,117,0.00003764,2.500183,0.45,0.65,,,,
1207,6,118,0.00003764,2.694238,0.35,0.65,,,,
1208,6,119,0.00003763,2.835559,0.35,0.65,,,,
1209,6,120,0.00003763,1.925873,0.55,0.75,,,,
1210,6,121,0.00003763,2.759015,0.3,0.65,,,,
1211,6,122,0.00003763,1.957147,0.4,0.8,,,,
1212,6,123,0.00003762,3.177759,0.3,0.5,,,,
1213,6,124,0.00003762,2.30683,0.55,0.65,,,,
1214,6,125,0.00003762,2.857605,0.4,0.6,,,,
1215,6,126,0.00003761,1.878473,0.65,0.7,,,,
1216,6,127,0.00003761,1.713928,0.75,0.85,,,,
1217,6,128,0.00003761,2.475732,0.4,0.75,,,,
1218,6,129,0.0000376,2.74751,0.25,0.6,,,,
1219,6,130,0.0000376,2.597894,0.4,0.6,,,,
1220,6,131,0.0000376,2.027832,0.65,0.75,,,,
1221,6,132,0.00003759,2.636487,0.25,0.6,,,,
1222,6,133,0.00003759,2.93501,0.2,0.6,,,,
1223,6,134,0.00003759,2.200317,0.45,0.75,,,,
1224,6,135,0.00003759,2.345227,0.45,0.65,,,,
1225,6,136,0.00003758,2.086896,0.45,0.65,,,,
1226,6,137,0.00003758,2.118823,0.5,0.75,,,,
1227,6,138,0.00003758,2.231787,0.5,0.85,,,,
1228,6,139,0.00003757,3.525928,0.3,0.5,,,,
1229,6,140,0.00003757,3.214069,0.3,0.55,,,,
1230,6,141,0.00003757,2.930457,0.2,0.55,,,,
1231,6,142,0.00003756,3.308325,0.3,0.5,,,,
1232,6,143,0.00003756,2.794019,0.4,0.6,,,,
1233,6,144,0.00003756,2.78316,0.4,0.6,,,,
1234,6,145,0.00003756,2.741333,0.45,0.6,,,,
1235,6,146,0.00003755,2.325732,0.5,0.65,,,,
1236,6,147,0.00003755,2.739157,0.4,0.7,,,,
1237,6,148,0.00003755,2.430255,0.45,0.6,,,,
1238,6,149,0.00003754,2.445166,0.4,0.7,,,,
1239,6,150,0.00003754,2.505151,0.5,0.6,,,,
1240,6,151,0.00003754,2.218005,0.35,0.8,,,,
1241,6,152,0.00003753,3.341992,0.25,0.6,,,,
1242,6,153,0.00003753,2.296765,0.35,0.6,,,,
1243,6,154,0.00003753,2.807098,0.3,0.6,,,,
1244,6,155,0.00003752,2.609546,0.25,0.65,,,,
1245,6,156,0.00003752,2.187488,0.5,0.7,,,,
1246,6,157,0.00003752,2.646533,0.25,0.7,,,,
1247,6,158,0.00003752,2.689496,0.25,0.7,,,,
1248,6,159,0.00003751,2.544226,0.3,0.75,,,,
1249,6,160,0.00003751,2.763641,0.4,0.55,,,,
1250,6,161,0.00003751,2.484992,0.45,0.6,,,,
1251,6,162,0.0000375,2.452911,0.35,0.65,,,,
1252,6,163,0.0000375,2.275928,0.45,0.75,,,,
1253,6,164,0.0000375,2.553455,0.45,0.7,,,,
1254,6,165,0.00003749,1.668414,0.55,0.85,,,,
1255,6,166,0.00003749,1.861025,0.4,0.9,,,,
1256,6,167,0.00003749,2.354468,0.4,0.7,,,,
1257,6,168,0.00003748,2.271149,0.5,0.7,,,,
1258,6,169,0.00003748,2.741211,0.3,0.65,,,,
1259,6,170,0.00003748,2.334375,0.5,0.65,,,,
1260,6,171,0.00003748,3.116004,0.25,0.5,,,,
1261,6,172,0.00003747,2.972144,0.35,0.6,,,,
1262,6,173,0.00003747,2.479626,0.25,0.75,,,,
1263,6,174,0.00003747,2.508447,0.4,0.75,,,,
1264,6,175,0.00003746,2.426147,0.5,0.55,,,,
1265,6,176,0.00003746,2.705371,0.4,0.7,,,,
1266,6,177,0.00003746,2.2427,0.5,0.7,,,,
1267,6,178,0.00003745,2.880127,0.35,0.5,,,,
1268,6,179,0.00003745,2.604785,0.35,0.6,,,,
1269,6,180,0.00003745,1.964319,0.5,0.9,,,,
1270,6,181,0.00003744,2.044959,0.45,0.9,,,,
1271,6,182,0.00003744,2.470674,0.45,0.75,,,,
1272,6,183,0.00003744,2.207257,0.45,0.7,,,,
1273,6,184,0.00003743,2.590309,0.35,0.7,,,,
1274,6,185,0.00003743,3.070068,0.35,0.55,,,,
1275,6,186,0.00003743,2.574411,0.45,0.6,,,,
1276,6,187,0.00003743,2.455957,0.4,0.7,,,,
1277,6,188,0.00003742,1.862707,0.65,0.8,,,,
1278,6,189,0.00003742,2.246188,0.45,0.75,,,,
1279,6,190,0.00003742,2.644891,0.35,0.65,,,,
1280,6,191,0.00003741,3.030603,0.25,0.6,,,,
1281,6,192,0.00003741,2.475,0.35,0.65,,,,
1282,6,193,0.00003741,2.539453,0.35,0.8,,,,
1283,6,194,0.0000374,2.833668,0.4,0.65,,,,
1284,6,195,0.0000374,2.262912,0.45,0.7,,,,
1285,6,196,0.0000374,2.606403,0.35,0.5,,,,
1286,6,197,0.00003739,2.521582,0.45,0.7,,,,
1287,6,198,0.00003739,2.506458,0.45,0.6,,,,
1288,6,199,0.00003739,2.720477,0.4,0.65,,,,
1289,6,200,0.00003738,2.641022,0.4,0.65,,,,
1290,6,201,0.00003738,2.708128,0.4,0.65,,,,
1291,6,202,0.00003738,2.004691,0.5,0.8,,,,
1292,6,203,0.00003737,2.10564,0.5,0.75,,,,
1293,6,204,0.00003737,2.629693,0.4,0.65,,,,
1294,6,205,0.00003737,2.573233,0.45,0.65,,,,
1295,6,206,0.00003737,2.646753,0.4,0.6,,,,
1296,6,207,0.00003736,1.964542,0.45,0.85,,,,
1297,6,208,0.00003736,2.471942,0.45,0.55,,,,
1298,6,209,0.00003736,1.726923,0.5,0.9,,,,
1299,6,210,0.00003735,2.187427,0.6,0.85,,,,
1300,6,211,0.00003735,2.232788,0.45,0.75,,,,
1301,6,212,0.00003735,3.053177,0.25,0.55,,,,
1302,6,213,0.00003734,2.544959,0.35,0.65,,,,
1303,6,214,0.00003734,2.432819,0.45,0.6,,,,
1304,6,215,0.00003734,2.247302,0.55,0.75,,,,
1305,6,216,0.00003733,2.074245,0.45,0.75,,,,
1306,6,217,0.00003733,1.938116,0.4,0.8,,,,
1307,6,218,0.00003733,2.470428,0.4,0.65,,,,
1308,7,1,0.00003732,2.254538,0.55,0.6,,,,
1309,7,2,0.00003732,1.84209,0.65,0.8,,,,
1310,7,3,0.00003732,2.603687,0.4,0.65,,,,
1311,7,4,0.00003731,1.929773,0.55,0.75,,,,
1312,7,5,0.00003731,1.716311,0.6,0.7,,,,
1313,7,6,0.00003731,3.125891,0.3,0.45,,,,
1314,7,7,0.0000373,2.317047,0.35,0.7,,,,
1315,7,8,0.0000373,1.881445,0.55,0.8,,,,
1316,7,9,0.0000373,2.414661,0.6,0.7,,,,
1317,7,10,0.00003729,1.929317,0.6,0.85,,,,
1318,7,11,0.00003729,1.820908,0.55,0.85,,,,
1319,7,12,0.00003729,2.576898,0.45,0.65,,,,
1320,7,13,0.00003729,1.798671,0.65,0.75,,,,
1321,7,14,0.00003728,2.483789,0.4,0.7,,,,
1322,7,15,0.00003728,2.902954,0.4,0.6,,,,
1323,7,16,0.00003728,2.379224,0.4,0.75,,,,
1324,7,17,0.00003727,2.991492,0.4,0.45,,,,
1325,7,18,0.00003727,2.478241,0.35,0.65,,,,
1326,7,19,0.00003727,1.881213,0.5,0.85,,,,
1327,7,20,0.00003726,1.830872,0.6,0.8,,,,
1328,7,21,0.00003726,1.741541,0.65,0.9,,,,
1329,7,22,0.00003726,1.854654,0.6,0.85,,,,
1330,7,23,0.00003725,1.753479,0.55,0.75,,,,
1331,7,24,0.00003725,2.536362,0.4,0.6,,,,
1332,7,25,0.00003725,2.349425,0.45,0.65,,,,
1333,7,26,0.00003724,1.485208,0.7,0.8,,,,
1334,7,27,0.00003724,2.198035,0.55,0.65,,,,
1335,7,28,0.00003724,2.155652,0.45,0.7,,,,
1336,7,29,0.00003723,1.933447,0.5,0.75,,,,
1337,7,30,0.00003723,1.917261,0.6,0.65,,,,
1338,7,31,0.00003723,1.798033,0.5,0.8,,,,
1339,7,32,0.00003722,2.361981,0.6,0.65,,,,
1340,7,33,0.00003722,3.325989,0.35,0.4,,,,
1341,7,34,0.00003722,2.147372,0.55,0.65,,,,
1342,7,35,0.00003721,1.348938,0.75,0.85,,,,
1343,7,36,0.00003721,2.168817,0.45,0.7,,,,
1344,7,37,0.00003721,2.490845,0.4,0.65,,,,
1345,7,38,0.0000372,2.56239,0.5,0.65,,,,
1346,7,39,0.0000372,2.015744,0.6,0.7,,,,
1347,7,40,0.0000372,1.547964,0.65,0.9,,,,
1348,7,41,0.00003719,1.801538,0.55,0.85,,,,
1349,7,42,0.00003719,1.968414,0.5,0.7,,,,
1350,7,43,0.00003719,2.583106,0.45,0.65,,,,
1351,7,44,0.00003718,2.612161,0.4,0.6,,,,
1352,7,45,0.00003718,2.123508,0.35,0.8,,,,
1353,7,46,0.00003718,2.67905,0.5,0.6,,,,
1354,7,47,0.00003717,2.471887,0.4,0.7,,,,
1355,7,48,0.00003717,2.24303,0.45,0.75,,,,
1356,7,49,0.00003717,2.595081,0.35,0.6,,,,
1357,7,50,0.00003717,1.561534,0.55,0.8,,,,
1358,7,51,0.00003716,2.131833,0.5,0.65,,,,
1359,7,52,0.00003716,2.145206,0.45,0.65,,,,
1360,7,53,0.00003716,2.503662,0.4,0.65,,,,
1361,7,54,0.00003715,2.161432,0.55,0.75,,,,
1362,7,55,0.00003715,2.643744,0.4,0.6,,,,
1363,7,56,0.00003715,1.904009,0.55,0.8,,,,
1364,7,57,0.00003714,2.04371,0.55,0.75,,,,
1365,7,58,0.00003714,2.512036,0.45,0.7,,,,
1366,7,59,0.00003714,1.701202,0.6,0.75,,,,
1367,7,60,0.00003713,2.029016,0.6,0.7,,,,
1368,7,61,0.00003713,2.259955,0.5,0.7,,,,
1369,7,62,0.00003713,2.242398,0.45,0.6,,,,
1370,7,63,0.00003712,2.553906,0.4,0.7,,,,
1371,7,64,0.00003712,2.241748,0.55,0.65,,,,
1372,7,65,0.00003712,3.199536,0.35,0.4,,,,
1373,7,66,0.00003711,1.937514,0.55,0.75,,,,
1374,7,67,0.00003711,2.292972,0.45,0.65,,,,
1375,7,68,0.00003711,2.28598,0.4,0.75,,,,
1376,7,69,0.0000371,2.23017,0.5,0.75,,,,
1377,7,70,0.0000371,2.159213,0.55,0.65,,,,
1378,7,71,0.0000371,2.637573,0.45,0.7,,,,
1379,7,72,0.00003709,2.172504,0.45,0.65,,,,
1380,7,73,0.00003709,2.627472,0.35,0.7,,,,
1381,7,74,0.00003709,2.815851,0.45,0.55,,,,
1382,7,75,0.00003708,1.839267,0.6,0.8,,,,
1383,7,76,0.00003708,2.155548,0.6,0.7,,,,
1384,7,77,0.00003708,1.585071,0.6,0.85,,,,
1385,7,78,0.00003707,1.72421,0.55,0.9,,,,
1386,7,79,0.00003707,1.983227,0.4,0.9,,,,
1387,7,80,0.00003707,2.998517,0.4,0.5,,,,
1388,7,81,0.00003706,2.142859,0.55,0.75,,,,
1389,7,82,0.00003706,2.244913,0.55,0.65,,,,
1390,7,83,0.00003706,1.722668,0.7,0.85,,,,
1391,7,84,0.00003705,2.404871,0.45,0.65,,,,
1392,7,85,0.00003705,2.433429,0.5,0.65,,,,
1393,7,86,0.00003705,2.313379,0.5,0.65,,,,
1394,7,87,0.00003704,1.187567,0.8,1,,,,
1395,7,88,0.00003704,2.356189,0.45,0.75,,,,
1396,7,89,0.00003704,2.194498,0.45,0.8,,,,
1397,7,90,0.00003703,2.120483,0.45,0.75,,,,
1398,7,91,0.00003703,1.941791,0.6,0.8,,,,
1399,7,92,0.00003703,2.782556,0.4,0.55,,,,
1400,7,93,0.00003702,2.405855,0.4,0.65,,,,
1401,7,94,0.00003702,1.83631,0.6,0.7,,,,
1402,7,95,0.00003702,2.850903,0.35,0.6,,,,
1403,7,96,0.00003701,1.930499,0.45,0.85,,,,
1404,7,97,0.00003701,1.972562,0.65,0.75,,,,
1405,7,98,0.00003701,1.865796,0.65,0.75,,,,
1406,7,99,0.000037,2.647768,0.4,0.6,,,,
1407,7,100,0.000037,1.907227,0.65,0.8,,,,
1408,7,101,0.000037,1.810854,0.55,0.8,,,,
1409,7,102,0.00003699,2.258295,0.5,0.65,,,,
1410,7,103,0.00003699,2.252608,0.55,0.65,,,,
1411,7,104,0.00003699,2.461816,0.4,0.55,,,,
1412,7,105,0.00003698,1.873204,0.65,0.75,,,,
1413,7,106,0.00003698,2.189429,0.5,0.65,,,,
1414,7,107,0.00003698,2.221539,0.55,0.8,,,,
1415,7,108,0.00003697,3.052115,0.3,0.35,,,,
1416,7,109,0.00003697,1.981445,0.6,0.65,,,,
1417,7,110,0.00003697,2.073492,0.45,0.75,,,,
1418,7,111,0.00003696,1.884027,0.6,0.8,,,,
1419,7,112,0.00003696,2.138318,0.45,0.75,,,,
1420,7,113,0.00003695,2.45054,0.5,0.7,,,,
1421,7,114,0.00003695,2.791141,0.3,0.6,,,,
1422,7,115,0.00003695,2.424231,0.5,0.65,,,,
1423,7,116,0.00003694,1.989548,0.6,0.7,,,,
1424,7,117,0.00003694,2.575906,0.4,0.65,,,,
1425,7,118,0.00003694,1.703845,0.6,0.95,,,,
1426,7,119,0.00003693,2.382549,0.55,0.65,,,,
1427,7,120,0.00003693,1.926142,0.6,0.7,,,,
1428,7,121,0.00003693,1.753815,0.55,0.8,,,,
1429,7,122,0.00003692,2.2203,0.4,0.8,,,,
1430,7,123,0.00003692,2.370941,0.6,0.65,,,,
1431,7,124,0.00003692,2.206958,0.45,0.7,,,,
1432,7,125,0.00003691,2.388348,0.5,0.65,,,,
1433,7,126,0.00003691,2.520523,0.4,0.7,,,,
1434,7,127,0.00003691,2.34621,0.5,0.7,,,,
1435,7,128,0.0000369,2.046503,0.55,0.7,,,,
1436,7,129,0.0000369,2.28941,0.5,0.65,,,,
1437,7,130,0.0000369,2.762747,0.35,0.6,,,,
1438,7,131,0.00003689,2.242816,0.45,0.75,,,,
1439,7,132,0.00003689,2.093541,0.65,0.7,,,,
1440,7,133,0.00003689,1.989545,0.55,0.8,,,,
1441,7,134,0.00003688,3.138184,0.3,0.65,,,,
1442,7,135,0.00003688,1.969568,0.45,0.8,,,,
1443,7,136,0.00003688,1.486157,0.6,0.8,,,,
1444,7,137,0.00003687,2.339194,0.5,0.65,,,,
1445,7,138,0.00003687,1.536334,0.65,0.85,,,,
1446,7,139,0.00003687,2.144238,0.5,0.7,,,,
1447,7,140,0.00003686,2.304437,0.45,0.65,,,,
1448,7,141,0.00003686,2.687079,0.35,0.65,,,,
1449,7,142,0.00003686,1.798618,0.5,0.8,,,,
1450,7,143,0.00003685,2.153461,0.4,0.65,,,,
1451,7,144,0.00003685,2.595117,0.45,0.55,,,,
1452,7,145,0.00003685,2.213502,0.4,0.65,,,,
1453,7,146,0.00003684,2.009961,0.5,0.65,,,,
1454,7,147,0.00003684,2.686493,0.4,0.5,,,,
1455,7,148,0.00003684,1.92359,0.6,0.75,,,,
1456,7,149,0.00003683,2.518543,0.4,0.6,,,,
1457,7,150,0.00003683,2.033829,0.55,0.75,,,,
1458,7,151,0.00003682,2.559473,0.35,0.6,,,,
1459,7,152,0.00003682,2.493295,0.5,0.7,,,,
1460,7,153,0.00003682,2.121442,0.45,0.8,,,,
1461,7,154,0.00003681,2.250766,0.5,0.7,,,,
1462,7,155,0.00003681,2.596838,0.5,0.65,,,,
1463,7,156,0.00003681,1.590891,0.55,0.75,,,,
1464,7,157,0.0000368,1.997725,0.55,0.7,,,,
1465,7,158,0.0000368,1.799005,0.65,0.75,,,,
1466,7,159,0.0000368,2.973134,0.25,0.55,,,,
1467,7,160,0.00003679,2.616734,0.45,0.55,,,,
1468,7,161,0.00003679,1.967102,0.55,0.65,,,,
1469,7,162,0.00003679,1.94655,0.55,0.8,,,,
1470,7,163,0.00003678,2.701929,0.15,0.75,,,,
1471,7,164,0.00003678,2.681308,0.4,0.6,,,,
1472,7,165,0.00003678,2.836913,0.35,0.55,,,,
1473,7,166,0.00003677,2.12258,0.5,0.75,,,,
1474,7,167,0.00003677,2.269002,0.4,0.75,,,,
1475,7,168,0.00003677,2.058978,0.6,0.75,,,,
1476,7,169,0.00003676,2.936072,0.4,0.45,,,,
1477,7,170,0.00003676,2.297769,0.45,0.75,,,,
1478,7,171,0.00003676,2.157072,0.45,0.75,,,,
1479,7,172,0.00003675,2.233624,0.5,0.7,,,,
1480,7,173,0.00003675,2.801294,0.25,0.5,,,,
1481,7,174,0.00003674,2.388321,0.5,0.7,,,,
1482,7,175,0.00003674,1.882852,0.6,0.75,,,,
1483,7,176,0.00003674,2.423682,0.35,0.75,,,,
1484,7,177,0.00003673,2.160599,0.5,0.75,,,,
1485,7,178,0.00003673,1.901929,0.5,0.8,,,,
1486,7,179,0.00003673,2.206336,0.3,0.85,,,,
1487,7,180,0.00003672,2.026462,0.55,0.75,,,,
1488,7,181,0.00003672,1.649411,0.65,0.75,,,,
1489,7,182,0.00003672,1.980814,0.6,0.8,,,,
1490,7,183,0.00003671,2.234636,0.5,0.8,,,,
1491,7,184,0.00003671,2.344287,0.45,0.7,,,,
1492,7,185,0.00003671,1.893855,0.6,0.7,,,,
1493,7,186,0.0000367,2.074036,0.5,0.75,,,,
1494,7,187,0.0000367,2.465527,0.4,0.6,,,,
1495,7,188,0.0000367,1.667236,0.6,0.85,,,,
1496,7,189,0.00003669,2.656128,0.5,0.6,,,,
1497,7,190,0.00003669,1.594794,0.65,0.8,,,,
1498,7,191,0.00003669,2.901086,0.35,0.55,,,,
1499,7,192,0.00003668,1.761536,0.65,0.75,,,,
1500,7,193,0.00003668,2.001224,0.55,0.75,,,,
1501,7,194,0.00003667,1.869971,0.6,0.75,,,,
1502,7,195,0.00003667,2.182602,0.5,0.7,,,,
1503,7,196,0.00003667,2.654907,0.35,0.7,,,,
1504,7,197,0.00003666,2.375708,0.35,0.8,,,,
1505,7,198,0.00003666,2.102084,0.55,0.75,,,,
1506,7,199,0.00003666,2.122283,0.55,0.7,,,,
1507,7,200,0.00003665,1.938228,0.6,0.7,,,,
1508,7,201,0.00003665,2.687512,0.5,0.6,,,,
1509,7,202,0.00003665,2.280914,0.45,0.7,,,,
1510,7,203,0.00003664,1.653899,0.6,0.85,,,,
1511,7,204,0.00003664,2.034335,0.55,0.7,,,,
1512,7,205,0.00003664,2.316463,0.6,0.7,,,,
1513,7,206,0.00003663,2.208984,0.65,0.65,,,,
1514,7,207,0.00003663,1.787005,0.7,0.8,,,,
1515,7,208,0.00003662,1.778778,0.65,0.75,,,,
1516,7,209,0.00003662,1.97309,0.6,0.75,,,,
1517,7,210,0.00003662,2.695813,0.35,0.65,,,,
1518,7,211,0.00003661,1.949768,0.4,0.75,,,,
1519,7,212,0.00003661,1.877331,0.6,0.8,,,,
1520,7,213,0.00003661,1.729913,0.7,0.8,,,,
1521,7,214,0.0000366,1.558856,0.75,0.85,,,,
1522,7,215,0.0000366,1.724667,0.65,0.7,,,,
1523,7,216,0.0000366,2.72987,0.3,0.75,,,,
1524,7,217,0.00003659,2.329501,0.4,0.65,,,,
1525,7,218,0.00003659,1.918668,0.5,0.75,,,,
1526,8,1,0.00003659,1.388983,0.65,0.85,,,,
1527,8,2,0.00003658,1.669418,0.6,0.75,,,,
1528,8,3,0.00003658,1.570055,0.75,0.8,,,,
1529,8,4,0.00003658,1.531302,0.6,0.9,,,,
1530,8,5,0.00003657,1.81261,0.55,0.8,,,,
1531,8,6,0.00003657,1.698465,0.55,0.7,,,,
1532,8,7,0.00003656,1.368362,0.75,0.8,,,,
1533,8,8,0.00003656,1.240759,0.65,0.9,,,,
1534,8,9,0.00003656,1.647075,0.65,0.85,,,,
1535,8,10,0.00003655,1.759323,0.55,0.8,,,,
1536,8,11,0.00003655,1.581556,0.5,0.9,,,,
1537,8,12,0.00003655,1.845749,0.6,0.75,,,,
1538,8,13,0.00003654,1.804266,0.65,0.8,,,,
1539,8,14,0.00003654,1.943964,0.6,0.75,,,,
1540,8,15,0.00003654,0.927438,0.8,0.9,,,,
1541,8,16,0.00003653,2.057825,0.55,0.75,,,,
1542,8,17,0.00003653,1.768805,0.55,0.8,,,,
1543,8,18,0.00003652,2.158283,0.45,0.75,,,,
1544,8,19,0.00003652,1.501144,0.6,0.85,,,,
1545,8,20,0.00003652,1.738577,0.5,0.85,,,,
1546,8,21,0.00003651,1.318346,0.7,0.85,,,,
1547,8,22,0.00003651,1.719565,0.45,0.75,,,,
1548,8,23,0.00003651,0.990955,0.8,0.95,,,,
1549,8,24,0.0000365,2.332076,0.55,0.7,,,,
1550,8,25,0.0000365,1.226224,0.75,0.9,,,,
1551,8,26,0.0000365,1.861288,0.65,0.75,,,,
1552,8,27,0.00003649,1.938733,0.65,0.7,,,,
1553,8,28,0.00003649,1.077109,0.75,0.9,,,,
1554,8,29,0.00003649,1.812579,0.6,0.75,,,,
1555,8,30,0.00003648,1.392279,0.7,0.85,,,,
1556,8,31,0.00003648,1.144122,0.65,0.9,,,,
1557,8,32,0.00003647,0.934666,0.9,0.9,,,,
1558,8,33,0.00003647,1.426163,0.6,0.85,,,,
1559,8,34,0.00003647,1.809044,0.55,0.7,,,,
1560,8,35,0.00003646,1.661734,0.65,0.85,,,,
1561,8,36,0.00003646,1.169691,0.75,0.9,,,,
1562,8,37,0.00003646,1.701324,0.6,0.75,,,,
1563,8,38,0.00003645,2.284595,0.35,0.7,,,,
1564,8,39,0.00003645,2.333232,0.45,0.7,,,,
1565,8,40,0.00003645,1.618141,0.6,0.85,,,,
1566,8,41,0.00003644,1.113519,0.75,0.95,,,,
1567,8,42,0.00003644,1.275116,0.7,0.9,,,,
1568,8,43,0.00003643,2.007631,0.65,0.7,,,,
1569,8,44,0.00003643,1.308276,0.7,0.85,,,,
1570,8,45,0.00003643,1.104324,0.8,0.85,,,,
1571,8,46,0.00003642,1.682092,0.6,0.8,,,,
1572,8,47,0.00003642,1.067812,0.75,0.95,,,,
1573,8,48,0.00003642,1.745227,0.55,0.8,,,,
1574,8,49,0.00003641,2.536057,0.45,0.6,,,,
1575,8,50,0.00003641,1.271021,0.75,0.85,,,,
1576,8,51,0.00003641,1.037563,0.7,0.9,,,,
1577,8,52,0.0000364,1.243312,0.8,0.95,,,,
1578,8,53,0.0000364,1.385657,0.6,0.85,,,,
1579,8,54,0.00003639,1.623978,0.5,0.85,,,,
1580,8,55,0.00003639,2.114229,0.5,0.65,,,,
1581,8,56,0.00003639,1.911642,0.6,0.65,,,,
1582,8,57,0.00003638,1.500386,0.7,0.85,,,,
1583,8,58,0.00003638,1.675876,0.65,0.75,,,,
1584,8,59,0.00003638,1.906783,0.5,0.85,,,,
1585,8,60,0.00003637,1.107658,0.8,0.9,,,,
1586,8,61,0.00003637,1.725763,0.65,0.85,,,,
1587,8,62,0.00003636,1.183601,0.75,0.85,,,,
1588,8,63,0.00003636,1.420763,0.65,0.85,,,,
1589,8,64,0.00003636,2.105499,0.5,0.7,,,,
1590,8,65,0.00003635,1.701672,0.75,0.8,,,,
1591,8,66,0.00003635,1.402838,0.75,0.75,,,,
1592,8,67,0.00003635,1.86925,0.55,0.75,,,,
1593,8,68,0.00003634,1.216971,0.65,0.95,,,,
1594,8,69,0.00003634,1.469934,0.7,0.8,,,,
1595,8,70,0.00003634,1.650433,0.55,0.8,,,,
1596,8,71,0.00003633,1.439093,0.7,0.8,,,,
1597,8,72,0.00003633,1.31555,0.65,0.8,,,,
1598,8,73,0.00003632,1.222649,0.75,0.8,,,,
1599,8,74,0.00003632,1.246628,0.75,0.85,,,,
1600,8,75,0.00003632,1.528217,0.7,0.8,,,,
1601,8,76,0.00003631,1.710895,0.55,0.85,,,,
1602,8,77,0.00003631,1.587316,0.55,0.85,,,,
1603,8,78,0.00003631,0.92036,0.8,0.95,,,,
1604,8,79,0.0000363,1.412021,0.75,0.85,,,,
1605,8,80,0.0000363,1.97937,0.5,0.75,,,,
1606,8,81,0.00003629,1.369112,0.7,0.8,,,,
1607,8,82,0.00003629,1.528618,0.6,0.75,,,,
1608,8,83,0.00003629,0.95687,0.8,0.9,,,,
1609,8,84,0.00003628,1.413583,0.65,0.85,,,,
1610,8,85,0.00003628,1.533562,0.75,0.75,,,,
1611,8,86,0.00003628,0.983002,0.75,0.85,,,,
1612,8,87,0.00003627,1.086578,0.75,0.9,,,,
1613,8,88,0.00003627,1.396472,0.65,0.8,,,,
1614,8,89,0.00003626,1.424849,0.5,1,,,,
1615,8,90,0.00003626,1.049738,0.85,0.9,,,,
1616,8,91,0.00003626,1.138076,0.75,0.9,,,,
1617,8,92,0.00003625,1.513969,0.55,0.8,,,,
1618,8,93,0.00003625,1.505023,0.7,0.85,,,,
1619,8,94,0.00003625,1.66626,0.55,0.75,,,,
1620,8,95,0.00003624,1.406583,0.6,0.85,,,,
1621,8,96,0.00003624,1.078333,0.7,0.8,,,,
1622,8,97,0.00003624,1.408555,0.7,0.8,,,,
1623,8,98,0.00003623,1.385628,0.65,0.85,,,,
1624,8,99,0.00003623,1.789932,0.6,0.75,,,,
1625,8,100,0.00003622,1.871231,0.45,0.8,,,,
1626,8,101,0.00003622,1.651935,0.5,0.85,,,,
1627,8,102,0.00003622,2.326953,0.35,0.8,,,,
1628,8,103,0.00003621,0.890917,0.7,0.95,,,,
1629,8,104,0.00003621,1.540585,0.7,0.8,,,,
1630,8,105,0.00003621,1.369931,0.8,0.85,,,,
1631,8,106,0.0000362,1.690541,0.55,0.75,,,,
1632,8,107,0.0000362,1.099951,0.7,0.85,,,,
1633,8,108,0.00003619,1.619865,0.55,0.8,,,,
1634,8,109,0.00003619,1.333582,0.7,0.95,,,,
1635,8,110,0.00003619,1.430577,0.6,0.9,,,,
1636,8,111,0.00003618,1.453403,0.6,0.8,,,,
1637,8,112,0.00003618,1.631564,0.65,0.8,,,,
1638,8,113,0.00003618,2.052521,0.55,0.6,,,,
1639,8,114,0.00003617,1.960577,0.7,0.7,,,,
1640,8,115,0.00003617,0.96918,0.85,0.9,,,,
1641,8,116,0.00003616,1.536234,0.55,0.9,,,,
1642,8,117,0.00003616,1.302996,0.7,0.85,,,,
1643,8,118,0.00003616,1.240045,0.7,0.85,,,,
1644,8,119,0.00003615,1.700327,0.6,0.8,,,,
1645,8,120,0.00003615,1.458398,0.55,0.85,,,,
1646,8,121,0.00003614,2.053987,0.5,0.75,,,,
1647,8,122,0.00003614,1.259503,0.8,0.85,,,,
1648,8,123,0.00003614,1.560876,0.7,0.8,,,,
1649,8,124,0.00003613,2.404144,0.5,0.65,,,,
1650,8,125,0.00003613,1.306763,0.7,0.95,,,,
1651,8,126,0.00003613,1.289432,0.65,0.8,,,,
1652,8,127,0.00003612,1.51216,0.65,0.75,,,,
1653,8,128,0.00003612,0.928622,0.65,0.95,,,,
1654,8,129,0.00003611,2.092484,0.5,0.65,,,,
1655,8,130,0.00003611,0.756161,0.85,0.95,,,,
1656,8,131,0.00003611,1.234401,0.7,0.9,,,,
1657,8,132,0.0000361,0.922546,0.85,0.9,,,,
1658,8,133,0.0000361,1.336301,0.65,0.8,,,,
1659,8,134,0.0000361,1.399516,0.65,0.8,,,,
1660,8,135,0.00003609,1.250745,0.75,0.85,,,,
1661,8,136,0.00003609,1.74905,0.65,0.75,,,,
1662,8,137,0.00003608,1.466405,0.7,0.8,,,,
1663,8,138,0.00003608,1.33811,0.75,0.75,,,,
1664,8,139,0.00003608,0.976224,0.75,0.95,,,,
1665,8,140,0.00003607,1.591475,0.65,0.85,,,,
1666,8,141,0.00003607,1.237878,0.7,0.85,,,,
1667,8,142,0.00003607,1.336626,0.75,0.8,,,,
1668,8,143,0.00003606,1.330847,0.7,0.85,,,,
1669,8,144,0.00003606,1.408366,0.7,0.9,,,,
1670,8,145,0.00003605,1.369327,0.65,0.85,,,,
1671,8,146,0.00003605,2.129651,0.6,0.7,,,,
1672,8,147,0.00003605,1.180498,0.7,0.9,,,,
1673,8,148,0.00003604,1.317511,0.7,0.85,,,,
1674,8,149,0.00003604,1.161012,0.8,0.85,,,,
1675,8,150,0.00003603,1.455745,0.65,0.85,,,,
1676,8,151,0.00003603,1.091559,0.75,0.9,,,,
1677,8,152,0.00003603,1.842926,0.6,0.8,,,,
1678,8,153,0.00003602,0.865009,0.75,0.9,,,,
1679,8,154,0.00003602,2.050746,0.55,0.7,,,,
1680,8,155,0.00003602,1.583191,0.65,0.8,,,,
1681,8,156,0.00003601,1.552234,0.7,0.7,,,,
1682,8,157,0.00003601,1.337813,0.75,0.9,,,,
1683,8,158,0.000036,1.135284,0.65,0.9,,,,
1684,8,159,0.000036,0.959081,0.8,0.9,,,,
1685,8,160,0.000036,1.868317,0.7,0.7,,,,
1686,8,161,0.00003599,1.304515,0.6,0.95,,,,
1687,8,162,0.00003599,1.247422,0.65,0.8,,,,
1688,8,163,0.00003599,0.97457,0.85,0.85,,,,
1689,8,164,0.00003598,1.48642,0.6,0.8,,,,
1690,8,165,0.00003598,1.106563,0.75,0.95,,,,
1691,8,166,0.00003597,1.37653,0.65,0.85,,,,
1692,8,167,0.00003597,1.42777,0.6,0.75,,,,
1693,8,168,0.00003597,1.035742,0.75,0.95,,,,
1694,8,169,0.00003596,1.332116,0.65,0.85,,,,
1695,8,170,0.00003596,1.529286,0.55,0.85,,,,
1696,8,171,0.00003595,1.023477,0.65,1,,,,
1697,8,172,0.00003595,1.56167,0.65,0.8,,,,
1698,8,173,0.00003595,0.998129,0.75,0.9,,,,
1699,8,174,0.00003594,1.355591,0.75,0.8,,,,
1700,8,175,0.00003594,1.273068,0.75,0.9,,,,
1701,8,176,0.00003593,0.724686,0.8,1,,,,
1702,8,177,0.00003593,1.299155,0.75,0.9,,,,
1703,8,178,0.00003593,1.384515,0.6,0.8,,,,
1704,8,179,0.00003592,1.864618,0.5,0.75,,,,
1705,8,180,0.00003592,1.077917,0.7,0.9,,,,
1706,8,181,0.00003592,1.361606,0.65,0.85,,,,
1707,8,182,0.00003591,1.349399,0.7,0.85,,,,
1708,8,183,0.00003591,1.385346,0.7,0.85,,,,
1709,8,184,0.0000359,1.598287,0.55,0.85,,,,
1710,8,185,0.0000359,2.067435,0.55,0.7,,,,
1711,8,186,0.0000359,1.593109,0.65,0.8,,,,
1712,8,187,0.00003589,1.189197,0.65,0.85,,,,
1713,8,188,0.00003589,1.628011,0.65,0.75,,,,
1714,8,189,0.00003588,1.218718,0.6,0.9,,,,
1715,8,190,0.00003588,1.820868,0.55,0.75,,,,
1716,8,191,0.00003588,1.771481,0.65,0.75,,,,
1717,8,192,0.00003587,1.111903,0.6,0.9,,,,
1718,8,193,0.00003587,0.752042,0.85,0.95,,,,
1719,8,194,0.00003587,1.27328,0.7,0.8,,,,
1720,8,195,0.00003586,1.526288,0.6,0.8,,,,
1721,8,196,0.00003586,1.498475,0.65,0.9,,,,
1722,8,197,0.00003585,1.633601,0.6,0.75,,,,
1723,8,198,0.00003585,1.183482,0.8,0.85,,,,
1724,8,199,0.00003585,1.162546,0.7,0.9,,,,
1725,8,200,0.00003584,1.687393,0.55,0.85,,,,
1726,8,201,0.00003584,1.385731,0.7,0.85,,,,
1727,8,202,0.00003583,0.973666,0.8,0.9,,,,
1728,8,203,0.00003583,1.775191,0.55,0.7,,,,
1729,8,204,0.00003583,1.399688,0.65,0.85,,,,
1730,8,205,0.00003582,1.420369,0.7,0.8,,,,
1731,8,206,0.00003582,1.434168,0.65,0.7,,,,
1732,8,207,0.00003581,2.005678,0.5,0.65,,,,
1733,8,208,0.00003581,1.470814,0.65,0.75,,,,
1734,8,209,0.00003581,1.439134,0.65,0.8,,,,
1735,8,210,0.0000358,1.713866,0.6,0.8,,,,
1736,8,211,0.0000358,1.284986,0.65,0.8,,,,
1737,8,212,0.00003579,0.889001,0.7,1,,,,
1738,8,213,0.00003579,1.188849,0.7,0.9,,,,
1739,8,214,0.00003579,1.055325,0.8,0.95,,,,
1740,8,215,0.00003578,1.587296,0.6,0.85,,,,
1741,8,216,0.00003578,1.827615,0.6,0.7,,,,
1742,8,217,0.00003578,1.139745,0.7,0.95,,,,
1743,8,218,0.00003577,1.312453,0.7,0.8,,,,
1744,9,1,0.00003577,1.444911,0.7,0.8,,,,
1745,9,2,0.00003576,0.907622,0.8,1,,,,
1746,9,3,0.00003576,0.754637,0.8,0.95,,,,
1747,9,4,0.00003576,0.997493,0.85,0.85,,,,
1748,9,5,0.00003575,1.542938,0.6,0.8,,,,
1749,9,6,0.00003575,1.545773,0.7,0.85,,,,
1750,9,7,0.00003574,1.278912,0.8,0.85,,,,
1751,9,8,0.00003574,1.051652,0.8,0.85,,,,
1752,9,9,0.00003574,1.91792,0.65,0.7,,,,
1753,9,10,0.00003573,1.232237,0.75,0.9,,,,
1754,9,11,0.00003573,0.940237,0.8,0.9,,,,
1755,9,12,0.00003572,1.508383,0.7,0.75,,,,
1756,9,13,0.00003572,0.987896,0.75,0.9,,,,
1757,9,14,0.00003572,1.515981,0.7,0.9,,,,
1758,9,15,0.00003571,1.272635,0.7,0.85,,,,
1759,9,16,0.00003571,0.79906,0.85,0.9,,,,
1760,9,17,0.0000357,1.332886,0.75,0.85,,,,
1761,9,18,0.0000357,0.864272,0.75,0.9,,,,
1762,9,19,0.0000357,1.526538,0.7,0.75,,,,
1763,9,20,0.00003569,1.147345,0.75,0.9,,,,
1764,9,21,0.00003569,0.579413,0.85,1,,,,
1765,9,22,0.00003568,2.149698,0.55,0.65,,,,
1766,9,23,0.00003568,1.692606,0.55,0.65,,,,
1767,9,24,0.00003568,1.591666,0.7,0.85,,,,
1768,9,25,0.00003567,1.705129,0.6,0.7,,,,
1769,9,26,0.00003567,1.194371,0.7,0.85,,,,
1770,9,27,0.00003566,1.144559,0.7,0.9,,,,
1771,9,28,0.00003566,1.685297,0.65,0.75,,,,
1772,9,29,0.00003566,1.210134,0.65,0.85,,,,
1773,9,30,0.00003565,1.70814,0.55,0.75,,,,
1774,9,31,0.00003565,1.713165,0.7,0.8,,,,
1775,9,32,0.00003564,0.751733,0.95,0.95,,,,
1776,9,33,0.00003564,1.337317,0.75,0.8,,,,
1777,9,34,0.00003564,1.282192,0.65,0.8,,,,
1778,9,35,0.00003563,0.949644,0.75,1,,,,
1779,9,36,0.00003563,1.253204,0.7,0.9,,,,
1780,9,37,0.00003562,1.228588,0.7,0.85,,,,
1781,9,38,0.00003562,1.222433,0.75,0.85,,,,
1782,9,39,0.00003562,2.072435,0.55,0.7,,,,
1783,9,40,0.00003561,1.648456,0.6,0.75,,,,
1784,9,41,0.00003561,0.579448,0.9,0.95,,,,
1785,9,42,0.0000356,1.289941,0.75,0.9,,,,
1786,9,43,0.0000356,1.041167,0.8,0.9,,,,
1787,9,44,0.0000356,1.138345,0.75,0.9,,,,
1788,9,45,0.00003559,1.355785,0.6,0.85,,,,
1789,9,46,0.00003559,1.418588,0.65,0.85,,,,
1790,9,47,0.00003558,0.979263,0.7,0.9,,,,
1791,9,48,0.00003558,1.620917,0.55,0.85,,,,
1792,9,49,0.00003558,1.642395,0.65,0.8,,,,
1793,9,50,0.00003557,1.686289,0.6,0.75,,,,
1794,9,51,0.00003557,1.189342,0.8,0.8,,,,
1795,9,52,0.00003556,0.946365,0.85,0.85,,,,
1796,9,53,0.00003556,1.623706,0.55,0.75,,,,
1797,9,54,0.00003556,1.111266,0.75,0.85,,,,
1798,9,55,0.00003555,1.306661,0.65,0.8,,,,
1799,9,56,0.00003555,1.261098,0.65,0.8,,,,
1800,9,57,0.00003554,1.066588,0.75,0.8,,,,
1801,9,58,0.00003554,1.029761,0.8,0.9,,,,
1802,9,59,0.00003554,1.415984,0.6,0.9,,,,
1803,9,60,0.00003553,1.505531,0.65,0.9,,,,
1804,9,61,0.00003553,1.208817,0.7,0.8,,,,
1805,9,62,0.00003552,1.416078,0.65,0.85,,,,
1806,9,63,0.00003552,1.314203,0.75,0.85,,,,
1807,9,64,0.00003552,1.72345,0.6,0.85,,,,
1808,9,65,0.00003551,1.235046,0.75,0.85,,,,
1809,9,66,0.00003551,1.20363,0.75,0.8,,,,
1810,9,67,0.0000355,1.568965,0.65,0.7,,,,
1811,9,68,0.0000355,0.451636,0.85,1,,,,
1812,9,69,0.0000355,0.901083,0.85,0.9,,,,
1813,9,70,0.00003549,0.667734,0.9,1,,,,
1814,9,71,0.00003549,0.909612,0.8,0.85,,,,
1815,9,72,0.00003548,1.228435,0.75,0.85,,,,
1816,9,73,0.00003548,1.240396,0.6,0.85,,,,
1817,9,74,0.00003548,1.708394,0.7,0.8,,,,
1818,9,75,0.00003547,0.889484,0.85,0.95,,,,
1819,9,76,0.00003547,1.075997,0.7,0.9,,,,
1820,9,77,0.00003546,0.898621,0.75,0.85,,,,
1821,9,78,0.00003546,0.83127,0.8,0.9,,,,
1822,9,79,0.00003546,1.299673,0.65,0.8,,,,
1823,9,80,0.00003545,0.877956,0.8,1,,,,
1824,9,81,0.00003545,0.520119,0.95,0.95,,,,
1825,9,82,0.00003544,0.800072,0.75,0.95,,,,
1826,9,83,0.00003544,1.142603,0.75,0.85,,,,
1827,9,84,0.00003544,1.313011,0.75,0.9,,,,
1828,9,85,0.00003543,1.40137,0.7,0.85,,,,
1829,9,86,0.00003543,1.620172,0.6,0.85,,,,
1830,9,87,0.00003542,1.499928,0.65,0.85,,,,
1831,9,88,0.00003542,1.279166,0.7,0.85,,,,
1832,9,89,0.00003541,1.25687,0.75,0.9,,,,
1833,9,90,0.00003541,1.28101,0.65,0.8,,,,
1834,9,91,0.00003541,1.032438,0.75,0.95,,,,
1835,9,92,0.0000354,0.958341,0.8,0.9,,,,
1836,9,93,0.0000354,0.782922,0.85,0.95,,,,
1837,9,94,0.00003539,1.957591,0.6,0.8,,,,
1838,9,95,0.00003539,1.377844,0.65,0.95,,,,
1839,9,96,0.00003539,1.149725,0.65,0.9,,,,
1840,9,97,0.00003538,1.013427,0.75,0.9,,,,
1841,9,98,0.00003538,1.612747,0.75,0.8,,,,
1842,9,99,0.00003537,1.058069,0.85,0.95,,,,
1843,9,100,0.00003537,1.776436,0.6,0.7,,,,
1844,9,101,0.00003537,1.328375,0.75,0.75,,,,
1845,9,102,0.00003536,0.94657,0.8,0.95,,,,
1846,9,103,0.00003536,1.708121,0.6,0.75,,,,
1847,9,104,0.00003535,0.528205,0.9,0.95,,,,
1848,9,105,0.00003535,1.346971,0.7,0.8,,,,
1849,9,106,0.00003535,1.822943,0.6,0.7,,,,
1850,9,107,0.00003534,1.518224,0.7,0.75,,,,
1851,9,108,0.00003534,1.757139,0.6,0.8,,,,
1852,9,109,0.00003533,1.619641,0.55,0.75,,,,
1853,9,110,0.00003533,1.142417,0.65,0.9,,,,
1854,9,111,0.00003532,2.262047,0.55,0.65,,,,
1855,9,112,0.00003532,1.140736,0.65,0.9,,,,
1856,9,113,0.00003532,1.370445,0.75,0.8,,,,
1857,9,114,0.00003531,1.185377,0.6,0.9,,,,
1858,9,115,0.00003531,1.212826,0.75,0.85,,,,
1859,9,116,0.0000353,1.055751,0.8,0.9,,,,
1860,9,117,0.0000353,1.28977,0.75,0.85,,,,
1861,9,118,0.0000353,1.781931,0.6,0.65,,,,
1862,9,119,0.00003529,0.875362,0.8,0.9,,,,
1863,9,120,0.00003529,1.056486,0.8,0.95,,,,
1864,9,121,0.00003528,1.238074,0.7,0.8,,,,
1865,9,122,0.00003528,1.446243,0.6,0.8,,,,
1866,9,123,0.00003528,1.235522,0.7,0.8,,,,
1867,9,124,0.00003527,1.118863,0.75,0.85,,,,
1868,9,125,0.00003527,1.517638,0.6,0.8,,,,
1869,9,126,0.00003526,1.108635,0.65,0.95,,,,
1870,9,127,0.00003526,1.090033,0.7,0.9,,,,
1871,9,128,0.00003525,1.388779,0.6,0.8,,,,
1872,9,129,0.00003525,1.558229,0.6,0.85,,,,
1873,9,130,0.00003525,0.957965,0.8,0.9,,,,
1874,9,131,0.00003524,1.189697,0.7,0.9,,,,
1875,9,132,0.00003524,0.97672,0.8,0.9,,,,
1876,9,133,0.00003523,1.232217,0.75,0.85,,,,
1877,9,134,0.00003523,1.468689,0.7,0.75,,,,
1878,9,135,0.00003523,0.809825,0.85,1,,,,
1879,9,136,0.00003522,1.359686,0.7,0.8,,,,
1880,9,137,0.00003522,0.391887,0.95,1,,,,
1881,9,138,0.00003521,1.246457,0.75,0.8,,,,
1882,9,139,0.00003521,1.86207,0.6,0.75,,,,
1883,9,140,0.00003521,1.544904,0.6,0.85,,,,
1884,9,141,0.0000352,1.201358,0.7,0.85,,,,
1885,9,142,0.0000352,1.143331,0.8,0.85,,,,
1886,9,143,0.00003519,1.51984,0.6,0.8,,,,
1887,9,144,0.00003519,1.383255,0.7,0.8,,,,
1888,9,145,0.00003518,1.21613,0.8,0.9,,,,
1889,9,146,0.00003518,1.325481,0.7,0.9,,,,
1890,9,147,0.00003518,1.333404,0.75,0.85,,,,
1891,9,148,0.00003517,1.465369,0.6,0.8,,,,
1892,9,149,0.00003517,1.129856,0.65,0.9,,,,
1893,9,150,0.00003516,1.653864,0.65,0.8,,,,
1894,9,151,0.00003516,1.209197,0.7,0.85,,,,
1895,9,152,0.00003516,0.805867,0.75,0.95,,,,
1896,9,153,0.00003515,1.066758,0.75,0.85,,,,
1897,9,154,0.00003515,1.250224,0.75,0.8,,,,
1898,9,155,0.00003514,1.124213,0.75,0.85,,,,
1899,9,156,0.00003514,1.233627,0.7,0.8,,,,
1900,9,157,0.00003513,0.983307,0.75,0.85,,,,
1901,9,158,0.00003513,0.963458,0.8,0.9,,,,
1902,9,159,0.00003513,0.977528,0.8,0.9,,,,
1903,9,160,0.00003512,1.49328,0.6,0.9,,,,
1904,9,161,0.00003512,1.214172,0.7,0.8,,,,
1905,9,162,0.00003511,1.527368,0.7,0.9,,,,
1906,9,163,0.00003511,1.936461,0.55,0.8,,,,
1907,9,164,0.00003511,0.916316,0.85,0.9,,,,
1908,9,165,0.0000351,1.379506,0.75,0.85,,,,
1909,9,166,0.0000351,1.516896,0.7,0.7,,,,
1910,9,167,0.00003509,1.254253,0.7,0.85,,,,
1911,9,168,0.00003509,1.350459,0.7,0.85,,,,
1912,9,169,0.00003508,1.265402,0.7,0.9,,,,
1913,9,170,0.00003508,1.214188,0.85,0.85,,,,
1914,9,171,0.00003508,1.891856,0.5,0.7,,,,
1915,9,172,0.00003507,1.559415,0.65,0.75,,,,
1916,9,173,0.00003507,0.774776,0.85,1,,,,
1917,9,174,0.00003506,2.456247,0.45,0.6,,,,
1918,9,175,0.00003506,1.006567,0.65,0.95,,,,
1919,9,176,0.00003505,1.715312,0.6,0.75,,,,
1920,9,177,0.00003505,1.029353,0.8,0.95,,,,
1921,9,178,0.00003505,1.356723,0.65,0.9,,,,
1922,9,179,0.00003504,1.133891,0.8,0.9,,,,
1923,9,180,0.00003504,2.060027,0.4,0.7,,,,
1924,9,181,0.00003503,1.040768,0.75,0.85,,,,
1925,9,182,0.00003503,1.003877,0.7,1,,,,
1926,9,183,0.00003503,1.183365,0.75,0.85,,,,
1927,9,184,0.00003502,1.340979,0.6,0.8,,,,
1928,9,185,0.00003502,1.609854,0.6,0.75,,,,
1929,9,186,0.00003501,1.557405,0.6,0.75,,,,
1930,9,187,0.00003501,1.516404,0.65,0.75,,,,
1931,9,188,0.000035,1.64127,0.6,0.75,,,,
1932,9,189,0.000035,1.286308,0.75,0.8,,,,
1933,9,190,0.000035,0.933949,0.8,0.9,,,,
1934,9,191,0.00003499,1.440842,0.65,0.75,,,,
1935,9,192,0.00003499,0.740153,0.8,0.9,,,,
1936,9,193,0.00003498,1.881947,0.6,0.7,,,,
1937,9,194,0.00003498,0.957442,0.8,0.8,,,,
1938,9,195,0.00003497,0.904174,0.75,0.85,,,,
1939,9,196,0.00003497,0.489771,1,1,,,,
1940,9,197,0.00003497,1.875768,0.55,0.7,,,,
1941,9,198,0.00003496,2.044297,0.45,0.7,,,,
1942,9,199,0.00003496,1.476991,0.65,0.75,,,,
1943,9,200,0.00003495,1.621368,0.55,0.85,,,,
1944,9,201,0.00003495,1.124407,0.75,0.85,,,,
1945,9,202,0.00003494,1.102558,0.75,0.9,,,,
1946,9,203,0.00003494,1.342336,0.65,0.85,,,,
1947,9,204,0.00003494,1.637549,0.65,0.75,,,,
1948,9,205,0.00003493,1.623451,0.65,0.75,,,,
1949,9,206,0.00003493,1.254611,0.7,0.85,,,,
1950,9,207,0.00003492,1.040433,0.7,0.95,,,,
1951,9,208,0.00003492,1.176479,0.7,0.75,,,,
1952,9,209,0.00003491,0.814611,0.8,0.95,,,,
1953,9,210,0.00003491,0.802904,0.8,0.95,,,,
1954,9,211,0.00003491,1.158631,0.8,0.85,,,,
1955,9,212,0.0000349,1.838354,0.65,0.75,,,,
1956,9,213,0.0000349,1.275119,0.7,0.85,,,,
1957,9,214,0.00003489,1.829195,0.65,0.75,,,,
1958,9,215,0.00003489,2.154674,0.55,0.65,,,,
1959,9,216,0.00003489,0.583646,0.9,0.9,,,,
1960,9,217,0.00003488,0.933429,0.75,0.95,,,,
1961,9,218,0.00003488,0.942632,0.8,0.9,,,,
1962,10,1,0.00003487,1.362439,0.7,0.8,,,,
1963,10,2,0.00003487,1.720548,0.55,0.75,,,,
1964,10,3,0.00003486,1.278458,0.7,0.85,,,,
1965,10,4,0.00003486,0.776625,0.8,0.9,,,,
1966,10,5,0.00003486,0.925256,0.7,0.9,,,,
1967,10,6,0.00003485,1.258034,0.7,0.8,,,,
1968,10,7,0.00003485,0.68044,0.8,1,,,,
1969,10,8,0.00003484,1.353228,0.6,0.85,,,,
1970,10,9,0.00003484,0.826212,0.85,0.95,,,,
1971,10,10,0.00003483,1.779582,0.6,0.8,,,,
1972,10,11,0.00003483,1.738989,0.65,0.8,,,,
1973,10,12,0.00003483,1.21058,0.65,0.95,,,,
1974,10,13,0.00003482,1.86504,0.55,0.75,,,,
1975,10,14,0.00003482,1.084563,0.85,0.85,,,,
1976,10,15,0.00003481,0.720409,0.85,0.9,,,,
1977,10,16,0.00003481,2.006842,0.4,0.7,,,,
1978,10,17,0.0000348,1.188871,0.75,0.95,,,,
1979,10,18,0.0000348,1.624327,0.6,0.75,,,,
1980,10,19,0.0000348,1.125536,0.75,0.85,,,,
1981,10,20,0.00003479,1.04735,0.75,0.95,,,,
1982,10,21,0.00003479,1.156512,0.7,0.9,,,,
1983,10,22,0.00003478,0.991028,0.75,0.95,,,,
1984,10,23,0.00003478,1.652192,0.65,0.8,,,,
1985,10,24,0.00003477,0.653831,0.8,1,,,,
1986,10,25,0.00003477,0.58521,0.85,0.95,,,,
1987,10,26,0.00003476,0.795058,0.8,0.95,,,,
1988,10,27,0.00003476,1.584088,0.65,0.7,,,,
1989,10,28,0.00003476,1.041164,0.7,0.95,,,,
1990,10,29,0.00003475,1.166688,0.65,0.85,,,,
1991,10,30,0.00003475,2.011478,0.55,0.7,,,,
1992,10,31,0.00003474,1.016486,0.75,0.95,,,,
1993,10,32,0.00003474,0.930865,0.8,0.9,,,,
1994,10,33,0.00003473,1.139871,0.7,0.9,,,,
1995,10,34,0.00003473,1.607585,0.6,0.7,,,,
1996,10,35,0.00003473,1.439462,0.7,0.8,,,,
1997,10,36,0.00003472,1.290476,0.7,0.8,,,,
1998,10,37,0.00003472,1.634465,0.6,0.75,,,,
1999,10,38,0.00003471,1.253849,0.6,0.85,,,,
2000,10,39,0.00003471,1.525893,0.65,0.8,,,,
2001,10,40,0.0000347,2.027246,0.5,0.75,,,,
2002,10,41,0.0000347,1.288432,0.6,0.85,,,,
2003,10,42,0.0000347,1.265348,0.65,0.85,,,,
2004,10,43,0.00003469,1.944382,0.6,0.75,,,,
2005,10,44,0.00003469,0.835802,0.8,0.9,,,,
2006,10,45,0.00003468,0.824563,0.8,0.9,,,,
2007,10,46,0.00003468,0.902017,0.8,1,,,,
2008,10,47,0.00003467,1.606139,0.5,0.8,,,,
2009,10,48,0.00003467,0.963383,0.8,0.9,,,,
2010,10,49,0.00003467,1.370316,0.7,0.8,,,,
2011,10,50,0.00003466,1.090644,0.75,0.9,,,,
2012,10,51,0.00003466,0.625298,0.9,0.95,,,,
2013,10,52,0.00003465,1.263031,0.7,0.8,,,,
2014,10,53,0.00003465,1.02388,0.85,0.85,,,,
2015,10,54,0.00003464,0.786545,0.85,0.9,,,,
2016,10,55,0.00003464,1.207419,0.7,0.85,,,,
2017,10,56,0.00003463,1.809227,0.6,0.8,,,,
2018,10,57,0.00003463,0.848497,0.85,0.9,,,,
2019,10,58,0.00003463,1.075709,0.7,0.95,,,,
2020,10,59,0.00003462,1.502704,0.6,0.8,,,,
2021,10,60,0.00003462,0.875048,0.8,0.9,,,,
2022,10,61,0.00003461,1.113206,0.7,0.95,,,,
2023,10,62,0.00003461,1.283071,0.65,0.8,,,,
2024,10,63,0.0000346,1.706616,0.6,0.8,,,,
2025,10,64,0.0000346,0.89295,0.8,0.85,,,,
2026,10,65,0.0000346,0.661216,0.85,1,,,,
2027,10,66,0.00003459,0.961146,0.7,0.9,,,,
2028,10,67,0.00003459,0.801098,0.85,0.9,,,,
2029,10,68,0.00003458,1.18464,0.7,0.8,,,,
2030,10,69,0.00003458,1.197997,0.75,0.85,,,,
2031,10,70,0.00003457,1.030076,0.8,0.9,,,,
2032,10,71,0.00003457,0.905104,0.75,0.85,,,,
2033,10,72,0.00003457,1.842009,0.45,0.8,,,,
2034,10,73,0.00003456,0.98162,0.7,0.9,,,,
2035,10,74,0.00003456,1.165303,0.8,0.85,,,,
2036,10,75,0.00003455,1.348527,0.65,0.8,,,,
2037,10,76,0.00003455,1.63569,0.7,0.75,,,,
2038,10,77,0.00003454,1.440323,0.75,0.85,,,,
2039,10,78,0.00003454,0.63053,0.9,0.95,,,,
2040,10,79,0.00003453,1.368586,0.6,0.8,,,,
2041,10,80,0.00003453,0.996001,0.8,0.95,,,,
2042,10,81,0.00003453,1.035833,0.75,0.9,,,,
2043,10,82,0.00003452,1.648288,0.7,0.8,,,,
2044,10,83,0.00003452,1.359366,0.75,0.8,,,,
2045,10,84,0.00003451,1.279582,0.65,0.9,,,,
2046,10,85,0.00003451,1.174089,0.75,0.9,,,,
2047,10,86,0.0000345,1.364689,0.75,0.85,,,,
2048,10,87,0.0000345,1.351309,0.65,0.8,,,,
2049,10,88,0.00003449,1.73985,0.7,0.8,,,,
2050,10,89,0.00003449,0.859027,0.85,0.9,,,,
2051,10,90,0.00003449,1.028427,0.75,0.9,,,,
2052,10,91,0.00003448,1.895254,0.6,0.75,,,,
2053,10,92,0.00003448,1.714842,0.65,0.75,,,,
2054,10,93,0.00003447,0.854685,0.8,0.85,,,,
2055,10,94,0.00003447,1.206204,0.75,0.85,,,,
2056,10,95,0.00003446,1.554655,0.65,0.75,,,,
2057,10,96,0.00003446,0.825108,0.8,0.9,,,,
2058,10,97,0.00003446,0.95744,0.75,0.95,,,,
2059,10,98,0.00003445,0.772311,0.85,0.9,,,,
2060,10,99,0.00003445,0.745226,0.8,0.9,,,,
2061,10,100,0.00003444,1.186681,0.8,0.8,,,,
2062,10,101,0.00003444,1.454427,0.65,0.8,,,,
2063,10,102,0.00003443,0.648644,0.85,0.9,,,,
2064,10,103,0.00003443,1.339692,0.7,0.8,,,,
2065,10,104,0.00003442,1.176674,0.75,0.85,,,,
2066,10,105,0.00003442,1.377874,0.65,0.8,,,,
2067,10,106,0.00003442,1.87132,0.6,0.8,,,,
2068,10,107,0.00003441,0.483658,0.9,0.95,,,,
2069,10,108,0.00003441,1.224091,0.7,0.8,,,,
2070,10,109,0.0000344,0.770859,0.9,0.95,,,,
2071,10,110,0.0000344,1.072255,0.75,0.8,,,,
2072,10,111,0.00003439,1.552868,0.6,0.75,,,,
2073,10,112,0.00003439,1.021225,0.8,0.85,,,,
2074,10,113,0.00003438,1.487087,0.65,0.85,,,,
2075,10,114,0.00003438,1.832469,0.6,0.7,,,,
2076,10,115,0.00003438,1.137215,0.8,0.8,,,,
2077,10,116,0.00003437,1.202668,0.75,0.8,,,,
2078,10,117,0.00003437,0.979099,0.65,0.9,,,,
2079,10,118,0.00003436,0.947075,0.7,0.95,,,,
2080,10,119,0.00003436,1.533215,0.55,0.85,,,,
2081,10,120,0.00003435,1.783502,0.45,0.75,,,,
2082,10,121,0.00003435,0.637121,0.95,0.95,,,,
2083,10,122,0.00003434,1.365072,0.7,0.8,,,,
2084,10,123,0.00003434,1.70753,0.65,0.7,,,,
2085,10,124,0.00003434,0.917253,0.8,0.85,,,,
2086,10,125,0.00003433,0.79538,0.85,0.95,,,,
2087,10,126,0.00003433,1.749023,0.55,0.75,,,,
2088,10,127,0.00003432,1.637349,0.55,0.75,,,,
2089,10,128,0.00003432,1.033337,0.7,1,,,,
2090,10,129,0.00003431,1.301931,0.75,0.85,,,,
2091,10,130,0.00003431,1.200527,0.75,0.85,,,,
2092,10,131,0.0000343,1.10928,0.8,0.8,,,,
2093,10,132,0.0000343,0.615363,0.85,1,,,,
2094,10,133,0.00003429,2.007434,0.5,0.7,,,,
2095,10,134,0.00003429,1.711044,0.65,0.75,,,,
2096,10,135,0.00003429,0.553206,0.9,0.95,,,,
2097,10,136,0.00003428,1.631116,0.7,0.75,,,,
2098,10,137,0.00003428,0.500173,0.95,1,,,,
2099,10,138,0.00003427,1.680362,0.55,0.65,,,,
2100,10,139,0.00003427,1.133653,0.8,0.9,,,,
2101,10,140,0.00003426,1.285235,0.8,0.8,,,,
2102,10,141,0.00003426,0.922189,0.75,0.9,,,,
2103,10,142,0.00003425,1.485233,0.6,0.8,,,,
2104,10,143,0.00003425,0.803361,0.8,0.9,,,,
2105,10,144,0.00003425,0.664048,0.95,0.95,,,,
2106,10,145,0.00003424,0.842689,0.7,0.95,,,,
2107,10,146,0.00003424,0.993632,0.75,0.9,,,,
2108,10,147,0.00003423,0.91805,0.75,0.9,,,,
2109,10,148,0.00003423,1.222317,0.7,0.9,,,,
2110,10,149,0.00003422,1.012527,0.7,0.85,,,,
2111,10,150,0.00003422,1.607645,0.6,0.8,,,,
2112,10,151,0.00003421,2.044608,0.55,0.65,,,,
2113,10,152,0.00003421,1.542023,0.65,0.8,,,,
2114,10,153,0.00003421,1.515333,0.6,0.8,,,,
2115,10,154,0.0000342,1.65976,0.65,0.9,,,,
2116,10,155,0.0000342,0.854522,0.85,0.9,,,,
2117,10,156,0.00003419,1.274995,0.8,0.85,,,,
2118,10,157,0.00003419,1.210471,0.7,0.85,,,,
2119,10,158,0.00003418,0.867283,0.8,0.95,,,,
2120,10,159,0.00003418,1.490979,0.7,0.85,,,,
2121,10,160,0.00003417,0.766741,0.85,0.95,,,,
2122,10,161,0.00003417,1.780973,0.65,0.7,,,,
2123,10,162,0.00003416,1.044861,0.8,0.9,,,,
2124,10,163,0.00003416,0.87067,0.8,0.95,,,,
2125,10,164,0.00003416,0.787809,0.8,1,,,,
2126,10,165,0.00003415,1.468,0.7,0.75,,,,
2127,10,166,0.00003415,1.238506,0.65,0.85,,,,
2128,10,167,0.00003414,1.252156,0.75,0.85,,,,
2129,10,168,0.00003414,1.338351,0.8,0.8,,,,
2130,10,169,0.00003413,1.288336,0.65,0.85,,,,
2131,10,170,0.00003413,1.141518,0.7,0.85,,,,
2132,10,171,0.00003412,0.950858,0.7,0.85,,,,
2133,10,172,0.00003412,1.539067,0.55,0.9,,,,
2134,10,173,0.00003411,1.174242,0.7,0.95,,,,
2135,10,174,0.00003411,1.230787,0.75,0.8,,,,
2136,10,175,0.00003411,1.156459,0.7,0.9,,,,
2137,10,176,0.0000341,1.016639,0.65,0.95,,,,
2138,10,177,0.0000341,1.116475,0.8,0.85,,,,
2139,10,178,0.00003409,1.56393,0.6,0.75,,,,
2140,10,179,0.00003409,0.566481,0.85,0.95,,,,
2141,10,180,0.00003408,1.736011,0.65,0.8,,,,
2142,10,181,0.00003408,1.17016,0.75,0.9,,,,
2143,10,182,0.00003407,1.770603,0.45,0.8,,,,
2144,10,183,0.00003407,1.079519,0.75,0.95,,,,
2145,10,184,0.00003407,1.06084,0.75,1,,,,
2146,10,185,0.00003406,0.953972,0.8,0.85,,,,
2147,10,186,0.00003406,1.037511,0.8,0.9,,,,
2148,10,187,0.00003405,1.860944,0.6,0.8,,,,
2149,10,188,0.00003405,1.012106,0.7,0.9,,,,
2150,10,189,0.00003404,0.955592,0.8,0.9,,,,
2151,10,190,0.00003404,1.711651,0.6,0.75,,,,
2152,10,191,0.00003403,1.034006,0.75,0.9,,,,
2153,10,192,0.00003403,0.662732,0.9,0.95,,,,
2154,10,193,0.00003402,1.198549,0.7,0.8,,,,
2155,10,194,0.00003402,1.355653,0.65,0.85,,,,
2156,10,195,0.00003401,0.891385,0.8,0.95,,,,
2157,10,196,0.00003401,1.359102,0.65,0.8,,,,
2158,10,197,0.00003401,0.885974,0.8,0.9,,,,
2159,10,198,0.000034,0.835505,0.8,0.9,,,,
2160,10,199,0.000034,0.772369,0.85,0.9,,,,
2161,10,200,0.00003399,1.60737,0.55,0.85,,,,
2162,10,201,0.00003399,1.62551,0.65,0.8,,,,
2163,10,202,0.00003398,2.032951,0.6,0.65,,,,
2164,10,203,0.00003398,0.874487,0.85,0.95,,,,
2165,10,204,0.00003397,0.800957,0.85,0.95,,,,
2166,10,205,0.00003397,1.178974,0.75,0.8,,,,
2167,10,206,0.00003396,0.481542,0.85,1,,,,
2168,10,207,0.00003396,1.748012,0.65,0.75,,,,
2169,10,208,0.00003396,0.942611,0.8,0.9,,,,
2170,10,209,0.00003395,1.355828,0.65,0.85,,,,
2171,10,210,0.00003395,0.91522,0.8,0.9,,,,
2172,10,211,0.00003394,1.292792,0.7,0.8,,,,
2173,10,212,0.00003394,1.032435,0.85,0.85,,,,
2174,10,213,0.00003393,0.603407,0.85,0.95,,,,
2175,10,214,0.00003393,1.573228,0.65,0.75,,,,
2176,10,215,0.00003392,1.056386,0.7,0.85,,,,
2177,10,216,0.00003392,1.137396,0.7,0.75,,,,
2178,10,217,0.00003391,1.637294,0.55,0.8,,,,
2179,10,218,0.00003391,1.192051,0.75,0.8,,,,
2180,11,1,0.00003391,0.632139,0.9,0.95,,,,
2181,11,2,0.0000339,1.29019,0.7,0.9,,,,
2182,11,3,0.0000339,1.653315,0.6,0.75,,,,
2183,11,4,0.00003389,1.1954,0.75,0.9,,,,
2184,11,5,0.00003389,0.891118,0.85,0.9,,,,
2185,11,6,0.00003388,1.156957,0.7,0.9,,,,
2186,11,7,0.00003388,1.165483,0.65,0.85,,,,
2187,11,8,0.00003387,1.422863,0.6,0.8,,,,
2188,11,9,0.00003387,1.101799,0.8,0.85,,,,
2189,11,10,0.00003386,1.576205,0.65,0.8,,,,
2190,11,11,0.00003386,0.943756,0.75,0.9,,,,
2191,11,12,0.00003385,0.610413,0.85,0.95,,,,
2192,11,13,0.00003385,0.76928,0.85,0.95,,,,
2193,11,14,0.00003385,0.998133,0.75,0.95,,,,
2194,11,15,0.00003384,1.426562,0.65,0.8,,,,
2195,11,16,0.00003384,0.819669,0.85,0.95,,,,
2196,11,17,0.00003383,0.7229,0.75,1,,,,
2197,11,18,0.00003383,1.666994,0.6,0.7,,,,
2198,11,19,0.00003382,0.346453,0.9,1,,,,
2199,11,20,0.00003382,0.681368,0.9,0.9,,,,
2200,11,21,0.00003381,0.934117,0.8,0.9,,,,
2201,11,22,0.00003381,0.7988,0.7,0.95,,,,
2202,11,23,0.0000338,1.452411,0.7,0.75,,,,
2203,11,24,0.0000338,1.874468,0.65,0.65,,,,
2204,11,25,0.00003379,1.183124,0.7,0.85,,,,
2205,11,26,0.00003379,1.879523,0.5,0.75,,,,
2206,11,27,0.00003379,0.894087,0.8,0.9,,,,
2207,11,28,0.00003378,0.920589,0.8,0.85,,,,
2208,11,29,0.00003378,0.747699,0.85,0.9,,,,
2209,11,30,0.00003377,1.29089,0.75,0.85,,,,
2210,11,31,0.00003377,1.609889,0.6,0.75,,,,
2211,11,32,0.00003376,0.694681,0.9,0.95,,,,
2212,11,33,0.00003376,1.563513,0.7,0.8,,,,
2213,11,34,0.00003375,1.034942,0.8,0.85,,,,
2214,11,35,0.00003375,1.177453,0.8,0.85,,,,
2215,11,36,0.00003374,0.934862,0.75,0.9,,,,
2216,11,37,0.00003374,1.485821,0.6,0.8,,,,
2217,11,38,0.00003373,0.90819,0.8,0.85,,,,
2218,11,39,0.00003373,1.222789,0.7,0.9,,,,
2219,11,40,0.00003372,1.100988,0.7,0.9,,,,
2220,11,41,0.00003372,1.194279,0.65,0.75,,,,
2221,11,42,0.00003372,1.47908,0.75,0.8,,,,
2222,11,43,0.00003371,1.239709,0.6,0.85,,,,
2223,11,44,0.00003371,1.051299,0.7,0.9,,,,
2224,11,45,0.0000337,1.13027,0.75,0.85,,,,
2225,11,46,0.0000337,1.617669,0.7,0.75,,,,
2226,11,47,0.00003369,0.867059,0.75,0.9,,,,
2227,11,48,0.00003369,1.016008,0.8,0.9,,,,
2228,11,49,0.00003368,1.043348,0.7,0.95,,,,
2229,11,50,0.00003368,1.373181,0.6,0.8,,,,
2230,11,51,0.00003367,0.439541,0.95,0.95,,,,
2231,11,52,0.00003367,1.415434,0.7,0.75,,,,
2232,11,53,0.00003366,0.934715,0.75,0.9,,,,
2233,11,54,0.00003366,1.159267,0.65,0.9,,,,
2234,11,55,0.00003365,1.428806,0.65,0.8,,,,
2235,11,56,0.00003365,1.246936,0.75,0.9,,,,
2236,11,57,0.00003365,1.889258,0.6,0.8,,,,
2237,11,58,0.00003364,1.125458,0.65,0.85,,,,
2238,11,59,0.00003364,1.808129,0.45,0.7,,,,
2239,11,60,0.00003363,0.826988,0.8,0.9,,,,
2240,11,61,0.00003363,1.639628,0.5,0.8,,,,
2241,11,62,0.00003362,0.594141,0.9,0.95,,,,
2242,11,63,0.00003362,1.039551,0.75,0.95,,,,
2243,11,64,0.00003361,1.211006,0.75,0.9,,,,
2244,11,65,0.00003361,1.640338,0.6,0.8,,,,
2245,11,66,0.0000336,1.463965,0.55,0.85,,,,
2246,11,67,0.0000336,1.441891,0.65,0.8,,,,
2247,11,68,0.00003359,0.796379,0.9,0.9,,,,
2248,11,69,0.00003359,2.07039,0.6,0.65,,,,
2249,11,70,0.00003358,0.957633,0.8,0.85,,,,
2250,11,71,0.00003358,1.170307,0.7,0.85,,,,
2251,11,72,0.00003358,1.272334,0.75,0.8,,,,
2252,11,73,0.00003357,0.927419,0.85,0.9,,,,
2253,11,74,0.00003357,1.003643,0.7,0.95,,,,
2254,11,75,0.00003356,1.990391,0.6,0.7,,,,
2255,11,76,0.00003356,1.158601,0.75,0.9,,,,
2256,11,77,0.00003355,1.099253,0.8,0.85,,,,
2257,11,78,0.00003355,0.571668,0.85,0.9,,,,
2258,11,79,0.00003354,1.051636,0.65,0.9,,,,
2259,11,80,0.00003354,0.506607,0.9,1,,,,
2260,11,81,0.00003353,1.445534,0.7,0.75,,,,
2261,11,82,0.00003353,0.597331,0.85,0.95,,,,
2262,11,83,0.00003352,1.660846,0.55,0.7,,,,
2263,11,84,0.00003352,1.342482,0.65,0.75,,,,
2264,11,85,0.00003351,1.515067,0.6,0.75,,,,
2265,11,86,0.00003351,1.265445,0.65,0.85,,,,
2266,11,87,0.0000335,1.490748,0.75,0.85,,,,
2267,11,88,0.0000335,1.366923,0.65,0.75,,,,
2268,11,89,0.0000335,0.838057,0.75,0.9,,,,
2269,11,90,0.00003349,1.272311,0.8,0.85,,,,
2270,11,91,0.00003349,0.660951,0.9,0.95,,,,
2271,11,92,0.00003348,1.72401,0.6,0.7,,,,
2272,11,93,0.00003348,1.252432,0.65,0.9,,,,
2273,11,94,0.00003347,1.123708,0.75,0.85,,,,
2274,11,95,0.00003347,0.790775,0.7,0.95,,,,
2275,11,96,0.00003346,1.681283,0.7,0.75,,,,
2276,11,97,0.00003346,1.597013,0.55,0.85,,,,
2277,11,98,0.00003345,1.16205,0.75,0.85,,,,
2278,11,99,0.00003345,0.997377,0.7,0.95,,,,
2279,11,100,0.00003344,1.616538,0.55,0.8,,,,
2280,11,101,0.00003344,0.633525,0.9,0.95,,,,
2281,11,102,0.00003343,1.279565,0.75,0.8,,,,
2282,11,103,0.00003343,1.110294,0.75,0.9,,,,
2283,11,104,0.00003342,1.813683,0.65,0.7,,,,
2284,11,105,0.00003342,1.587349,0.55,0.85,,,,
2285,11,106,0.00003341,2.082955,0.6,0.7,,,,
2286,11,107,0.00003341,0.893627,0.8,0.95,,,,
2287,11,108,0.00003341,1.185555,0.7,0.85,,,,
2288,11,109,0.0000334,0.958417,0.8,0.85,,,,
2289,11,110,0.0000334,0.902004,0.8,0.95,,,,
2290,11,111,0.00003339,0.700068,0.85,0.9,,,,
2291,11,112,0.00003339,0.387603,0.95,1,,,,
2292,11,113,0.00003338,0.733093,0.75,0.95,,,,
2293,11,114,0.00003338,0.955779,0.85,0.85,,,,
2294,11,115,0.00003337,1.580418,0.55,0.85,,,,
2295,11,116,0.00003337,0.827938,0.75,0.95,,,,
2296,11,117,0.00003336,1.315844,0.7,0.75,,,,
2297,11,118,0.00003336,1.113065,0.7,0.95,,,,
2298,11,119,0.00003335,1.869015,0.5,0.75,,,,
2299,11,120,0.00003335,1.132622,0.8,0.8,,,,
2300,11,121,0.00003334,0.734604,0.9,0.9,,,,
2301,11,122,0.00003334,1.404974,0.75,0.8,,,,
2302,11,123,0.00003333,1.298792,0.7,0.85,,,,
2303,11,124,0.00003333,0.785727,0.85,0.95,,,,
2304,11,125,0.00003332,1.068071,0.65,0.9,,,,
2305,11,126,0.00003332,1.110838,0.8,0.8,,,,
2306,11,127,0.00003332,1.420395,0.6,0.9,,,,
2307,11,128,0.00003331,1.040579,0.75,0.8,,,,
2308,11,129,0.00003331,0.899949,0.9,0.9,,,,
2309,11,130,0.0000333,0.933241,0.75,0.85,,,,
2310,11,131,0.0000333,1.335148,0.7,0.85,,,,
2311,11,132,0.00003329,0.888384,0.75,0.85,,,,
2312,11,133,0.00003329,0.620849,0.85,0.95,,,,
2313,11,134,0.00003328,1.091774,0.8,0.9,,,,
2314,11,135,0.00003328,1.42432,0.7,0.85,,,,
2315,11,136,0.00003327,0.679343,0.9,0.95,,,,
2316,11,137,0.00003327,1.502771,0.7,0.7,,,,
2317,11,138,0.00003326,1.058492,0.65,0.9,,,,
2318,11,139,0.00003326,0.8438,0.85,0.9,,,,
2319,11,140,0.00003325,0.760014,0.75,1,,,,
2320,11,141,0.00003325,1.52414,0.55,0.8,,,,
2321,11,142,0.00003324,0.997043,0.8,0.9,,,,
2322,11,143,0.00003324,0.535649,0.9,0.95,,,,
2323,11,144,0.00003323,0.978944,0.75,0.85,,,,
2324,11,145,0.00003323,1.295148,0.7,0.8,,,,
2325,11,146,0.00003322,0.91458,0.85,0.85,,,,
2326,11,147,0.00003322,0.683545,0.85,0.95,,,,
2327,11,148,0.00003321,1.011622,0.75,0.9,,,,
2328,11,149,0.00003321,0.727649,0.8,0.95,,,,
2329,11,150,0.0000332,1.531448,0.65,0.8,,,,
2330,11,151,0.0000332,1.117465,0.75,0.85,,,,
2331,11,152,0.0000332,0.641502,0.85,0.9,,,,
2332,11,153,0.00003319,1.199369,0.65,0.9,,,,
2333,11,154,0.00003319,0.765225,0.85,0.95,,,,
2334,11,155,0.00003318,1.64317,0.65,0.8,,,,
2335,11,156,0.00003318,1.529593,0.75,0.8,,,,
2336,11,157,0.00003317,1.586147,0.65,0.75,,,,
2337,11,158,0.00003317,1.431125,0.65,0.8,,,,
2338,11,159,0.00003316,1.187266,0.7,0.9,,,,
2339,11,160,0.00003316,1.350368,0.7,0.8,,,,
2340,11,161,0.00003315,1.1217,0.75,0.8,,,,
2341,11,162,0.00003315,1.099072,0.75,0.9,,,,
2342,11,163,0.00003314,1.847046,0.55,0.75,,,,
2343,11,164,0.00003314,0.669434,0.85,0.95,,,,
2344,11,165,0.00003313,1.640608,0.55,0.8,,,,
2345,11,166,0.00003313,1.026494,0.7,0.9,,,,
2346,11,167,0.00003312,2.119878,0.5,0.7,,,,
2347,11,168,0.00003312,0.901226,0.85,0.9,,,,
2348,11,169,0.00003311,1.095603,0.8,0.9,,,,
2349,11,170,0.00003311,0.909302,0.7,0.95,,,,
2350,11,171,0.0000331,1.145842,0.65,0.9,,,,
2351,11,172,0.0000331,0.636694,0.8,0.95,,,,
2352,11,173,0.00003309,0.778575,0.8,0.95,,,,
2353,11,174,0.00003309,0.890215,0.85,0.85,,,,
2354,11,175,0.00003308,1.282521,0.7,0.85,,,,
2355,11,176,0.00003308,0.870712,0.85,0.9,,,,
2356,11,177,0.00003307,0.91796,0.75,0.95,,,,
2357,11,178,0.00003307,0.966729,0.75,0.9,,,,
2358,11,179,0.00003307,0.556307,0.9,0.9,,,,
2359,11,180,0.00003306,0.702034,0.8,0.9,,,,
2360,11,181,0.00003306,1.503521,0.65,0.75,,,,
2361,11,182,0.00003305,1.22075,0.75,0.85,,,,
2362,11,183,0.00003305,1.456627,0.7,0.8,,,,
2363,11,184,0.00003304,0.243497,0.95,1,,,,
2364,11,185,0.00003304,0.408315,0.9,0.95,,,,
2365,11,186,0.00003303,0.997929,0.8,0.8,,,,
2366,11,187,0.00003303,1.459586,0.65,0.8,,,,
2367,11,188,0.00003302,1.286931,0.75,0.85,,,,
2368,11,189,0.00003302,1.248508,0.7,0.85,,,,
2369,11,190,0.00003301,0.954884,0.7,0.85,,,,
2370,11,191,0.00003301,0.879046,0.75,0.9,,,,
2371,11,192,0.000033,0.171309,1,1,,,,
2372,11,193,0.000033,1.270863,0.65,0.85,,,,
2373,11,194,0.00003299,1.444962,0.65,0.8,,,,
2374,11,195,0.00003299,0.846304,0.8,0.9,,,,
2375,11,196,0.00003298,0.531694,0.9,0.9,,,,
2376,11,197,0.00003298,0.976178,0.7,0.95,,,,
2377,11,198,0.00003297,1.426211,0.6,0.85,,,,
2378,11,199,0.00003297,0.805295,0.8,1,,,,
2379,11,200,0.00003296,0.605537,0.85,1,,,,
2380,11,201,0.00003296,0.92118,0.8,0.9,,,,
2381,11,202,0.00003295,0.772685,0.75,0.9,,,,
2382,11,203,0.00003295,1.049854,0.75,0.95,,,,
2383,11,204,0.00003294,1.415147,0.65,0.75,,,,
2384,11,205,0.00003294,1.15433,0.7,0.8,,,,
2385,11,206,0.00003293,1.082589,0.6,0.9,,,,
2386,11,207,0.00003293,1.504946,0.6,0.8,,,,
2387,11,208,0.00003292,1.631229,0.65,0.8,,,,
2388,11,209,0.00003292,0.961653,0.75,0.9,,,,
2389,11,210,0.00003291,1.312229,0.6,0.85,,,,
2390,11,211,0.00003291,0.562506,0.85,1,,,,
2391,11,212,0.0000329,1.132303,0.8,0.8,,,,
2392,11,213,0.0000329,1.58762,0.7,0.8,,,,
2393,11,214,0.00003289,0.837863,0.9,0.9,,,,
2394,11,215,0.00003289,1.749323,0.55,0.8,,,,
2395,11,216,0.00003289,1.851881,0.5,0.8,,,,
2396,11,217,0.00003288,1.032808,0.75,0.85,,,,
2397,11,218,0.00003288,0.537502,0.9,0.95,,,,
2398,12,1,0.00003287,1.487638,0.7,0.85,,,,
2399,12,2,0.00003287,1.447117,0.65,0.8,,,,
2400,12,3,0.00003286,0.889669,0.75,0.9,,,,
2401,12,4,0.00003286,1.245189,0.8,0.85,,,,
2402,12,5,0.00003285,1.375136,0.65,0.8,,,,
2403,12,6,0.00003285,1.011551,0.85,0.85,,,,
2404,12,7,0.00003284,0.88462,0.8,0.9,,,,
2405,12,8,0.00003284,1.18603,0.7,0.85,,,,
2406,12,9,0.00003283,0.988316,0.8,0.85,,,,
2407,12,10,0.00003283,1.061768,0.8,0.85,,,,
2408,12,11,0.00003282,1.220255,0.7,0.9,,,,
2409,12,12,0.00003282,0.900862,0.8,0.9,,,,
2410,12,13,0.00003281,1.22364,0.75,0.85,,,,
2411,12,14,0.00003281,1.923728,0.55,0.75,,,,
2412,12,15,0.0000328,0.925507,0.8,0.9,,,,
2413,12,16,0.0000328,0.967871,0.75,0.8,,,,
2414,12,17,0.00003279,1.02158,0.75,0.85,,,,
2415,12,18,0.00003279,0.708897,0.8,0.95,,,,
2416,12,19,0.00003278,1.249537,0.6,0.8,,,,
2417,12,20,0.00003278,1.94361,0.6,0.7,,,,
2418,12,21,0.00003277,1.356025,0.6,0.85,,,,
2419,12,22,0.00003277,0.493095,0.95,0.95,,,,
2420,12,23,0.00003276,0.689905,0.9,0.9,,,,
2421,12,24,0.00003276,0.541285,0.8,0.95,,,,
2422,12,25,0.00003275,1.281258,0.65,0.8,,,,
2423,12,26,0.00003275,1.187077,0.7,0.8,,,,
2424,12,27,0.00003274,1.071193,0.7,0.9,,,,
2425,12,28,0.00003274,1.171875,0.8,0.8,,,,
2426,12,29,0.00003273,1.026044,0.75,0.8,,,,
2427,12,30,0.00003273,0.829364,0.8,0.95,,,,
2428,12,31,0.00003272,1.054624,0.7,0.9,,,,
2429,12,32,0.00003272,0.676503,0.9,0.9,,,,
2430,12,33,0.00003271,0.574757,0.9,0.95,,,,
2431,12,34,0.00003271,0.975854,0.75,0.85,,,,
2432,12,35,0.0000327,0.943157,0.8,0.85,,,,
2433,12,36,0.0000327,1.283114,0.7,0.8,,,,
2434,12,37,0.00003269,1.207992,0.6,0.9,,,,
2435,12,38,0.00003269,1.111986,0.65,0.9,,,,
2436,12,39,0.00003268,1.235197,0.7,0.8,,,,
2437,12,40,0.00003268,1.09107,0.65,0.85,,,,
2438,12,41,0.00003267,0.839733,0.75,0.95,,,,
2439,12,42,0.00003267,1.454681,0.65,0.75,,,,
2440,12,43,0.00003266,1.368056,0.65,0.8,,,,
2441,12,44,0.00003266,0.802459,0.8,0.9,,,,
2442,12,45,0.00003265,0.758388,0.8,0.95,,,,
2443,12,46,0.00003265,0.980917,0.8,0.9,,,,
2444,12,47,0.00003264,1.048058,0.75,0.8,,,,
2445,12,48,0.00003264,1.037936,0.7,0.85,,,,
2446,12,49,0.00003263,0.685915,0.85,0.95,,,,
2447,12,50,0.00003263,1.394649,0.6,0.85,,,,
2448,12,51,0.00003262,0.914378,0.85,0.85,,,,
2449,12,52,0.00003262,1.215974,0.75,0.8,,,,
2450,12,53,0.00003261,1.330543,0.7,0.9,,,,
2451,12,54,0.00003261,1.020881,0.75,0.9,,,,
2452,12,55,0.0000326,0.695155,0.9,0.9,,,,
2453,12,56,0.0000326,1.358526,0.6,0.8,,,,
2454,12,57,0.00003259,0.492606,0.85,0.95,,,,
2455,12,58,0.00003259,0.829659,0.85,0.95,,,,
2456,12,59,0.00003258,0.817686,0.85,0.95,,,,
2457,12,60,0.00003258,0.731721,0.85,0.9,,,,
2458,12,61,0.00003257,0.429561,0.95,1,,,,
2459,12,62,0.00003257,1.148453,0.7,0.95,,,,
2460,12,63,0.00003256,0.960239,0.75,0.95,,,,
2461,12,64,0.00003256,0.976756,0.8,0.8,,,,
2462,12,65,0.00003255,0.553993,0.85,0.95,,,,
2463,12,66,0.00003255,0.710926,0.9,0.95,,,,
2464,12,67,0.00003254,1.098227,0.7,0.85,,,,
2465,12,68,0.00003254,0.962654,0.85,0.9,,,,
2466,12,69,0.00003253,0.853982,0.7,1,,,,
2467,12,70,0.00003253,1.10116,0.75,0.95,,,,
2468,12,71,0.00003252,0.821352,0.85,0.95,,,,
2469,12,72,0.00003252,1.321339,0.65,0.8,,,,
2470,12,73,0.00003251,0.907403,0.75,0.85,,,,
2471,12,74,0.00003251,0.631482,0.75,1,,,,
2472,12,75,0.0000325,0.879723,0.75,0.95,,,,
2473,12,76,0.0000325,0.756564,0.85,0.9,,,,
2474,12,77,0.00003249,1.098017,0.75,0.8,,,,
2475,12,78,0.00003249,0.42042,0.85,1,,,,
2476,12,79,0.00003248,0.871968,0.85,0.85,,,,
2477,12,80,0.00003248,1.679356,0.55,0.75,,,,
2478,12,81,0.00003247,0.678004,0.8,1,,,,
2479,12,82,0.00003247,0.795388,0.85,0.95,,,,
2480,12,83,0.00003246,0.74398,0.8,0.9,,,,
2481,12,84,0.00003246,1.071198,0.7,0.85,,,,
2482,12,85,0.00003245,1.08244,0.75,0.85,,,,
2483,12,86,0.00003245,1.642407,0.6,0.8,,,,
2484,12,87,0.00003244,1.158362,0.6,0.85,,,,
2485,12,88,0.00003244,1.047776,0.8,0.9,,,,
2486,12,89,0.00003243,0.700842,0.8,1,,,,
2487,12,90,0.00003243,1.47975,0.7,0.85,,,,
2488,12,91,0.00003242,0.634909,0.85,0.95,,,,
2489,12,92,0.00003242,0.417083,0.95,1,,,,
2490,12,93,0.00003241,0.602456,0.8,1,,,,
2491,12,94,0.00003241,0.736849,0.8,0.95,,,,
2492,12,95,0.0000324,1.087518,0.7,0.9,,,,
2493,12,96,0.0000324,0.685153,0.9,0.95,,,,
2494,12,97,0.00003239,0.783381,0.8,0.9,,,,
2495,12,98,0.00003239,0.727535,0.85,0.95,,,,
2496,12,99,0.00003238,1.159882,0.7,0.85,,,,
2497,12,100,0.00003238,0.834912,0.8,0.9,,,,
2498,12,101,0.00003237,0.59857,0.9,1,,,,
2499,12,102,0.00003237,0.667653,0.9,0.9,,,,
2500,12,103,0.00003236,1.024439,0.75,0.9,,,,
2501,12,104,0.00003236,0.561623,0.8,1,,,,
2502,12,105,0.00003235,1.058451,0.65,0.95,,,,
2503,12,106,0.00003235,0.867658,0.75,0.9,,,,
2504,12,107,0.00003234,0.884113,0.8,0.95,,,,
2505,12,108,0.00003234,0.96147,0.75,0.9,,,,
2506,12,109,0.00003233,0.533047,0.9,1,,,,
2507,12,110,0.00003233,1.170107,0.75,0.85,,,,
2508,12,111,0.00003232,1.317233,0.7,0.75,,,,
2509,12,112,0.00003232,1.096577,0.7,0.8,,,,
2510,12,113,0.00003231,1.292548,0.65,0.85,,,,
2511,12,114,0.00003231,0.981866,0.7,0.9,,,,
2512,12,115,0.0000323,1.211784,0.75,0.9,,,,
2513,12,116,0.0000323,0.509443,0.85,1,,,,
2514,12,117,0.00003229,1.262185,0.75,0.75,,,,
2515,12,118,0.00003229,1.102156,0.65,0.9,,,,
2516,12,119,0.00003228,1.017599,0.7,0.85,,,,
2517,12,120,0.00003228,0.955381,0.8,0.9,,,,
2518,12,121,0.00003227,1.166913,0.75,0.8,,,,
2519,12,122,0.00003227,0.937795,0.75,0.95,,,,
2520,12,123,0.00003226,1.120482,0.75,0.85,,,,
2521,12,124,0.00003226,1.120865,0.75,0.9,,,,
2522,12,125,0.00003225,0.947107,0.7,0.95,,,,
2523,12,126,0.00003225,0.858646,0.7,0.95,,,,
2524,12,127,0.00003224,1.022961,0.75,0.9,,,,
2525,12,128,0.00003224,1.502051,0.65,0.8,,,,
2526,12,129,0.00003223,1.034963,0.7,0.9,,,,
2527,12,130,0.00003223,1.411901,0.7,0.85,,,,
2528,12,131,0.00003222,1.589978,0.65,0.75,,,,
2529,12,132,0.00003222,1.615707,0.65,0.75,,,,
2530,12,133,0.00003221,1.115894,0.75,0.9,,,,
2531,12,134,0.00003221,1.493706,0.65,0.8,,,,
2532,12,135,0.0000322,1.301297,0.7,0.8,,,,
2533,12,136,0.0000322,1.522771,0.75,0.8,,,,
2534,12,137,0.00003219,0.738814,0.8,0.95,,,,
2535,12,138,0.00003219,0.961168,0.8,0.9,,,,
2536,12,139,0.00003218,0.42817,0.9,0.95,,,,
2537,12,140,0.00003218,1.397163,0.6,0.8,,,,
2538,12,141,0.00003217,1.173454,0.7,0.8,,,,
2539,12,142,0.00003217,1.547713,0.65,0.75,,,,
2540,12,143,0.00003216,0.985,0.8,0.9,,,,
2541,12,144,0.00003216,0.911597,0.8,0.9,,,,
2542,12,145,0.00003215,0.3896,0.95,0.95,,,,
2543,12,146,0.00003215,1.044854,0.75,0.9,,,,
2544,12,147,0.00003214,1.61605,0.65,0.75,,,,
2545,12,148,0.00003214,0.962662,0.75,0.9,,,,
2546,12,149,0.00003213,0.991681,0.75,0.85,,,,
2547,12,150,0.00003213,0.74602,0.8,0.9,,,,
2548,12,151,0.00003212,0.845732,0.8,0.95,,,,
2549,12,152,0.00003212,1.088496,0.7,0.85,,,,
2550,12,153,0.00003211,0.890186,0.8,0.9,,,,
2551,12,154,0.00003211,0.974809,0.7,0.85,,,,
2552,12,155,0.0000321,1.319,0.7,0.9,,,,
2553,12,156,0.0000321,0.902578,0.85,0.85,,,,
2554,12,157,0.00003209,1.084815,0.65,0.9,,,,
2555,12,158,0.00003209,1.001839,0.75,0.95,,,,
2556,12,159,0.00003208,1.22532,0.7,0.9,,,,
2557,12,160,0.00003208,1.254664,0.7,0.8,,,,
2558,12,161,0.00003207,2.151586,0.55,0.6,,,,
2559,12,162,0.00003207,1.924916,0.45,0.75,,,,
2560,12,163,0.00003206,1.725802,0.55,0.85,,,,
2561,12,164,0.00003206,0.809744,0.9,0.95,,,,
2562,12,165,0.00003205,1.356877,0.6,0.75,,,,
2563,12,166,0.00003205,0.54315,0.9,0.95,,,,
2564,12,167,0.00003204,1.021873,0.75,0.85,,,,
2565,12,168,0.00003204,0.837003,0.75,0.85,,,,
2566,12,169,0.00003203,1.147289,0.7,0.85,,,,
2567,12,170,0.00003203,1.205469,0.7,0.85,,,,
2568,12,171,0.00003202,1.095467,0.75,0.9,,,,
2569,12,172,0.00003201,0.612754,0.9,0.95,,,,
2570,12,173,0.00003201,1.034479,0.65,0.9,,,,
2571,12,174,0.000032,1.151343,0.7,0.85,,,,
2572,12,175,0.000032,1.767404,0.6,0.7,,,,
2573,12,176,0.00003199,1.133411,0.6,0.85,,,,
2574,12,177,0.00003199,0.517832,0.95,1,,,,
2575,12,178,0.00003198,1.297017,0.7,0.85,,,,
2576,12,179,0.00003198,1.146195,0.75,0.85,,,,
2577,12,180,0.00003197,0.647507,0.85,0.9,,,,
2578,12,181,0.00003197,0.450979,0.9,0.95,,,,
2579,12,182,0.00003196,0.618075,0.85,0.9,,,,
2580,12,183,0.00003196,1.029782,0.75,0.9,,,,
2581,12,184,0.00003195,0.484898,0.95,1,,,,
2582,12,185,0.00003195,0.497009,0.85,1,,,,
2583,12,186,0.00003194,0.640154,0.85,1,,,,
2584,12,187,0.00003194,0.911692,0.8,0.9,,,,
2585,12,188,0.00003193,1.716173,0.55,0.75,,,,
2586,12,189,0.00003193,1.033856,0.75,0.8,,,,
2587,12,190,0.00003192,0.743358,0.85,1,,,,
2588,12,191,0.00003192,0.904728,0.8,0.9,,,,
2589,12,192,0.00003191,1.235078,0.75,0.85,,,,
2590,12,193,0.00003191,0.926393,0.75,0.9,,,,
2591,12,194,0.0000319,1.328757,0.7,0.85,,,,
2592,12,195,0.0000319,0.643297,0.75,0.95,,,,
2593,12,196,0.00003189,0.566559,0.95,0.95,,,,
2594,12,197,0.00003189,1.06376,0.9,0.9,,,,
2595,12,198,0.00003188,1.219725,0.75,0.8,,,,
2596,12,199,0.00003188,1.081828,0.75,0.9,,,,
2597,12,200,0.00003187,1.030514,0.75,0.85,,,,
2598,12,201,0.00003187,1.138494,0.7,0.85,,,,
2599,12,202,0.00003186,1.135723,0.65,0.85,,,,
2600,12,203,0.00003186,1.084163,0.75,0.9,,,,
2601,12,204,0.00003185,0.528471,0.85,0.9,,,,
2602,12,205,0.00003185,0.883137,0.7,0.95,,,,
2603,12,206,0.00003184,0.643251,0.9,0.95,,,,
2604,12,207,0.00003184,0.861014,0.75,0.85,,,,
2605,12,208,0.00003183,1.302451,0.75,0.85,,,,
2606,12,209,0.00003182,0.844617,0.8,0.95,,,,
2607,12,210,0.00003182,1.471684,0.6,0.8,,,,
2608,12,211,0.00003181,0.463318,0.9,0.95,,,,
2609,12,212,0.00003181,0.905383,0.85,0.9,,,,
2610,12,213,0.0000318,1.484897,0.65,0.75,,,,
2611,12,214,0.0000318,1.73432,0.55,0.75,,,,
2612,12,215,0.00003179,0.366079,0.95,1,,,,
2613,12,216,0.00003179,1.420637,0.6,0.85,,,,
2614,12,217,0.00003178,0.837896,0.8,0.8,,,,
2615,12,218,0.00003178,0.862056,0.8,0.9,,,,
2616,13,1,0.00003177,1.751946,0.55,0.65,,,,
2617,13,2,0.00003177,0.597091,0.85,1,,,,
2618,13,3,0.00003176,0.693708,0.85,0.9,,,,
2619,13,4,0.00003176,1.098288,0.85,0.9,,,,
2620,13,5,0.00003175,1.380093,0.7,0.8,,,,
2621,13,6,0.00003175,1.145345,0.8,0.85,,,,
2622,13,7,0.00003174,0.553986,0.95,0.95,,,,
2623,13,8,0.00003174,0.617326,0.85,0.95,,,,
2624,13,9,0.00003173,1.153741,0.7,0.9,,,,
2625,13,10,0.00003173,0.790635,0.85,0.95,,,,
2626,13,11,0.00003172,0.570114,0.85,0.95,,,,
2627,13,12,0.00003172,1.145402,0.65,0.9,,,,
2628,13,13,0.00003171,1.579819,0.7,0.75,,,,
2629,13,14,0.00003171,1.207235,0.75,0.75,,,,
2630,13,15,0.0000317,0.693128,0.85,0.95,,,,
2631,13,16,0.0000317,0.898273,0.75,0.9,,,,
2632,13,17,0.00003169,0.351804,0.9,1,,,,
2633,13,18,0.00003169,1.612014,0.6,0.8,,,,
2634,13,19,0.00003168,1.838766,0.7,0.75,,,,
2635,13,20,0.00003167,1.164114,0.65,0.9,,,,
2636,13,21,0.00003167,1.101852,0.7,0.85,,,,
2637,13,22,0.00003166,1.162725,0.65,0.85,,,,
2638,13,23,0.00003166,0.81922,0.8,0.9,,,,
2639,13,24,0.00003165,0.645721,0.8,0.95,,,,
2640,13,25,0.00003165,0.813158,0.75,0.95,,,,
2641,13,26,0.00003164,0.909422,0.8,0.8,,,,
2642,13,27,0.00003164,0.765416,0.75,1,,,,
2643,13,28,0.00003163,1.414056,0.6,0.85,,,,
2644,13,29,0.00003163,0.986631,0.8,0.9,,,,
2645,13,30,0.00003162,0.777258,0.85,0.95,,,,
2646,13,31,0.00003162,0.965242,0.8,0.9,,,,
2647,13,32,0.00003161,1.624695,0.55,0.8,,,,
2648,13,33,0.00003161,1.580701,0.7,0.8,,,,
2649,13,34,0.0000316,1.235227,0.7,0.8,,,,
2650,13,35,0.0000316,1.001284,0.8,0.85,,,,
2651,13,36,0.00003159,0.820794,0.8,0.9,,,,
2652,13,37,0.00003159,0.888462,0.75,0.85,,,,
2653,13,38,0.00003158,1.414678,0.7,0.8,,,,
2654,13,39,0.00003158,0.351625,0.9,1,,,,
2655,13,40,0.00003157,0.700898,0.85,0.9,,,,
2656,13,41,0.00003157,0.81577,0.85,0.95,,,,
2657,13,42,0.00003156,0.571976,0.9,0.95,,,,
2658,13,43,0.00003156,1.464598,0.7,0.75,,,,
2659,13,44,0.00003155,1.215083,0.7,0.9,,,,
2660,13,45,0.00003154,0.569145,0.8,1,,,,
2661,13,46,0.00003154,0.526886,0.9,0.95,,,,
2662,13,47,0.00003153,0.607342,0.95,0.95,,,,
2663,13,48,0.00003153,0.573648,0.85,1,,,,
2664,13,49,0.00003152,0.942163,0.7,0.9,,,,
2665,13,50,0.00003152,0.598327,0.9,0.9,,,,
2666,13,51,0.00003151,1.020962,0.7,0.8,,,,
2667,13,52,0.00003151,0.732773,0.8,0.95,,,,
2668,13,53,0.0000315,1.025315,0.75,0.85,,,,
2669,13,54,0.0000315,0.972508,0.65,1,,,,
2670,13,55,0.00003149,0.935138,0.75,0.85,,,,
2671,13,56,0.00003149,0.403454,0.85,1,,,,
2672,13,57,0.00003148,1.384851,0.65,0.8,,,,
2673,13,58,0.00003148,0.759409,0.85,0.9,,,,
2674,13,59,0.00003147,1.43165,0.65,0.8,,,,
2675,13,60,0.00003147,0.72078,0.8,0.9,,,,
2676,13,61,0.00003146,1.361908,0.7,0.9,,,,
2677,13,62,0.00003146,0.707918,0.75,1,,,,
2678,13,63,0.00003145,1.587429,0.65,0.75,,,,
2679,13,64,0.00003145,0.709634,0.75,0.95,,,,
2680,13,65,0.00003144,1.802002,0.65,0.75,,,,
2681,13,66,0.00003143,0.750302,0.85,0.95,,,,
2682,13,67,0.00003143,0.970953,0.75,0.85,,,,
2683,13,68,0.00003142,0.54736,0.85,0.95,,,,
2684,13,69,0.00003142,1.703776,0.5,0.85,,,,
2685,13,70,0.00003141,0.679848,0.85,0.95,,,,
2686,13,71,0.00003141,1.267622,0.65,0.85,,,,
2687,13,72,0.0000314,0.99292,0.75,0.85,,,,
2688,13,73,0.0000314,1.229581,0.75,0.85,,,,
2689,13,74,0.00003139,0.666571,0.85,0.95,,,,
2690,13,75,0.00003139,1.13858,0.7,0.85,,,,
2691,13,76,0.00003138,1.00403,0.8,0.85,,,,
2692,13,77,0.00003138,1.546402,0.7,0.75,,,,
2693,13,78,0.00003137,1.036915,0.75,0.9,,,,
2694,13,79,0.00003137,0.996428,0.75,0.85,,,,
2695,13,80,0.00003136,1.043311,0.75,0.85,,,,
2696,13,81,0.00003136,1.351235,0.65,0.8,,,,
2697,13,82,0.00003135,0.684131,0.9,1,,,,
2698,13,83,0.00003135,0.71834,0.75,0.95,,,,
2699,13,84,0.00003134,1.020382,0.8,0.85,,,,
2700,13,85,0.00003133,0.67703,0.75,0.95,,,,
2701,13,86,0.00003133,1.09198,0.65,0.9,,,,
2702,13,87,0.00003132,1.215587,0.75,0.85,,,,
2703,13,88,0.00003132,1.146703,0.7,0.9,,,,
2704,13,89,0.00003131,1.040757,0.8,0.8,,,,
2705,13,90,0.00003131,0.987109,0.75,0.85,,,,
2706,13,91,0.0000313,1.139571,0.7,0.9,,,,
2707,13,92,0.0000313,0.736962,0.8,0.95,,,,
2708,13,93,0.00003129,0.941589,0.7,0.9,,,,
2709,13,94,0.00003129,0.519322,0.85,0.95,,,,
2710,13,95,0.00003128,1.28774,0.7,0.8,,,,
2711,13,96,0.00003128,1.043069,0.75,0.9,,,,
2712,13,97,0.00003127,0.64261,0.9,0.95,,,,
2713,13,98,0.00003127,1.03021,0.75,0.85,,,,
2714,13,99,0.00003126,0.587995,0.95,0.95,,,,
2715,13,100,0.00003126,1.140115,0.8,0.85,,,,
2716,13,101,0.00003125,1.077051,0.7,0.8,,,,
2717,13,102,0.00003125,1.518468,0.6,0.75,,,,
2718,13,103,0.00003124,0.899124,0.75,1,,,,
2719,13,104,0.00003123,1.201028,0.65,0.9,,,,
2720,13,105,0.00003123,1.189529,0.7,0.85,,,,
2721,13,106,0.00003122,1.364622,0.65,0.85,,,,
2722,13,107,0.00003122,0.816323,0.75,0.95,,,,
2723,13,108,0.00003121,1.180936,0.75,0.85,,,,
2724,13,109,0.00003121,0.707468,0.75,0.95,,,,
2725,13,110,0.0000312,1.426083,0.75,0.9,,,,
2726,13,111,0.0000312,0.681484,0.9,0.9,,,,
2727,13,112,0.00003119,1.322316,0.7,0.8,,,,
2728,13,113,0.00003119,1.027251,0.75,0.85,,,,
2729,13,114,0.00003118,0.679181,0.8,0.95,,,,
2730,13,115,0.00003118,1.68865,0.6,0.75,,,,
2731,13,116,0.00003117,1.502799,0.65,0.75,,,,
2732,13,117,0.00003117,1.036161,0.8,0.8,,,,
2733,13,118,0.00003116,0.959514,0.8,0.85,,,,
2734,13,119,0.00003116,0.650618,0.85,0.9,,,,
2735,13,120,0.00003115,0.744913,0.85,0.9,,,,
2736,13,121,0.00003114,1.016781,0.75,0.9,,,,
2737,13,122,0.00003114,1.498272,0.75,0.75,,,,
2738,13,123,0.00003113,0.482495,0.9,1,,,,
2739,13,124,0.00003113,1.203015,0.75,0.8,,,,
2740,13,125,0.00003112,1.158759,0.75,0.85,,,,
2741,13,126,0.00003112,0.428323,0.9,1,,,,
2742,13,127,0.00003111,0.800847,0.8,0.9,,,,
2743,13,128,0.00003111,1.247414,0.65,0.8,,,,
2744,13,129,0.0000311,1.230734,0.7,0.8,,,,
2745,13,130,0.0000311,1.639825,0.65,0.75,,,,
2746,13,131,0.00003109,2.026216,0.5,0.7,,,,
2747,13,132,0.00003109,1.729991,0.5,0.8,,,,
2748,13,133,0.00003108,0.932344,0.8,0.9,,,,
2749,13,134,0.00003108,1.89167,0.55,0.7,,,,
2750,13,135,0.00003107,0.804372,0.75,0.9,,,,
2751,13,136,0.00003106,1.187484,0.7,0.85,,,,
2752,13,137,0.00003106,1.640736,0.6,0.75,,,,
2753,13,138,0.00003105,1.101011,0.7,0.85,,,,
2754,13,139,0.00003105,0.767407,0.8,0.95,,,,
2755,13,140,0.00003104,1.185253,0.75,0.85,,,,
2756,13,141,0.00003104,1.082534,0.75,0.95,,,,
2757,13,142,0.00003103,1.62027,0.55,0.75,,,,
2758,13,143,0.00003103,0.769046,0.8,0.9,,,,
2759,13,144,0.00003102,1.565013,0.55,0.75,,,,
2760,13,145,0.00003102,0.700085,0.7,1,,,,
2761,13,146,0.00003101,0.63546,0.9,0.95,,,,
2762,13,147,0.00003101,0.568269,0.85,0.95,,,,
2763,13,148,0.000031,0.965023,0.7,0.9,,,,
2764,13,149,0.000031,1.079419,0.8,0.85,,,,
2765,13,150,0.00003099,0.949935,0.85,0.9,,,,
2766,13,151,0.00003098,1.267059,0.7,0.8,,,,
2767,13,152,0.00003098,0.307473,0.95,1,,,,
2768,13,153,0.00003097,0.767823,0.8,0.9,,,,
2769,13,154,0.00003097,0.528116,0.95,0.95,,,,
2770,13,155,0.00003096,1.01864,0.7,1,,,,
2771,13,156,0.00003096,0.702604,0.8,0.9,,,,
2772,13,157,0.00003095,0.815527,0.85,0.9,,,,
2773,13,158,0.00003095,0.919607,0.8,0.9,,,,
2774,13,159,0.00003094,0.768484,0.8,0.9,,,,
2775,13,160,0.00003094,0.713484,0.8,0.95,,,,
2776,13,161,0.00003093,0.790308,0.75,0.95,,,,
2777,13,162,0.00003093,0.977451,0.8,0.85,,,,
2778,13,163,0.00003092,1.065258,0.75,0.95,,,,
2779,13,164,0.00003092,0.931432,0.75,0.9,,,,
2780,13,165,0.00003091,0.701344,0.8,0.9,,,,
2781,13,166,0.0000309,1.017001,0.8,0.9,,,,
2782,13,167,0.0000309,0.71617,0.8,1,,,,
2783,13,168,0.00003089,1.15803,0.7,0.8,,,,
2784,13,169,0.00003089,0.782314,0.8,0.95,,,,
2785,13,170,0.00003088,1.083011,0.75,0.9,,,,
2786,13,171,0.00003088,0.771956,0.85,0.85,,,,
2787,13,172,0.00003087,0.936457,0.8,0.9,,,,
2788,13,173,0.00003087,1.287326,0.7,0.85,,,,
2789,13,174,0.00003086,1.433088,0.7,0.75,,,,
2790,13,175,0.00003086,1.236479,0.65,0.8,,,,
2791,13,176,0.00003085,0.75929,0.9,0.95,,,,
2792,13,177,0.00003085,1.022006,0.8,0.85,,,,
2793,13,178,0.00003084,1.122441,0.75,0.85,,,,
2794,13,179,0.00003083,1.202418,0.6,0.85,,,,
2795,13,180,0.00003083,0.903829,0.9,0.9,,,,
2796,13,181,0.00003082,0.80015,0.85,0.95,,,,
2797,13,182,0.00003082,1.274327,0.75,0.75,,,,
2798,13,183,0.00003081,0.962373,0.75,0.95,,,,
2799,13,184,0.00003081,1.132266,0.75,0.85,,,,
2800,13,185,0.0000308,0.960053,0.8,0.95,,,,
2801,13,186,0.0000308,0.821301,0.8,0.95,,,,
2802,13,187,0.00003079,0.680699,0.8,0.95,,,,
2803,13,188,0.00003079,0.95312,0.7,0.9,,,,
2804,13,189,0.00003078,1.325651,0.6,0.8,,,,
2805,13,190,0.00003078,1.299247,0.6,0.85,,,,
2806,13,191,0.00003077,1.131265,0.8,0.85,,,,
2807,13,192,0.00003076,0.940516,0.8,0.85,,,,
2808,13,193,0.00003076,0.801679,0.85,0.85,,,,
2809,13,194,0.00003075,0.698813,0.85,0.95,,,,
2810,13,195,0.00003075,1.132037,0.8,0.95,,,,
2811,13,196,0.00003074,0.728867,0.85,0.9,,,,
2812,13,197,0.00003074,0.887951,0.8,0.9,,,,
2813,13,198,0.00003073,0.739811,0.9,0.95,,,,
2814,13,199,0.00003073,1.268338,0.75,0.8,,,,
2815,13,200,0.00003072,0.709048,0.9,0.9,,,,
2816,13,201,0.00003072,0.956742,0.8,0.85,,,,
2817,13,202,0.00003071,0.783884,0.8,0.95,,,,
2818,13,203,0.00003071,0.79091,0.8,0.9,,,,
2819,13,204,0.0000307,1.263554,0.65,0.85,,,,
2820,13,205,0.00003069,0.56318,0.8,1,,,,
2821,13,206,0.00003069,1.278076,0.7,0.8,,,,
2822,13,207,0.00003068,0.914477,0.8,0.85,,,,
2823,13,208,0.00003068,0.746452,0.8,0.95,,,,
2824,13,209,0.00003067,1.321713,0.75,0.8,,,,
2825,13,210,0.00003067,0.761409,0.8,0.9,,,,
2826,13,211,0.00003066,0.901773,0.7,0.9,,,,
2827,13,212,0.00003066,0.977643,0.8,0.85,,,,
2828,13,213,0.00003065,1.005763,0.75,0.85,,,,
2829,13,214,0.00003065,1.473595,0.7,0.8,,,,
2830,13,215,0.00003064,0.56991,0.8,1,,,,
2831,13,216,0.00003064,0.844443,0.75,0.95,,,,
2832,13,217,0.00003063,1.127939,0.7,0.85,,,,
2833,13,218,0.00003062,0.593632,0.9,0.95,,,,
2834,14,1,0.00003062,1.144822,0.7,0.8,,,,
2835,14,2,0.00003061,0.816369,0.85,0.9,,,,
2836,14,3,0.00003061,1.463004,0.7,0.8,,,,
2837,14,4,0.0000306,0.835638,0.85,0.85,,,,
2838,14,5,0.0000306,0.933739,0.8,0.85,,,,
2839,14,6,0.00003059,0.639994,0.9,0.9,,,,
2840,14,7,0.00003059,1.46735,0.65,0.8,,,,
2841,14,8,0.00003058,1.142163,0.7,0.8,,,,
2842,14,9,0.00003058,0.456615,0.9,1,,,,
2843,14,10,0.00003057,0.656634,0.9,0.95,,,,
2844,14,11,0.00003056,1.042487,0.8,0.85,,,,
2845,14,12,0.00003056,0.623663,0.8,1,,,,
2846,14,13,0.00003055,0.999573,0.8,0.9,,,,
2847,14,14,0.00003055,0.459628,0.9,0.95,,,,
2848,14,15,0.00003054,1.408034,0.65,0.7,,,,
2849,14,16,0.00003054,1.420127,0.65,0.75,,,,
2850,14,17,0.00003053,0.932014,0.75,0.85,,,,
2851,14,18,0.00003053,0.83484,0.85,0.9,,,,
2852,14,19,0.00003052,0.558445,0.9,0.95,,,,
2853,14,20,0.00003052,0.703234,0.75,0.95,,,,
2854,14,21,0.00003051,0.547557,0.85,0.9,,,,
2855,14,22,0.0000305,1.883855,0.55,0.75,,,,
2856,14,23,0.0000305,0.665622,0.85,0.95,,,,
2857,14,24,0.00003049,0.742169,0.85,0.9,,,,
2858,14,25,0.00003049,0.994176,0.75,0.9,,,,
2859,14,26,0.00003048,0.899335,0.8,0.9,,,,
2860,14,27,0.00003048,1.190749,0.75,0.8,,,,
2861,14,28,0.00003047,0.831408,0.85,0.95,,,,
2862,14,29,0.00003047,1.182552,0.7,0.9,,,,
2863,14,30,0.00003046,0.665973,0.95,0.95,,,,
2864,14,31,0.00003046,0.908503,0.75,0.95,,,,
2865,14,32,0.00003045,0.816866,0.75,0.95,,,,
2866,14,33,0.00003045,1.189214,0.8,0.85,,,,
2867,14,34,0.00003044,0.905827,0.7,1,,,,
2868,14,35,0.00003043,0.805753,0.8,0.9,,,,
2869,14,36,0.00003043,0.675235,0.85,0.95,,,,
2870,14,37,0.00003042,1.089078,0.8,0.9,,,,
2871,14,38,0.00003042,1.030402,0.75,0.8,,,,
2872,14,39,0.00003041,1.049942,0.8,0.85,,,,
2873,14,40,0.00003041,1.129683,0.65,0.85,,,,
2874,14,41,0.0000304,0.629083,0.85,0.95,,,,
2875,14,42,0.0000304,0.60124,0.9,0.95,,,,
2876,14,43,0.00003039,1.256349,0.75,0.85,,,,
2877,14,44,0.00003039,1.143279,0.75,0.85,,,,
2878,14,45,0.00003038,0.839325,0.75,0.9,,,,
2879,14,46,0.00003037,1.332965,0.7,0.85,,,,
2880,14,47,0.00003037,0.903333,0.8,0.9,,,,
2881,14,48,0.00003036,1.267182,0.7,0.9,,,,
2882,14,49,0.00003036,1.08749,0.75,0.85,,,,
2883,14,50,0.00003035,0.740577,0.8,0.95,,,,
2884,14,51,0.00003035,0.665797,0.85,0.95,,,,
2885,14,52,0.00003034,0.604285,0.9,0.95,,,,
2886,14,53,0.00003034,1.312183,0.7,0.8,,,,
2887,14,54,0.00003033,1.164429,0.65,0.85,,,,
2888,14,55,0.00003032,1.11671,0.8,0.8,,,,
2889,14,56,0.00003032,0.516174,0.9,0.95,,,,
2890,14,57,0.00003031,0.478516,0.95,1,,,,
2891,14,58,0.00003031,1.074451,0.7,0.95,,,,
2892,14,59,0.0000303,0.669456,0.85,0.9,,,,
2893,14,60,0.0000303,1.374342,0.6,0.9,,,,
2894,14,61,0.00003029,0.521342,0.9,0.95,,,,
2895,14,62,0.00003029,1.217909,0.7,0.85,,,,
2896,14,63,0.00003028,0.554277,0.85,0.9,,,,
2897,14,64,0.00003028,1.183031,0.75,0.85,,,,
2898,14,65,0.00003027,0.817822,0.85,0.85,,,,
2899,14,66,0.00003026,1.066377,0.75,0.85,,,,
2900,14,67,0.00003026,0.692221,0.85,0.95,,,,
2901,14,68,0.00003025,1.021349,0.75,0.9,,,,
2902,14,69,0.00003025,1.061842,0.75,0.85,,,,
2903,14,70,0.00003024,1.269503,0.7,0.8,,,,
2904,14,71,0.00003024,1.217903,0.7,0.9,,,,
2905,14,72,0.00003023,1.244151,0.75,0.8,,,,
2906,14,73,0.00003023,1.259781,0.6,0.85,,,,
2907,14,74,0.00003022,1.064225,0.8,0.9,,,,
2908,14,75,0.00003022,0.974675,0.75,0.95,,,,
2909,14,76,0.00003021,1.116744,0.8,0.85,,,,
2910,14,77,0.0000302,0.702192,0.85,0.95,,,,
2911,14,78,0.0000302,1.175831,0.75,0.85,,,,
2912,14,79,0.00003019,1.152398,0.75,0.85,,,,
2913,14,80,0.00003019,0.765031,0.75,0.95,,,,
2914,14,81,0.00003018,1.080849,0.7,0.85,,,,
2915,14,82,0.00003018,0.719305,0.8,1,,,,
2916,14,83,0.00003017,0.846923,0.85,0.9,,,,
2917,14,84,0.00003017,1.896841,0.5,0.65,,,,
2918,14,85,0.00003016,0.44268,0.85,0.95,,,,
2919,14,86,0.00003015,0.535028,0.9,0.95,,,,
2920,14,87,0.00003015,0.513637,0.85,1,,,,
2921,14,88,0.00003014,0.601621,0.85,1,,,,
2922,14,89,0.00003014,1.446688,0.7,0.75,,,,
2923,14,90,0.00003013,0.499097,0.95,0.95,,,,
2924,14,91,0.00003013,0.421244,0.9,0.95,,,,
2925,14,92,0.00003012,0.852203,0.8,0.85,,,,
2926,14,93,0.00003012,1.900794,0.6,0.65,,,,
2927,14,94,0.00003011,0.568381,0.9,0.95,,,,
2928,14,95,0.00003011,1.331702,0.75,0.8,,,,
2929,14,96,0.0000301,0.580877,0.85,0.9,,,,
2930,14,97,0.00003009,0.903595,0.75,0.9,,,,
2931,14,98,0.00003009,0.354584,0.95,1,,,,
2932,14,99,0.00003008,0.431066,0.9,1,,,,
2933,14,100,0.00003008,0.757978,0.8,1,,,,
2934,14,101,0.00003007,0.460537,0.85,1,,,,
2935,14,102,0.00003007,1.469677,0.65,0.8,,,,
2936,14,103,0.00003006,0.693501,0.8,0.95,,,,
2937,14,104,0.00003006,0.826365,0.85,0.9,,,,
2938,14,105,0.00003005,0.964244,0.8,0.85,,,,
2939,14,106,0.00003004,1.46353,0.7,0.8,,,,
2940,14,107,0.00003004,1.096985,0.8,0.85,,,,
2941,14,108,0.00003003,1.264575,0.75,0.85,,,,
2942,14,109,0.00003003,0.795851,0.75,0.9,,,,
2943,14,110,0.00003002,1.318686,0.7,0.75,,,,
2944,14,111,0.00003002,1.322572,0.75,0.8,,,,
2945,14,112,0.00003001,0.855279,0.8,0.9,,,,
2946,14,113,0.00003001,0.892469,0.75,0.9,,,,
2947,14,114,0.00003,0.519669,0.9,0.95,,,,
2948,14,115,0.00002999,0.913572,0.75,0.95,,,,
2949,14,116,0.00002999,1.012749,0.7,0.8,,,,
2950,14,117,0.00002998,0.358611,0.9,1,,,,
2951,14,118,0.00002998,0.844921,0.8,0.85,,,,
2952,14,119,0.00002997,0.980008,0.85,0.85,,,,
2953,14,120,0.00002997,1.249969,0.7,0.8,,,,
2954,14,121,0.00002996,0.527821,0.9,0.95,,,,
2955,14,122,0.00002996,0.703913,0.75,0.95,,,,
2956,14,123,0.00002995,1.175259,0.65,0.85,,,,
2957,14,124,0.00002994,1.006797,0.75,0.85,,,,
2958,14,125,0.00002994,1.02437,0.75,0.9,,,,
2959,14,126,0.00002993,0.754307,0.85,0.9,,,,
2960,14,127,0.00002993,0.885979,0.7,0.95,,,,
2961,14,128,0.00002992,0.425879,0.85,1,,,,
2962,14,129,0.00002992,1.028591,0.75,0.9,,,,
2963,14,130,0.00002991,1.229355,0.6,0.9,,,,
2964,14,131,0.00002991,0.719461,0.9,0.9,,,,
2965,14,132,0.0000299,1.157425,0.75,0.8,,,,
2966,14,133,0.00002989,0.921981,0.8,0.9,,,,
2967,14,134,0.00002989,0.981025,0.8,0.85,,,,
2968,14,135,0.00002988,0.900172,0.8,0.85,,,,
2969,14,136,0.00002988,1.008325,0.85,0.9,,,,
2970,14,137,0.00002987,0.795732,0.85,0.85,,,,
2971,14,138,0.00002987,0.708853,0.75,0.95,,,,
2972,14,139,0.00002986,1.276227,0.65,0.9,,,,
2973,14,140,0.00002986,0.482474,0.9,1,,,,
2974,14,141,0.00002985,0.873587,0.75,0.95,,,,
2975,14,142,0.00002984,0.861455,0.8,0.9,,,,
2976,14,143,0.00002984,1.089973,0.75,0.95,,,,
2977,14,144,0.00002983,0.465124,0.9,1,,,,
2978,14,145,0.00002983,1.000463,0.7,0.85,,,,
2979,14,146,0.00002982,1.250937,0.7,0.8,,,,
2980,14,147,0.00002982,0.669863,0.85,0.9,,,,
2981,14,148,0.00002981,0.599809,0.85,0.9,,,,
2982,14,149,0.00002981,0.509474,0.9,1,,,,
2983,14,150,0.0000298,1.323228,0.65,0.85,,,,
2984,14,151,0.00002979,1.845502,0.5,0.75,,,,
2985,14,152,0.00002979,0.792853,0.85,0.85,,,,
2986,14,153,0.00002978,0.884836,0.75,0.9,,,,
2987,14,154,0.00002978,0.749187,0.85,0.9,,,,
2988,14,155,0.00002977,1.432768,0.65,0.85,,,,
2989,14,156,0.00002977,1.040332,0.75,0.85,,,,
2990,14,157,0.00002976,1.092569,0.7,0.85,,,,
2991,14,158,0.00002976,0.868852,0.8,0.9,,,,
2992,14,159,0.00002975,0.73464,0.85,0.9,,,,
2993,14,160,0.00002974,1.096608,0.65,0.85,,,,
2994,14,161,0.00002974,0.310569,1,1,,,,
2995,14,162,0.00002973,0.629345,0.85,0.9,,,,
2996,14,163,0.00002973,0.54932,0.9,0.95,,,,
2997,14,164,0.00002972,1.001059,0.75,0.95,,,,
2998,14,165,0.00002972,1.76101,0.6,0.7,,,,
2999,14,166,0.00002971,0.90254,0.7,0.95,,,,
3000,14,167,0.00002971,1.15946,0.75,0.85,,,,
3001,14,168,0.0000297,0.496814,0.95,1,,,,
3002,14,169,0.00002969,0.625616,0.85,0.95,,,,
3003,14,170,0.00002969,1.24748,0.7,0.85,,,,
3004,14,171,0.00002968,1.491686,0.6,0.75,,,,
3005,14,172,0.00002968,1.155382,0.65,0.85,,,,
3006,14,173,0.00002967,0.849999,0.8,0.85,,,,
3007,14,174,0.00002967,1.132578,0.75,0.8,,,,
3008,14,175,0.00002966,1.330475,0.7,0.8,,,,
3009,14,176,0.00002965,0.816432,0.85,0.9,,,,
3010,14,177,0.00002965,0.25632,0.9,1,,,,
3011,14,178,0.00002964,0.707624,0.85,0.95,,,,
3012,14,179,0.00002964,0.596693,0.9,0.95,,,,
3013,14,180,0.00002963,0.480153,0.9,0.95,,,,
3014,14,181,0.00002963,0.804557,0.8,0.85,,,,
3015,14,182,0.00002962,0.45132,0.85,0.95,,,,
3016,14,183,0.00002962,0.654889,0.8,0.95,,,,
3017,14,184,0.00002961,0.429598,0.95,1,,,,
3018,14,185,0.0000296,1.088823,0.75,0.8,,,,
3019,14,186,0.0000296,0.974986,0.75,0.85,,,,
3020,14,187,0.00002959,0.764813,0.8,1,,,,
3021,14,188,0.00002959,0.79933,0.85,0.9,,,,
3022,14,189,0.00002958,0.806679,0.8,0.9,,,,
3023,14,190,0.00002958,1.834511,0.55,0.65,,,,
3024,14,191,0.00002957,1.02609,0.8,0.85,,,,
3025,14,192,0.00002957,0.858248,0.75,0.85,,,,
3026,14,193,0.00002956,1.045806,0.75,0.85,,,,
3027,14,194,0.00002955,1.422762,0.65,0.8,,,,
3028,14,195,0.00002955,0.570581,0.9,0.95,,,,
3029,14,196,0.00002954,1.00084,0.75,0.9,,,,
3030,14,197,0.00002954,0.75641,0.75,0.95,,,,
3031,14,198,0.00002953,2.085028,0.6,0.7,,,,
3032,14,199,0.00002953,0.726041,0.75,0.9,,,,
3033,14,200,0.00002952,0.736642,0.85,0.9,,,,
3034,14,201,0.00002951,0.781237,0.85,0.85,,,,
3035,14,202,0.00002951,0.797775,0.8,0.95,,,,
3036,14,203,0.0000295,1.174955,0.7,0.85,,,,
3037,14,204,0.0000295,1.334757,0.7,0.8,,,,
3038,14,205,0.00002949,1.299013,0.7,0.75,,,,
3039,14,206,0.00002949,0.520219,0.95,0.95,,,,
3040,14,207,0.00002948,0.585441,0.9,0.9,,,,
3041,14,208,0.00002948,1.215552,0.7,0.75,,,,
3042,14,209,0.00002947,0.423095,0.9,0.95,,,,
3043,14,210,0.00002946,0.488455,0.85,0.95,,,,
3044,14,211,0.00002946,0.771371,0.85,0.9,,,,
3045,14,212,0.00002945,1.639977,0.55,0.8,,,,
3046,14,213,0.00002945,0.792126,0.75,0.95,,,,
3047,14,214,0.00002944,0.865678,0.8,0.9,,,,
3048,14,215,0.00002944,0.643062,0.75,0.95,,,,
3049,14,216,0.00002943,1.086971,0.8,0.8,,,,
3050,14,217,0.00002942,0.534303,0.9,0.95,,,,
3051,14,218,0.00002942,0.459544,0.8,1,,,,
3052,15,1,0.00002941,0.80689,0.8,0.95,,,,
3053,15,2,0.00002941,0.703912,0.9,0.9,,,,
3054,15,3,0.0000294,0.604695,0.85,0.9,,,,
3055,15,4,0.0000294,0.507133,0.85,1,,,,
3056,15,5,0.00002939,1.179299,0.75,0.85,,,,
3057,15,6,0.00002938,1.142352,0.7,0.85,,,,
3058,15,7,0.00002938,0.538179,0.8,0.95,,,,
3059,15,8,0.00002937,0.913181,0.8,0.85,,,,
3060,15,9,0.00002937,1.282604,0.7,0.85,,,,
3061,15,10,0.00002936,0.775891,0.85,0.95,,,,
3062,15,11,0.00002936,1.152324,0.65,0.95,,,,
3063,15,12,0.00002935,1.187482,0.75,0.85,,,,
3064,15,13,0.00002935,1.195945,0.75,0.8,,,,
3065,15,14,0.00002934,1.139895,0.65,0.95,,,,
3066,15,15,0.00002933,0.745524,0.85,0.95,,,,
3067,15,16,0.00002933,1.030059,0.7,0.85,,,,
3068,15,17,0.00002932,0.587634,0.9,0.95,,,,
3069,15,18,0.00002932,0.658149,0.8,0.85,,,,
3070,15,19,0.00002931,0.854117,0.85,0.85,,,,
3071,15,20,0.00002931,1.214856,0.8,0.85,,,,
3072,15,21,0.0000293,1.200358,0.6,0.95,,,,
3073,15,22,0.00002929,1.093485,0.7,0.85,,,,
3074,15,23,0.00002929,1.029694,0.75,0.8,,,,
3075,15,24,0.00002928,0.919579,0.75,0.9,,,,
3076,15,25,0.00002928,1.290286,0.75,0.85,,,,
3077,15,26,0.00002927,0.757234,0.85,0.9,,,,
3078,15,27,0.00002927,1.317499,0.7,0.75,,,,
3079,15,28,0.00002926,1.454729,0.65,0.8,,,,
3080,15,29,0.00002925,0.845973,0.85,0.85,,,,
3081,15,30,0.00002925,0.665276,0.85,0.95,,,,
3082,15,31,0.00002924,0.649645,0.85,0.9,,,,
3083,15,32,0.00002924,1.394646,0.6,0.75,,,,
3084,15,33,0.00002923,1.043116,0.75,0.85,,,,
3085,15,34,0.00002923,0.682471,0.8,0.95,,,,
3086,15,35,0.00002922,0.76302,0.8,0.85,,,,
3087,15,36,0.00002922,0.412669,0.9,0.95,,,,
3088,15,37,0.00002921,0.768135,0.85,0.9,,,,
3089,15,38,0.0000292,0.581281,0.85,1,,,,
3090,15,39,0.0000292,0.909329,0.8,0.9,,,,
3091,15,40,0.00002919,1.048125,0.7,0.9,,,,
3092,15,41,0.00002919,1.550433,0.75,0.85,,,,
3093,15,42,0.00002918,0.811873,0.8,0.95,,,,
3094,15,43,0.00002918,0.953507,0.8,0.9,,,,
3095,15,44,0.00002917,0.530586,0.85,1,,,,
3096,15,45,0.00002916,1.426598,0.65,0.8,,,,
3097,15,46,0.00002916,0.817043,0.85,0.9,,,,
3098,15,47,0.00002915,0.726583,0.85,0.9,,,,
3099,15,48,0.00002915,0.47523,0.9,0.95,,,,
3100,15,49,0.00002914,1.082407,0.65,0.9,,,,
3101,15,50,0.00002914,1.073411,0.7,0.9,,,,
3102,15,51,0.00002913,1.010014,0.7,0.95,,,,
3103,15,52,0.00002912,0.537661,0.85,1,,,,
3104,15,53,0.00002912,0.435794,0.9,0.95,,,,
3105,15,54,0.00002911,0.764013,0.85,0.85,,,,
3106,15,55,0.00002911,0.899287,0.8,0.9,,,,
3107,15,56,0.0000291,0.721057,0.8,1,,,,
3108,15,57,0.0000291,1.418734,0.65,0.75,,,,
3109,15,58,0.00002909,0.359632,1,1,,,,
3110,15,59,0.00002908,0.44827,0.95,0.95,,,,
3111,15,60,0.00002908,1.211096,0.75,0.8,,,,
3112,15,61,0.00002907,0.868008,0.8,0.85,,,,
3113,15,62,0.00002907,1.228051,0.6,0.85,,,,
3114,15,63,0.00002906,0.636949,0.85,1,,,,
3115,15,64,0.00002906,1.156415,0.65,0.9,,,,
3116,15,65,0.00002905,0.509233,0.85,0.95,,,,
3117,15,66,0.00002904,1.087341,0.75,0.9,,,,
3118,15,67,0.00002904,0.785296,0.75,0.9,,,,
3119,15,68,0.00002903,1.111456,0.8,0.8,,,,
3120,15,69,0.00002903,0.705867,0.85,1,,,,
3121,15,70,0.00002902,1.032376,0.75,0.9,,,,
3122,15,71,0.00002902,1.05936,0.65,0.85,,,,
3123,15,72,0.00002901,0.415038,0.95,1,,,,
3124,15,73,0.000029,0.60858,0.85,0.95,,,,
3125,15,74,0.000029,1.346179,0.7,0.8,,,,
3126,15,75,0.00002899,1.101538,0.75,0.8,,,,
3127,15,76,0.00002899,1.044656,0.8,0.9,,,,
3128,15,77,0.00002898,0.906232,0.75,0.9,,,,
3129,15,78,0.00002898,0.622114,0.85,0.95,,,,
3130,15,79,0.00002897,1.269598,0.65,0.8,,,,
3131,15,80,0.00002896,0.797204,0.8,0.9,,,,
3132,15,81,0.00002896,0.831319,0.8,0.95,,,,
3133,15,82,0.00002895,0.798108,0.75,0.95,,,,
3134,15,83,0.00002895,1.255313,0.7,0.8,,,,
3135,15,84,0.00002894,1.081355,0.7,0.85,,,,
3136,15,85,0.00002894,1.249221,0.7,0.85,,,,
3137,15,86,0.00002893,1.010326,0.8,0.95,,,,
3138,15,87,0.00002892,1.1853,0.7,0.8,,,,
3139,15,88,0.00002892,0.5397,0.85,1,,,,
3140,15,89,0.00002891,1.21016,0.75,0.8,,,,
3141,15,90,0.00002891,0.357596,0.85,1,,,,
3142,15,91,0.0000289,0.227036,0.95,1,,,,
3143,15,92,0.0000289,1.456485,0.65,0.7,,,,
3144,15,93,0.00002889,1.172572,0.75,0.75,,,,
3145,15,94,0.00002888,0.854685,0.85,0.85,,,,
3146,15,95,0.00002888,1.188261,0.7,0.8,,,,
3147,15,96,0.00002887,1.309246,0.7,0.85,,,,
3148,15,97,0.00002887,0.879339,0.75,0.95,,,,
3149,15,98,0.00002886,0.621573,0.85,0.9,,,,
3150,15,99,0.00002886,0.546238,0.9,0.9,,,,
3151,15,100,0.00002885,0.923352,0.75,0.95,,,,
3152,15,101,0.00002884,0.5527,0.9,0.95,,,,
3153,15,102,0.00002884,0.925451,0.75,0.85,,,,
3154,15,103,0.00002883,1.422572,0.65,0.8,,,,
3155,15,104,0.00002883,1.37659,0.75,0.8,,,,
3156,15,105,0.00002882,0.752373,0.75,0.9,,,,
3157,15,106,0.00002882,1.601904,0.6,0.75,,,,
3158,15,107,0.00002881,0.614548,0.95,0.95,,,,
3159,15,108,0.0000288,1.068264,0.8,0.8,,,,
3160,15,109,0.0000288,1.379809,0.75,0.8,,,,
3161,15,110,0.00002879,0.625277,0.8,0.9,,,,
3162,15,111,0.00002879,1.566715,0.55,0.75,,,,
3163,15,112,0.00002878,1.219548,0.7,0.85,,,,
3164,15,113,0.00002878,1.038497,0.75,0.9,,,,
3165,15,114,0.00002877,1.249729,0.7,0.85,,,,
3166,15,115,0.00002876,1.073183,0.8,0.8,,,,
3167,15,116,0.00002876,1.271362,0.65,0.9,,,,
3168,15,117,0.00002875,0.289972,0.95,1,,,,
3169,15,118,0.00002875,1.515909,0.65,0.65,,,,
3170,15,119,0.00002874,1.045399,0.8,0.85,,,,
3171,15,120,0.00002874,0.425719,0.95,1,,,,
3172,15,121,0.00002873,1.45455,0.65,0.75,,,,
3173,15,122,0.00002872,0.667474,0.8,0.95,,,,
3174,15,123,0.00002872,0.598192,0.9,0.95,,,,
3175,15,124,0.00002871,0.628171,0.9,0.9,,,,
3176,15,125,0.00002871,0.837747,0.75,0.85,,,,
3177,15,126,0.0000287,1.733992,0.6,0.7,,,,
3178,15,127,0.00002869,0.525139,0.9,1,,,,
3179,15,128,0.00002869,1.570547,0.6,0.8,,,,
3180,15,129,0.00002868,0.640227,0.85,1,,,,
3181,15,130,0.00002868,0.654805,0.9,0.9,,,,
3182,15,131,0.00002867,0.723486,0.85,0.95,,,,
3183,15,132,0.00002867,0.994422,0.8,0.85,,,,
3184,15,133,0.00002866,0.648537,0.9,0.9,,,,
3185,15,134,0.00002865,1.124591,0.75,0.8,,,,
3186,15,135,0.00002865,1.301217,0.6,0.9,,,,
3187,15,136,0.00002864,1.370421,0.65,0.8,,,,
3188,15,137,0.00002864,1.382612,0.6,0.8,,,,
3189,15,138,0.00002863,0.858979,0.8,0.9,,,,
3190,15,139,0.00002863,0.758275,0.85,0.9,,,,
3191,15,140,0.00002862,1.192014,0.75,0.85,,,,
3192,15,141,0.00002861,1.443006,0.6,0.8,,,,
3193,15,142,0.00002861,0.532782,0.85,0.95,,,,
3194,15,143,0.0000286,0.275422,0.95,1,,,,
3195,15,144,0.0000286,0.688312,0.8,0.95,,,,
3196,15,145,0.00002859,0.856137,0.8,0.9,,,,
3197,15,146,0.00002859,1.12355,0.65,0.9,,,,
3198,15,147,0.00002858,0.693641,0.85,0.9,,,,
3199,15,148,0.00002857,0.818133,0.8,0.9,,,,
3200,15,149,0.00002857,0.820918,0.85,0.9,,,,
3201,15,150,0.00002856,0.631926,0.9,0.95,,,,
3202,15,151,0.00002856,0.75085,0.85,0.9,,,,
3203,15,152,0.00002855,1.113229,0.7,0.85,,,,
3204,15,153,0.00002854,0.859603,0.8,0.9,,,,
3205,15,154,0.00002854,1.044635,0.75,0.85,,,,
3206,15,155,0.00002853,0.73525,0.8,0.9,,,,
3207,15,156,0.00002853,1.02287,0.8,0.85,,,,
3208,15,157,0.00002852,0.858145,0.85,0.85,,,,
3209,15,158,0.00002852,1.426727,0.7,0.8,,,,
3210,15,159,0.00002851,0.779204,0.75,0.95,,,,
3211,15,160,0.0000285,0.740461,0.8,0.9,,,,
3212,15,161,0.0000285,1.133521,0.8,0.85,,,,
3213,15,162,0.00002849,0.592552,0.8,0.95,,,,
3214,15,163,0.00002849,0.866616,0.8,0.85,,,,
3215,15,164,0.00002848,1.023235,0.7,0.9,,,,
3216,15,165,0.00002848,0.673098,0.75,1,,,,
3217,15,166,0.00002847,1.60394,0.6,0.8,,,,
3218,15,167,0.00002846,1.016878,0.75,0.85,,,,
3219,15,168,0.00002846,0.86194,0.7,0.9,,,,
3220,15,169,0.00002845,1.044431,0.7,0.9,,,,
3221,15,170,0.00002845,1.250234,0.7,0.75,,,,
3222,15,171,0.00002844,1.075984,0.75,0.8,,,,
3223,15,172,0.00002843,1.280294,0.65,0.8,,,,
3224,15,173,0.00002843,1.277327,0.75,0.85,,,,
3225,15,174,0.00002842,0.79714,0.75,0.95,,,,
3226,15,175,0.00002842,0.475179,0.9,0.95,,,,
3227,15,176,0.00002841,1.093462,0.7,0.9,,,,
3228,15,177,0.00002841,1.174003,0.7,0.8,,,,
3229,15,178,0.0000284,0.820238,0.65,1,,,,
3230,15,179,0.00002839,0.670486,0.8,0.95,,,,
3231,15,180,0.00002839,0.690914,0.8,0.95,,,,
3232,15,181,0.00002838,0.551122,0.95,0.95,,,,
3233,15,182,0.00002838,0.560628,0.85,0.95,,,,
3234,15,183,0.00002837,1.078751,0.75,0.85,,,,
3235,15,184,0.00002837,0.858242,0.8,0.8,,,,
3236,15,185,0.00002836,1.022603,0.8,0.9,,,,
3237,15,186,0.00002835,1.019391,0.8,0.85,,,,
3238,15,187,0.00002835,0.967564,0.8,0.9,,,,
3239,15,188,0.00002834,1.222144,0.7,0.9,,,,
3240,15,189,0.00002834,0.617319,0.75,1,,,,
3241,15,190,0.00002833,1.368259,0.7,0.8,,,,
3242,15,191,0.00002832,0.900716,0.8,0.9,,,,
3243,15,192,0.00002832,1.053643,0.75,0.8,,,,
3244,15,193,0.00002831,0.895008,0.8,0.85,,,,
3245,15,194,0.00002831,1.720382,0.65,0.75,,,,
3246,15,195,0.0000283,0.579675,0.8,0.95,,,,
3247,15,196,0.0000283,0.901903,0.75,0.95,,,,
3248,15,197,0.00002829,0.766273,0.85,0.9,,,,
3249,15,198,0.00002828,0.478087,0.95,1,,,,
3250,15,199,0.00002828,1.144126,0.65,0.9,,,,
3251,15,200,0.00002827,0.994363,0.85,0.85,,,,
3252,15,201,0.00002827,0.786302,0.8,0.95,,,,
3253,15,202,0.00002826,1.293532,0.65,0.9,,,,
3254,15,203,0.00002825,1.13626,0.7,0.85,,,,
3255,15,204,0.00002825,0.856319,0.8,0.85,,,,
3256,15,205,0.00002824,1.247761,0.75,0.85,,,,
3257,15,206,0.00002824,1.69717,0.5,0.8,,,,
3258,15,207,0.00002823,1.075758,0.85,0.85,,,,
3259,15,208,0.00002823,0.439083,0.85,0.95,,,,
3260,15,209,0.00002822,1.316018,0.65,0.8,,,,
3261,15,210,0.00002821,1.174153,0.75,0.8,,,,
3262,15,211,0.00002821,0.664822,0.9,0.9,,,,
3263,15,212,0.0000282,0.987346,0.8,0.9,,,,
3264,15,213,0.0000282,0.544783,0.85,1,,,,
3265,15,214,0.00002819,0.693597,0.85,0.95,,,,
3266,15,215,0.00002818,1.522251,0.65,0.75,,,,
3267,15,216,0.00002818,0.909462,0.8,0.9,,,,
3268,15,217,0.00002817,1.008683,0.75,0.85,,,,
3269,15,218,0.00002817,0.731948,0.8,0.95,,,,
3270,16,1,0.00002816,0.639415,0.85,0.9,,,,
3271,16,2,0.00002816,0.432759,0.9,1,,,,
3272,16,3,0.00002815,1.143815,0.75,0.8,,,,
3273,16,4,0.00002814,0.272128,0.95,1,,,,
3274,16,5,0.00002814,1.082162,0.7,0.85,,,,
3275,16,6,0.00002813,0.848477,0.8,0.9,,,,
3276,16,7,0.00002813,0.584144,0.8,1,,,,
3277,16,8,0.00002812,1.378634,0.65,0.8,,,,
3278,16,9,0.00002811,0.418739,0.9,0.95,,,,
3279,16,10,0.00002811,0.861827,0.75,0.9,,,,
3280,16,11,0.0000281,1.001482,0.8,0.85,,,,
3281,16,12,0.0000281,0.937123,0.75,0.9,,,,
3282,16,13,0.00002809,1.147076,0.7,0.85,,,,
3283,16,14,0.00002809,0.69844,0.9,0.95,,,,
3284,16,15,0.00002808,0.731509,0.85,0.9,,,,
3285,16,16,0.00002807,0.624136,0.85,0.9,,,,
3286,16,17,0.00002807,0.761982,0.9,1,,,,
3287,16,18,0.00002806,1.272167,0.7,0.75,,,,
3288,16,19,0.00002806,0.580727,0.85,0.95,,,,
3289,16,20,0.00002805,1.004321,0.75,0.85,,,,
3290,16,21,0.00002804,0.538598,0.75,1,,,,
3291,16,22,0.00002804,1.083569,0.7,0.85,,,,
3292,16,23,0.00002803,0.524356,0.85,0.95,,,,
3293,16,24,0.00002803,1.69367,0.6,0.75,,,,
3294,16,25,0.00002802,0.739925,0.85,0.9,,,,
3295,16,26,0.00002802,0.631301,0.9,0.95,,,,
3296,16,27,0.00002801,0.376451,0.95,0.95,,,,
3297,16,28,0.000028,0.639634,0.95,0.95,,,,
3298,16,29,0.000028,0.668921,0.8,0.95,,,,
3299,16,30,0.00002799,0.489133,0.9,0.95,,,,
3300,16,31,0.00002799,0.904256,0.8,0.85,,,,
3301,16,32,0.00002798,0.851563,0.85,0.9,,,,
3302,16,33,0.00002797,1.336035,0.75,0.85,,,,
3303,16,34,0.00002797,0.959715,0.75,0.9,,,,
3304,16,35,0.00002796,0.76308,0.8,0.9,,,,
3305,16,36,0.00002796,0.483845,0.9,0.9,,,,
3306,16,37,0.00002795,0.624128,0.9,0.95,,,,
3307,16,38,0.00002795,0.72068,0.75,0.9,,,,
3308,16,39,0.00002794,0.781883,0.75,0.85,,,,
3309,16,40,0.00002793,0.319517,0.95,1,,,,
3310,16,41,0.00002793,0.817279,0.85,0.9,,,,
3311,16,42,0.00002792,0.848665,0.7,1,,,,
3312,16,43,0.00002792,0.750123,0.85,0.95,,,,
3313,16,44,0.00002791,1.266565,0.65,0.8,,,,
3314,16,45,0.0000279,0.803179,0.9,0.9,,,,
3315,16,46,0.0000279,0.59899,0.8,1,,,,
3316,16,47,0.00002789,0.641135,0.9,1,,,,
3317,16,48,0.00002789,0.591932,0.85,0.9,,,,
3318,16,49,0.00002788,0.891764,0.8,0.9,,,,
3319,16,50,0.00002787,0.734374,0.85,0.9,,,,
3320,16,51,0.00002787,0.495842,0.85,1,,,,
3321,16,52,0.00002786,0.721013,0.85,0.9,,,,
3322,16,53,0.00002786,1.331119,0.7,0.8,,,,
3323,16,54,0.00002785,1.185392,0.7,0.8,,,,
3324,16,55,0.00002785,0.521721,0.9,0.95,,,,
3325,16,56,0.00002784,0.741132,0.85,0.85,,,,
3326,16,57,0.00002783,1.038348,0.75,0.85,,,,
3327,16,58,0.00002783,0.577228,0.85,0.9,,,,
3328,16,59,0.00002782,1.105371,0.75,0.8,,,,
3329,16,60,0.00002782,1.002692,0.75,0.85,,,,
3330,16,61,0.00002781,0.181937,1,1,,,,
3331,16,62,0.0000278,1.263255,0.7,0.8,,,,
3332,16,63,0.0000278,0.546079,0.85,0.95,,,,
3333,16,64,0.00002779,0.82999,0.8,0.9,,,,
3334,16,65,0.00002779,0.639739,0.85,0.95,,,,
3335,16,66,0.00002778,1.313807,0.7,0.85,,,,
3336,16,67,0.00002777,0.59532,0.85,0.95,,,,
3337,16,68,0.00002777,0.793538,0.9,0.95,,,,
3338,16,69,0.00002776,1.061172,0.8,0.9,,,,
3339,16,70,0.00002776,0.398707,0.85,1,,,,
3340,16,71,0.00002775,0.573058,0.9,0.95,,,,
3341,16,72,0.00002775,1.362177,0.75,0.75,,,,
3342,16,73,0.00002774,1.171401,0.65,0.8,,,,
3343,16,74,0.00002773,0.993645,0.7,0.9,,,,
3344,16,75,0.00002773,0.946256,0.85,0.85,,,,
3345,16,76,0.00002772,0.652391,0.9,0.95,,,,
3346,16,77,0.00002772,1.219037,0.7,0.8,,,,
3347,16,78,0.00002771,0.378634,0.95,1,,,,
3348,16,79,0.0000277,0.96454,0.85,0.85,,,,
3349,16,80,0.0000277,0.932439,0.75,0.8,,,,
3350,16,81,0.00002769,0.56831,0.9,0.95,,,,
3351,16,82,0.00002769,0.705662,0.85,0.9,,,,
3352,16,83,0.00002768,0.923045,0.7,0.9,,,,
3353,16,84,0.00002767,1.057877,0.65,0.9,,,,
3354,16,85,0.00002767,0.734259,0.9,0.9,,,,
3355,16,86,0.00002766,1.161835,0.75,0.8,,,,
3356,16,87,0.00002766,0.854779,0.8,0.95,,,,
3357,16,88,0.00002765,0.930683,0.75,0.9,,,,
3358,16,89,0.00002764,0.686923,0.85,0.95,,,,
3359,16,90,0.00002764,0.664943,0.9,0.95,,,,
3360,16,91,0.00002763,0.90546,0.8,0.9,,,,
3361,16,92,0.00002763,0.797494,0.75,0.95,,,,
3362,16,93,0.00002762,0.809486,0.85,0.85,,,,
3363,16,94,0.00002762,1.478621,0.55,0.8,,,,
3364,16,95,0.00002761,0.362513,0.95,0.95,,,,
3365,16,96,0.0000276,1.16737,0.75,0.85,,,,
3366,16,97,0.0000276,1.071717,0.7,0.85,,,,
3367,16,98,0.00002759,0.378452,0.95,1,,,,
3368,16,99,0.00002759,1.001164,0.8,0.9,,,,
3369,16,100,0.00002758,1.314227,0.75,0.8,,,,
3370,16,101,0.00002757,0.583386,0.9,0.95,,,,
3371,16,102,0.00002757,1.111477,0.75,0.85,,,,
3372,16,103,0.00002756,1.08546,0.7,0.9,,,,
3373,16,104,0.00002756,0.992799,0.75,0.85,,,,
3374,16,105,0.00002755,1.323648,0.75,0.8,,,,
3375,16,106,0.00002754,1.236439,0.65,0.85,,,,
3376,16,107,0.00002754,0.739393,0.8,0.95,,,,
3377,16,108,0.00002753,0.362126,0.95,1,,,,
3378,16,109,0.00002753,0.891496,0.75,0.85,,,,
3379,16,110,0.00002752,0.957397,0.75,0.9,,,,
3380,16,111,0.00002751,1.095213,0.65,0.85,,,,
3381,16,112,0.00002751,0.65078,0.9,0.95,,,,
3382,16,113,0.0000275,0.870671,0.75,0.9,,,,
3383,16,114,0.0000275,1.205437,0.8,0.85,,,,
3384,16,115,0.00002749,0.458526,0.9,1,,,,
3385,16,116,0.00002749,0.834828,0.65,0.95,,,,
3386,16,117,0.00002748,0.990092,0.7,0.85,,,,
3387,16,118,0.00002747,0.649493,0.9,0.9,,,,
3388,16,119,0.00002747,0.915478,0.8,0.9,,,,
3389,16,120,0.00002746,1.061251,0.75,0.8,,,,
3390,16,121,0.00002746,1.001612,0.8,0.8,,,,
3391,16,122,0.00002745,0.653066,0.9,0.95,,,,
3392,16,123,0.00002744,1.037222,0.7,0.85,,,,
3393,16,124,0.00002744,1.922578,0.55,0.75,,,,
3394,16,125,0.00002743,0.602527,0.8,1,,,,
3395,16,126,0.00002743,0.867526,0.8,0.95,,,,
3396,16,127,0.00002742,0.590004,0.9,0.95,,,,
3397,16,128,0.00002741,1.179108,0.55,0.9,,,,
3398,16,129,0.00002741,1.186005,0.7,0.8,,,,
3399,16,130,0.0000274,0.267564,0.9,1,,,,
3400,16,131,0.0000274,0.858088,0.8,0.9,,,,
3401,16,132,0.00002739,0.736512,0.75,0.95,,,,
3402,16,133,0.00002738,1.216559,0.75,0.8,,,,
3403,16,134,0.00002738,1.386348,0.6,0.9,,,,
3404,16,135,0.00002737,1.026401,0.8,0.8,,,,
3405,16,136,0.00002737,0.717735,0.75,0.95,,,,
3406,16,137,0.00002736,1.59145,0.55,0.8,,,,
3407,16,138,0.00002735,0.52167,0.85,1,,,,
3408,16,139,0.00002735,0.842111,0.8,0.85,,,,
3409,16,140,0.00002734,0.337543,0.95,1,,,,
3410,16,141,0.00002734,0.431347,0.95,0.95,,,,
3411,16,142,0.00002733,1.35531,0.7,0.8,,,,
3412,16,143,0.00002732,0.560441,0.85,0.95,,,,
3413,16,144,0.00002732,0.631912,0.9,0.95,,,,
3414,16,145,0.00002731,1.173826,0.65,0.95,,,,
3415,16,146,0.00002731,0.92224,0.7,0.9,,,,
3416,16,147,0.0000273,1.360077,0.6,0.85,,,,
3417,16,148,0.00002729,1.043249,0.7,0.95,,,,
3418,16,149,0.00002729,0.736416,0.75,1,,,,
3419,16,150,0.00002728,1.763943,0.6,0.75,,,,
3420,16,151,0.00002728,0.973563,0.8,0.85,,,,
3421,16,152,0.00002727,0.544561,0.8,1,,,,
3422,16,153,0.00002727,0.603546,0.8,1,,,,
3423,16,154,0.00002726,1.121786,0.75,0.85,,,,
3424,16,155,0.00002725,0.208716,0.95,1,,,,
3425,16,156,0.00002725,0.726762,0.75,1,,,,
3426,16,157,0.00002724,1.290348,0.7,0.75,,,,
3427,16,158,0.00002724,0.5815,0.85,0.95,,,,
3428,16,159,0.00002723,0.785289,0.8,0.9,,,,
3429,16,160,0.00002722,0.4799,0.85,1,,,,
3430,16,161,0.00002722,1.635427,0.65,0.8,,,,
3431,16,162,0.00002721,0.601897,0.8,0.9,,,,
3432,16,163,0.00002721,0.714577,0.75,0.95,,,,
3433,16,164,0.0000272,1.23775,0.7,0.9,,,,
3434,16,165,0.00002719,1.326826,0.7,0.8,,,,
3435,16,166,0.00002719,0.846965,0.8,0.9,,,,
3436,16,167,0.00002718,0.473806,0.9,1,,,,
3437,16,168,0.00002718,0.560329,0.9,0.9,,,,
3438,16,169,0.00002717,1.025611,0.75,0.85,,,,
3439,16,170,0.00002716,1.256103,0.7,0.85,,,,
3440,16,171,0.00002716,1.11833,0.75,0.9,,,,
3441,16,172,0.00002715,0.621181,0.85,0.9,,,,
3442,16,173,0.00002715,0.838851,0.7,0.95,,,,
3443,16,174,0.00002714,0.488599,0.95,0.95,,,,
3444,16,175,0.00002713,0.992411,0.8,0.9,,,,
3445,16,176,0.00002713,1.35974,0.65,0.8,,,,
3446,16,177,0.00002712,0.565613,0.85,0.95,,,,
3447,16,178,0.00002712,0.567268,0.8,0.95,,,,
3448,16,179,0.00002711,1.282681,0.7,0.85,,,,
3449,16,180,0.0000271,1.361354,0.7,0.85,,,,
3450,16,181,0.0000271,0.222508,0.95,1,,,,
3451,16,182,0.00002709,0.859892,0.75,0.9,,,,
3452,16,183,0.00002709,0.507805,0.8,1,,,,
3453,16,184,0.00002708,1.026252,0.75,0.8,,,,
3454,16,185,0.00002707,1.319472,0.65,0.8,,,,
3455,16,186,0.00002707,0.611651,0.85,0.95,,,,
3456,16,187,0.00002706,0.569536,0.85,0.95,,,,
3457,16,188,0.00002706,0.683965,0.85,0.9,,,,
3458,16,189,0.00002705,0.522827,0.9,0.95,,,,
3459,16,190,0.00002704,0.956689,0.75,0.9,,,,
3460,16,191,0.00002704,0.703973,0.85,0.95,,,,
3461,16,192,0.00002703,1.133722,0.7,0.8,,,,
3462,16,193,0.00002703,0.562271,0.85,0.95,,,,
3463,16,194,0.00002702,1.31182,0.7,0.7,,,,
3464,16,195,0.00002701,0.337164,1,1,,,,
3465,16,196,0.00002701,1.079141,0.7,0.9,,,,
3466,16,197,0.000027,1.096169,0.7,0.85,,,,
3467,16,198,0.000027,1.6798,0.45,0.85,,,,
3468,16,199,0.00002699,0.846555,0.85,0.9,,,,
3469,16,200,0.00002698,1.323032,0.65,0.8,,,,
3470,16,201,0.00002698,1.164585,0.8,0.8,,,,
3471,16,202,0.00002697,1.377205,0.55,0.85,,,,
3472,16,203,0.00002697,0.534205,0.95,0.95,,,,
3473,16,204,0.00002696,0.660114,0.85,0.9,,,,
3474,16,205,0.00002695,1.314864,0.65,0.85,,,,
3475,16,206,0.00002695,0.559488,0.8,1,,,,
3476,16,207,0.00002694,0.913789,0.8,0.9,,,,
3477,16,208,0.00002694,1.024744,0.8,0.85,,,,
3478,16,209,0.00002693,1.028971,0.85,0.9,,,,
3479,16,210,0.00002692,1.460252,0.7,0.8,,,,
3480,16,211,0.00002692,0.776652,0.85,0.9,,,,
3481,16,212,0.00002691,0.923909,0.8,0.85,,,,
3482,16,213,0.00002691,0.330574,0.95,1,,,,
3483,16,214,0.0000269,1.046138,0.8,0.8,,,,
3484,16,215,0.00002689,0.933936,0.8,0.9,,,,
3485,16,216,0.00002689,0.561868,0.85,0.95,,,,
3486,16,217,0.00002688,1.493594,0.75,0.75,,,,
3487,16,218,0.00002688,0.866916,0.75,0.8,,,,
3488,17,1,0.00002687,0.944442,0.75,0.9,,,,
3489,17,2,0.00002686,0.891728,0.75,0.85,,,,
3490,17,3,0.00002686,0.982744,0.8,0.85,,,,
3491,17,4,0.00002685,0.472897,0.9,0.95,,,,
3492,17,5,0.00002685,0.554953,0.9,0.95,,,,
3493,17,6,0.00002684,0.644568,0.85,0.95,,,,
3494,17,7,0.00002683,1.006513,0.65,0.9,,,,
3495,17,8,0.00002683,0.705097,0.85,0.9,,,,
3496,17,9,0.00002682,0.748756,0.8,0.85,,,,
3497,17,10,0.00002682,1.282014,0.75,0.85,,,,
3498,17,11,0.00002681,1.150672,0.8,0.8,,,,
3499,17,12,0.0000268,0.736007,0.85,0.95,,,,
3500,17,13,0.0000268,0.481211,0.85,1,,,,
3501,17,14,0.00002679,0.664877,0.85,0.9,,,,
3502,17,15,0.00002679,1.4515,0.65,0.85,,,,
3503,17,16,0.00002678,0.604878,0.85,0.9,,,,
3504,17,17,0.00002677,1.291116,0.8,0.8,,,,
3505,17,18,0.00002677,0.632964,0.8,0.9,,,,
3506,17,19,0.00002676,1.162486,0.7,0.8,,,,
3507,17,20,0.00002676,1.513569,0.65,0.7,,,,
3508,17,21,0.00002675,1.181316,0.65,0.8,,,,
3509,17,22,0.00002674,1.176666,0.75,0.85,,,,
3510,17,23,0.00002674,0.15572,1,1,,,,
3511,17,24,0.00002673,0.737577,0.7,1,,,,
3512,17,25,0.00002673,0.711961,0.85,0.85,,,,
3513,17,26,0.00002672,0.974931,0.75,0.8,,,,
3514,17,27,0.00002671,0.480997,0.9,0.95,,,,
3515,17,28,0.00002671,0.653865,0.85,0.9,,,,
3516,17,29,0.0000267,0.68959,0.8,0.95,,,,
3517,17,30,0.0000267,0.619432,0.8,1,,,,
3518,17,31,0.00002669,1.042346,0.6,0.9,,,,
3519,17,32,0.00002668,1.045012,0.8,0.85,,,,
3520,17,33,0.00002668,0.50039,0.85,0.95,,,,
3521,17,34,0.00002667,0.67386,0.9,0.95,,,,
3522,17,35,0.00002667,1.122169,0.75,0.9,,,,
3523,17,36,0.00002666,0.979521,0.8,0.85,,,,
3524,17,37,0.00002665,1.327809,0.7,0.7,,,,
3525,17,38,0.00002665,0.732558,0.8,0.9,,,,
3526,17,39,0.00002664,1.005194,0.75,0.85,,,,
3527,17,40,0.00002664,0.859442,0.85,0.9,,,,
3528,17,41,0.00002663,0.50057,0.9,0.95,,,,
3529,17,42,0.00002662,0.909783,0.7,0.9,,,,
3530,17,43,0.00002662,1.109578,0.75,0.8,,,,
3531,17,44,0.00002661,1.175137,0.7,0.85,,,,
3532,17,45,0.00002661,0.345831,0.9,0.95,,,,
3533,17,46,0.0000266,0.809096,0.8,0.95,,,,
3534,17,47,0.00002659,0.998773,0.75,0.9,,,,
3535,17,48,0.00002659,0.525769,0.85,1,,,,
3536,17,49,0.00002658,1.35204,0.7,0.75,,,,
3537,17,50,0.00002658,0.72624,0.8,0.9,,,,
3538,17,51,0.00002657,0.681046,0.8,0.95,,,,
3539,17,52,0.00002656,1.246009,0.75,0.8,,,,
3540,17,53,0.00002656,0.664803,0.85,0.9,,,,
3541,17,54,0.00002655,1.093202,0.8,0.8,,,,
3542,17,55,0.00002655,0.853422,0.8,0.85,,,,
3543,17,56,0.00002654,0.481462,0.85,0.95,,,,
3544,17,57,0.00002653,0.654709,0.8,0.9,,,,
3545,17,58,0.00002653,0.819033,0.8,0.85,,,,
3546,17,59,0.00002652,0.752511,0.8,0.95,,,,
3547,17,60,0.00002651,0.888937,0.8,0.9,,,,
3548,17,61,0.00002651,0.729217,0.75,0.95,,,,
3549,17,62,0.0000265,0.736836,0.8,0.9,,,,
3550,17,63,0.0000265,0.916364,0.8,0.85,,,,
3551,17,64,0.00002649,0.775101,0.75,0.9,,,,
3552,17,65,0.00002648,0.98027,0.75,0.85,,,,
3553,17,66,0.00002648,0.535046,0.9,0.95,,,,
3554,17,67,0.00002647,1.233923,0.55,0.9,,,,
3555,17,68,0.00002647,0.439876,0.9,0.95,,,,
3556,17,69,0.00002646,0.619188,0.85,0.85,,,,
3557,17,70,0.00002645,1.383311,0.65,0.85,,,,
3558,17,71,0.00002645,0.925296,0.75,0.9,,,,
3559,17,72,0.00002644,0.904814,0.85,0.85,,,,
3560,17,73,0.00002644,1.020781,0.75,0.85,,,,
3561,17,74,0.00002643,0.534296,0.8,0.95,,,,
3562,17,75,0.00002642,0.718965,0.8,0.9,,,,
3563,17,76,0.00002642,0.461206,0.95,0.95,,,,
3564,17,77,0.00002641,1.202255,0.7,0.8,,,,
3565,17,78,0.00002641,0.348711,0.9,0.95,,,,
3566,17,79,0.0000264,0.797797,0.8,0.9,,,,
3567,17,80,0.00002639,0.681614,0.8,0.95,,,,
3568,17,81,0.00002639,0.465403,0.9,0.9,,,,
3569,17,82,0.00002638,0.644298,0.9,0.9,,,,
3570,17,83,0.00002638,0.693756,0.85,0.95,,,,
3571,17,84,0.00002637,1.166776,0.65,0.9,,,,
3572,17,85,0.00002636,0.755738,0.8,0.95,,,,
3573,17,86,0.00002636,1.270983,0.7,0.85,,,,
3574,17,87,0.00002635,0.761571,0.8,0.9,,,,
3575,17,88,0.00002635,1.029556,0.75,0.85,,,,
3576,17,89,0.00002634,0.814165,0.8,0.95,,,,
3577,17,90,0.00002633,0.644756,0.85,0.9,,,,
3578,17,91,0.00002633,0.424396,0.9,0.95,,,,
3579,17,92,0.00002632,1.09342,0.85,0.85,,,,
3580,17,93,0.00002632,0.498322,0.85,0.95,,,,
3581,17,94,0.00002631,1.378033,0.7,0.75,,,,
3582,17,95,0.0000263,1.051033,0.7,0.85,,,,
3583,17,96,0.0000263,0.783237,0.8,0.95,,,,
3584,17,97,0.00002629,0.741043,0.85,0.9,,,,
3585,17,98,0.00002628,0.764296,0.85,0.85,,,,
3586,17,99,0.00002628,0.977408,0.8,0.85,,,,
3587,17,100,0.00002627,0.86694,0.8,0.9,,,,
3588,17,101,0.00002627,0.936351,0.7,0.9,,,,
3589,17,102,0.00002626,0.838932,0.85,0.85,,,,
3590,17,103,0.00002625,0.466771,0.85,1,,,,
3591,17,104,0.00002625,0.635589,0.8,1,,,,
3592,17,105,0.00002624,0.817849,0.85,0.9,,,,
3593,17,106,0.00002624,1.611606,0.65,0.75,,,,
3594,17,107,0.00002623,0.837232,0.8,0.95,,,,
3595,17,108,0.00002622,0.907414,0.8,0.9,,,,
3596,17,109,0.00002622,1.248758,0.65,0.85,,,,
3597,17,110,0.00002621,0.667355,0.85,0.9,,,,
3598,17,111,0.00002621,0.759213,0.8,0.85,,,,
3599,17,112,0.0000262,0.346755,0.95,0.95,,,,
3600,17,113,0.00002619,1.309926,0.7,0.8,,,,
3601,17,114,0.00002619,1.537585,0.6,0.75,,,,
3602,17,115,0.00002618,1.133979,0.7,0.8,,,,
3603,17,116,0.00002618,1.351915,0.75,0.9,,,,
3604,17,117,0.00002617,0.904267,0.8,0.95,,,,
3605,17,118,0.00002616,0.99831,0.75,0.8,,,,
3606,17,119,0.00002616,1.056893,0.7,0.9,,,,
3607,17,120,0.00002615,0.932371,0.8,0.8,,,,
3608,17,121,0.00002615,1.646603,0.65,0.7,,,,
3609,17,122,0.00002614,0.543681,0.85,0.9,,,,
3610,17,123,0.00002613,0.65493,0.9,0.9,,,,
3611,17,124,0.00002613,1.161132,0.7,0.85,,,,
3612,17,125,0.00002612,0.474839,0.95,0.95,,,,
3613,17,126,0.00002611,0.915767,0.75,0.85,,,,
3614,17,127,0.00002611,1.283021,0.65,0.85,,,,
3615,17,128,0.0000261,0.842403,0.75,0.9,,,,
3616,17,129,0.0000261,0.595989,0.8,0.95,,,,
3617,17,130,0.00002609,0.772775,0.8,0.95,,,,
3618,17,131,0.00002608,0.896521,0.85,0.9,,,,
3619,17,132,0.00002608,0.555128,0.85,1,,,,
3620,17,133,0.00002607,0.783108,0.8,0.9,,,,
3621,17,134,0.00002607,0.630666,0.9,0.95,,,,
3622,17,135,0.00002606,1.101982,0.75,0.8,,,,
3623,17,136,0.00002605,1.548127,0.6,0.8,,,,
3624,17,137,0.00002605,0.385748,0.9,0.95,,,,
3625,17,138,0.00002604,0.695343,0.8,0.95,,,,
3626,17,139,0.00002604,1.146854,0.75,0.8,,,,
3627,17,140,0.00002603,0.53745,0.9,0.95,,,,
3628,17,141,0.00002602,1.126997,0.7,0.8,,,,
3629,17,142,0.00002602,0.494206,0.9,0.9,,,,
3630,17,143,0.00002601,0.665905,0.75,1,,,,
3631,17,144,0.000026,1.056791,0.75,0.85,,,,
3632,17,145,0.000026,0.226762,1,1,,,,
3633,17,146,0.00002599,1.439029,0.6,0.8,,,,
3634,17,147,0.00002599,0.414895,0.85,1,,,,
3635,17,148,0.00002598,0.483575,0.9,0.9,,,,
3636,17,149,0.00002597,1.307368,0.75,0.8,,,,
3637,17,150,0.00002597,1.035093,0.8,0.95,,,,
3638,17,151,0.00002596,0.899634,0.75,0.95,,,,
3639,17,152,0.00002596,0.798888,0.85,0.85,,,,
3640,17,153,0.00002595,0.914824,0.75,0.9,,,,
3641,17,154,0.00002594,0.749598,0.85,0.9,,,,
3642,17,155,0.00002594,0.820501,0.75,1,,,,
3643,17,156,0.00002593,1.59329,0.55,0.8,,,,
3644,17,157,0.00002593,0.471547,0.95,0.95,,,,
3645,17,158,0.00002592,0.652982,0.85,0.9,,,,
3646,17,159,0.00002591,1.357078,0.7,0.75,,,,
3647,17,160,0.00002591,0.971791,0.7,0.9,,,,
3648,17,161,0.0000259,0.62278,0.85,0.95,,,,
3649,17,162,0.0000259,0.637311,0.9,0.95,,,,
3650,17,163,0.00002589,0.903448,0.75,0.85,,,,
3651,17,164,0.00002588,0.854042,0.8,0.9,,,,
3652,17,165,0.00002588,1.176468,0.7,0.85,,,,
3653,17,166,0.00002587,1.256909,0.7,0.85,,,,
3654,17,167,0.00002586,1.222169,0.7,0.85,,,,
3655,17,168,0.00002586,0.269641,0.95,0.95,,,,
3656,17,169,0.00002585,0.731008,0.8,0.9,,,,
3657,17,170,0.00002585,0.797701,0.8,0.9,,,,
3658,17,171,0.00002584,0.666413,0.85,0.95,,,,
3659,17,172,0.00002583,0.861502,0.8,0.85,,,,
3660,17,173,0.00002583,1.195035,0.75,0.8,,,,
3661,17,174,0.00002582,1.17874,0.7,0.8,,,,
3662,17,175,0.00002582,0.449659,0.9,1,,,,
3663,17,176,0.00002581,1.111316,0.75,0.85,,,,
3664,17,177,0.0000258,0.157882,1,1,,,,
3665,17,178,0.0000258,1.377723,0.65,0.9,,,,
3666,17,179,0.00002579,0.636693,0.8,1,,,,
3667,17,180,0.00002579,1.352422,0.65,0.8,,,,
3668,17,181,0.00002578,0.655201,0.8,0.9,,,,
3669,17,182,0.00002577,0.936568,0.8,0.85,,,,
3670,17,183,0.00002577,1.004634,0.8,0.9,,,,
3671,17,184,0.00002576,0.516403,0.9,1,,,,
3672,17,185,0.00002575,0.758094,0.8,0.9,,,,
3673,17,186,0.00002575,1.126689,0.8,0.85,,,,
3674,17,187,0.00002574,1.080424,0.75,0.9,,,,
3675,17,188,0.00002574,0.965386,0.7,0.8,,,,
3676,17,189,0.00002573,0.492359,0.95,0.95,,,,
3677,17,190,0.00002572,0.937663,0.75,0.9,,,,
3678,17,191,0.00002572,0.72801,0.9,0.9,,,,
3679,17,192,0.00002571,0.973336,0.85,0.85,,,,
3680,17,193,0.00002571,1.372079,0.7,0.8,,,,
3681,17,194,0.0000257,1.089151,0.7,0.85,,,,
3682,17,195,0.00002569,1.011609,0.8,0.85,,,,
3683,17,196,0.00002569,0.801691,0.8,0.95,,,,
3684,17,197,0.00002568,1.100214,0.75,0.85,,,,
3685,17,198,0.00002567,0.907741,0.8,0.85,,,,
3686,17,199,0.00002567,0.918992,0.75,0.9,,,,
3687,17,200,0.00002566,0.722372,0.75,0.95,,,,
3688,17,201,0.00002566,1.007861,0.8,0.85,,,,
3689,17,202,0.00002565,0.599427,0.95,0.95,,,,
3690,17,203,0.00002564,0.428499,0.9,1,,,,
3691,17,204,0.00002564,1.06794,0.7,0.85,,,,
3692,17,205,0.00002563,0.741185,0.65,0.95,,,,
3693,17,206,0.00002563,0.595743,0.9,0.9,,,,
3694,17,207,0.00002562,1.678291,0.55,0.75,,,,
3695,17,208,0.00002561,1.249513,0.7,0.7,,,,
3696,17,209,0.00002561,1.014038,0.7,0.85,,,,
3697,17,210,0.0000256,0.370876,0.9,1,,,,
3698,17,211,0.0000256,0.991346,0.8,0.85,,,,
3699,17,212,0.00002559,0.608195,0.85,0.95,,,,
3700,17,213,0.00002558,0.577739,0.85,0.95,,,,
3701,17,214,0.00002558,1.246252,0.65,0.85,,,,
3702,17,215,0.00002557,1.216493,0.65,0.85,,,,
3703,17,216,0.00002556,0.687874,0.8,0.9,,,,
3704,17,217,0.00002556,0.495591,0.9,0.9,,,,
3705,17,218,0.00002555,0.421984,0.85,1,,,,
3706,18,1,0.00002555,1.109079,0.65,0.9,,,,
3707,18,2,0.00002554,0.364746,0.85,0.95,,,,
3708,18,3,0.00002553,1.015025,0.7,0.85,,,,
3709,18,4,0.00002553,1.20718,0.65,0.75,,,,
3710,18,5,0.00002552,0.783497,0.8,0.85,,,,
3711,18,6,0.00002552,0.843295,0.8,0.9,,,,
3712,18,7,0.00002551,0.655877,0.8,0.9,,,,
3713,18,8,0.0000255,0.826815,0.8,0.9,,,,
3714,18,9,0.0000255,0.946083,0.75,0.8,,,,
3715,18,10,0.00002549,1.004783,0.85,0.85,,,,
3716,18,11,0.00002548,0.931641,0.75,0.9,,,,
3717,18,12,0.00002548,0.763098,0.85,0.95,,,,
3718,18,13,0.00002547,0.768398,0.85,0.95,,,,
3719,18,14,0.00002547,0.565161,0.85,0.95,,,,
3720,18,15,0.00002546,0.960157,0.75,0.85,,,,
3721,18,16,0.00002545,1.018222,0.75,0.85,,,,
3722,18,17,0.00002545,0.476833,0.85,0.95,,,,
3723,18,18,0.00002544,0.371851,0.95,1,,,,
3724,18,19,0.00002544,0.392814,0.9,0.95,,,,
3725,18,20,0.00002543,1.00795,0.75,0.85,,,,
3726,18,21,0.00002542,1.358502,0.6,0.85,,,,
3727,18,22,0.00002542,1.116771,0.7,0.8,,,,
3728,18,23,0.00002541,0.996717,0.85,0.85,,,,
3729,18,24,0.0000254,1.383876,0.7,0.85,,,,
3730,18,25,0.0000254,1.482073,0.65,0.75,,,,
3731,18,26,0.00002539,0.870489,0.85,0.9,,,,
3732,18,27,0.00002539,0.97008,0.75,0.85,,,,
3733,18,28,0.00002538,0.546183,0.85,0.9,,,,
3734,18,29,0.00002537,1.1829,0.75,0.85,,,,
3735,18,30,0.00002537,0.756667,0.8,0.85,,,,
3736,18,31,0.00002536,0.673983,0.85,0.9,,,,
3737,18,32,0.00002536,0.307926,0.9,1,,,,
3738,18,33,0.00002535,0.430412,0.9,0.95,,,,
3739,18,34,0.00002534,0.778553,0.85,0.9,,,,
3740,18,35,0.00002534,1.250178,0.7,0.9,,,,
3741,18,36,0.00002533,0.910805,0.85,0.85,,,,
3742,18,37,0.00002532,0.715822,0.75,1,,,,
3743,18,38,0.00002532,0.943971,0.65,0.9,,,,
3744,18,39,0.00002531,0.589957,0.9,0.95,,,,
3745,18,40,0.00002531,0.501741,0.9,0.95,,,,
3746,18,41,0.0000253,0.9089,0.8,0.85,,,,
3747,18,42,0.00002529,0.972828,0.75,0.85,,,,
3748,18,43,0.00002529,0.591309,0.9,0.95,,,,
3749,18,44,0.00002528,0.578778,0.85,1,,,,
3750,18,45,0.00002528,1.237742,0.8,0.85,,,,
3751,18,46,0.00002527,0.724018,0.75,0.95,,,,
3752,18,47,0.00002526,1.080017,0.7,0.85,,,,
3753,18,48,0.00002526,0.582446,0.85,0.9,,,,
3754,18,49,0.00002525,0.816393,0.8,0.9,,,,
3755,18,50,0.00002524,0.34151,0.9,0.95,,,,
3756,18,51,0.00002524,0.493426,0.85,0.95,,,,
3757,18,52,0.00002523,1.352253,0.65,0.8,,,,
3758,18,53,0.00002523,1.062703,0.8,0.85,,,,
3759,18,54,0.00002522,0.713186,0.85,0.95,,,,
3760,18,55,0.00002521,0.695482,0.85,0.9,,,,
3761,18,56,0.00002521,0.905851,0.8,0.9,,,,
3762,18,57,0.0000252,0.772661,0.8,0.9,,,,
3763,18,58,0.00002519,0.751341,0.85,0.9,,,,
3764,18,59,0.00002519,1.044535,0.75,0.9,,,,
3765,18,60,0.00002518,1.37261,0.65,0.75,,,,
3766,18,61,0.00002518,0.883773,0.7,0.9,,,,
3767,18,62,0.00002517,0.674525,0.85,0.95,,,,
3768,18,63,0.00002516,0.443806,0.95,0.95,,,,
3769,18,64,0.00002516,0.538631,0.9,0.95,,,,
3770,18,65,0.00002515,1.251743,0.7,0.8,,,,
3771,18,66,0.00002515,0.840133,0.85,0.9,,,,
3772,18,67,0.00002514,0.80819,0.8,0.85,,,,
3773,18,68,0.00002513,1.134183,0.7,0.9,,,,
3774,18,69,0.00002513,1.177931,0.8,0.85,,,,
3775,18,70,0.00002512,0.874288,0.75,0.85,,,,
3776,18,71,0.00002511,0.754939,0.85,0.85,,,,
3777,18,72,0.00002511,0.509174,0.85,1,,,,
3778,18,73,0.0000251,0.874839,0.8,0.95,,,,
3779,18,74,0.0000251,0.692759,0.85,0.9,,,,
3780,18,75,0.00002509,0.6365,0.85,0.95,,,,
3781,18,76,0.00002508,1.069455,0.7,0.9,,,,
3782,18,77,0.00002508,0.526275,0.85,0.95,,,,
3783,18,78,0.00002507,1.053411,0.8,0.85,,,,
3784,18,79,0.00002507,1.140681,0.75,0.75,,,,
3785,18,80,0.00002506,1.019278,0.7,0.9,,,,
3786,18,81,0.00002505,0.697601,0.85,0.95,,,,
3787,18,82,0.00002505,1.417933,0.65,0.8,,,,
3788,18,83,0.00002504,0.812424,0.75,0.9,,,,
3789,18,84,0.00002503,1.325194,0.75,0.8,,,,
3790,18,85,0.00002503,1.144375,0.75,0.85,,,,
3791,18,86,0.00002502,0.825837,0.75,0.95,,,,
3792,18,87,0.00002502,1.133657,0.7,0.85,,,,
3793,18,88,0.00002501,0.754184,0.75,0.9,,,,
3794,18,89,0.000025,1.159793,0.7,0.8,,,,
3795,18,90,0.000025,0.787035,0.85,0.85,,,,
3796,18,91,0.00002499,0.410274,0.95,0.95,,,,
3797,18,92,0.00002498,0.653628,0.9,0.9,,,,
3798,18,93,0.00002498,0.222753,1,1,,,,
3799,18,94,0.00002497,0.703228,0.8,0.9,,,,
3800,18,95,0.00002497,0.567158,0.9,0.95,,,,
3801,18,96,0.00002496,0.782401,0.85,0.9,,,,
3802,18,97,0.00002495,1.619641,0.7,0.75,,,,
3803,18,98,0.00002495,1.223012,0.7,0.8,,,,
3804,18,99,0.00002494,0.862283,0.85,0.85,,,,
3805,18,100,0.00002494,0.476505,0.9,1,,,,
3806,18,101,0.00002493,0.669499,0.85,0.9,,,,
3807,18,102,0.00002492,0.558564,0.8,1,,,,
3808,18,103,0.00002492,0.560276,0.9,1,,,,
3809,18,104,0.00002491,0.67883,0.85,0.85,,,,
3810,18,105,0.0000249,1.233412,0.65,0.8,,,,
3811,18,106,0.0000249,0.881789,0.8,0.9,,,,
3812,18,107,0.00002489,0.640861,0.85,0.95,,,,
3813,18,108,0.00002489,0.863775,0.75,0.95,,,,
3814,18,109,0.00002488,1.180347,0.75,0.85,,,,
3815,18,110,0.00002487,1.464239,0.5,0.85,,,,
3816,18,111,0.00002487,0.800835,0.75,0.95,,,,
3817,18,112,0.00002486,0.320333,1,1,,,,
3818,18,113,0.00002485,0.216045,0.95,1,,,,
3819,18,114,0.00002485,1.085695,0.65,0.95,,,,
3820,18,115,0.00002484,0.590379,0.8,0.95,,,,
3821,18,116,0.00002484,0.988615,0.8,0.85,,,,
3822,18,117,0.00002483,1.615065,0.55,0.9,,,,
3823,18,118,0.00002482,0.944675,0.75,0.85,,,,
3824,18,119,0.00002482,0.81549,0.75,0.95,,,,
3825,18,120,0.00002481,0.740763,0.8,0.9,,,,
3826,18,121,0.0000248,1.540897,0.7,0.8,,,,
3827,18,122,0.0000248,1.217593,0.7,0.85,,,,
3828,18,123,0.00002479,1.555223,0.65,0.85,,,,
3829,18,124,0.00002479,0.512465,0.85,0.95,,,,
3830,18,125,0.00002478,0.629436,0.85,0.9,,,,
3831,18,126,0.00002477,0.85798,0.75,0.85,,,,
3832,18,127,0.00002477,0.748515,0.8,0.95,,,,
3833,18,128,0.00002476,1.060837,0.8,0.85,,,,
3834,18,129,0.00002476,1.132751,0.8,0.9,,,,
3835,18,130,0.00002475,0.852185,0.75,0.9,,,,
3836,18,131,0.00002474,0.980838,0.8,0.9,,,,
3837,18,132,0.00002474,0.255349,0.95,1,,,,
3838,18,133,0.00002473,1.15671,0.65,0.9,,,,
3839,18,134,0.00002472,0.427989,0.9,1,,,,
3840,18,135,0.00002472,1.154981,0.7,0.85,,,,
3841,18,136,0.00002471,0.335827,0.9,0.95,,,,
3842,18,137,0.00002471,0.594971,0.85,0.95,,,,
3843,18,138,0.0000247,0.836085,0.8,0.85,,,,
3844,18,139,0.00002469,0.977949,0.8,0.85,,,,
3845,18,140,0.00002469,1.104107,0.75,0.9,,,,
3846,18,141,0.00002468,0.408682,0.9,1,,,,
3847,18,142,0.00002467,0.859951,0.85,0.9,,,,
3848,18,143,0.00002467,1.173702,0.75,0.8,,,,
3849,18,144,0.00002466,0.443783,0.85,1,,,,
3850,18,145,0.00002466,2.039718,0.5,0.65,,,,
3851,18,146,0.00002465,0.735327,0.8,0.95,,,,
3852,18,147,0.00002464,0.786902,0.75,0.9,,,,
3853,18,148,0.00002464,1.139839,0.75,0.8,,,,
3854,18,149,0.00002463,0.824944,0.8,0.9,,,,
3855,18,150,0.00002462,0.883255,0.8,0.9,,,,
3856,18,151,0.00002462,0.895895,0.7,0.85,,,,
3857,18,152,0.00002461,0.772134,0.85,0.85,,,,
3858,18,153,0.00002461,0.798067,0.85,0.9,,,,
3859,18,154,0.0000246,0.375216,0.9,1,,,,
3860,18,155,0.00002459,0.629285,0.8,0.95,,,,
3861,18,156,0.00002459,0.660718,0.85,0.9,,,,
3862,18,157,0.00002458,0.54111,0.8,1,,,,
3863,18,158,0.00002457,0.891982,0.75,0.9,,,,
3864,18,159,0.00002457,0.846971,0.75,0.85,,,,
3865,18,160,0.00002456,1.0606,0.7,0.75,,,,
3866,18,161,0.00002456,0.785268,0.85,0.9,,,,
3867,18,162,0.00002455,0.652185,0.8,0.9,,,,
3868,18,163,0.00002454,0.891276,0.85,0.9,,,,
3869,18,164,0.00002454,0.859857,0.65,1,,,,
3870,18,165,0.00002453,0.635053,0.8,1,,,,
3871,18,166,0.00002453,0.616497,0.85,0.9,,,,
3872,18,167,0.00002452,0.854845,0.85,0.85,,,,
3873,18,168,0.00002451,0.680311,0.8,0.95,,,,
3874,18,169,0.00002451,0.803181,0.85,0.85,,,,
3875,18,170,0.0000245,1.361277,0.7,0.7,,,,
3876,18,171,0.00002449,0.805504,0.8,0.85,,,,
3877,18,172,0.00002449,0.688778,0.75,0.95,,,,
3878,18,173,0.00002448,0.762251,0.85,0.9,,,,
3879,18,174,0.00002448,0.677374,0.85,0.95,,,,
3880,18,175,0.00002447,0.718512,0.8,0.95,,,,
3881,18,176,0.00002446,0.986069,0.75,0.9,,,,
3882,18,177,0.00002446,0.525582,0.9,1,,,,
3883,18,178,0.00002445,0.960496,0.75,0.95,,,,
3884,18,179,0.00002444,0.907217,0.8,0.9,,,,
3885,18,180,0.00002444,0.55152,0.85,0.95,,,,
3886,18,181,0.00002443,0.695746,0.9,0.9,,,,
3887,18,182,0.00002443,1.278793,0.7,0.8,,,,
3888,18,183,0.00002442,0.379625,0.95,1,,,,
3889,18,184,0.00002441,0.416506,0.9,1,,,,
3890,18,185,0.00002441,0.593574,0.8,1,,,,
3891,18,186,0.0000244,0.738716,0.85,0.9,,,,
3892,18,187,0.00002439,1.122192,0.65,0.9,,,,
3893,18,188,0.00002439,1.024831,0.75,0.8,,,,
3894,18,189,0.00002438,0.574147,0.9,0.95,,,,
3895,18,190,0.00002438,0.456113,0.95,0.95,,,,
3896,18,191,0.00002437,1.006982,0.7,0.85,,,,
3897,18,192,0.00002436,0.270589,0.95,1,,,,
3898,18,193,0.00002436,1.283253,0.65,0.85,,,,
3899,18,194,0.00002435,0.979369,0.8,0.9,,,,
3900,18,195,0.00002434,0.45956,0.9,1,,,,
3901,18,196,0.00002434,0.677212,0.8,1,,,,
3902,18,197,0.00002433,0.837977,0.8,0.85,,,,
3903,18,198,0.00002433,0.354208,0.9,1,,,,
3904,18,199,0.00002432,0.732137,0.75,0.95,,,,
3905,18,200,0.00002431,0.831365,0.75,0.9,,,,
3906,18,201,0.00002431,0.837523,0.8,0.85,,,,
3907,18,202,0.0000243,0.657515,0.9,0.9,,,,
3908,18,203,0.00002429,0.945073,0.85,0.85,,,,
3909,18,204,0.00002429,0.728488,0.8,0.95,,,,
3910,18,205,0.00002428,1.497214,0.6,0.7,,,,
3911,18,206,0.00002428,0.631172,0.8,0.95,,,,
3912,18,207,0.00002427,0.948231,0.75,0.8,,,,
3913,18,208,0.00002426,0.54775,0.85,0.9,,,,
3914,18,209,0.00002426,1.227978,0.7,0.9,,,,
3915,18,210,0.00002425,1.047448,0.75,0.85,,,,
3916,18,211,0.00002424,1.005839,0.7,0.9,,,,
3917,18,212,0.00002424,1.191111,0.65,0.85,,,,
3918,18,213,0.00002423,0.863283,0.8,0.9,,,,
3919,18,214,0.00002423,0.614715,0.9,0.9,,,,
3920,18,215,0.00002422,0.209533,0.95,1,,,,
3921,18,216,0.00002421,1.03246,0.8,0.85,,,,
3922,18,217,0.00002421,0.783751,0.8,0.9,,,,
3923,18,218,0.0000242,0.794567,0.7,0.95,,,,
3924,19,1,0.00002419,0.725249,0.85,0.95,,,,
3925,19,2,0.00002419,0.930774,0.8,0.9,,,,
3926,19,3,0.00002418,0.745342,0.9,0.9,,,,
3927,19,4,0.00002418,0.865839,0.75,0.9,,,,
3928,19,5,0.00002417,0.475007,0.85,0.95,,,,
3929,19,6,0.00002416,1.020312,0.65,0.9,,,,
3930,19,7,0.00002416,0.643637,0.85,0.9,,,,
3931,19,8,0.00002415,0.628991,0.85,0.9,,,,
3932,19,9,0.00002414,1.112361,0.8,0.85,,,,
3933,19,10,0.00002414,1.063155,0.75,0.85,,,,
3934,19,11,0.00002413,0.899597,0.75,0.85,,,,
3935,19,12,0.00002413,1.082536,0.75,0.8,,,,
3936,19,13,0.00002412,1.615293,0.55,0.9,,,,
3937,19,14,0.00002411,1.361739,0.75,0.75,,,,
3938,19,15,0.00002411,0.656304,0.85,0.9,,,,
3939,19,16,0.0000241,0.237314,0.95,1,,,,
3940,19,17,0.00002409,1.394192,0.6,0.85,,,,
3941,19,18,0.00002409,0.434169,0.9,0.95,,,,
3942,19,19,0.00002408,0.860446,0.7,0.85,,,,
3943,19,20,0.00002408,0.400563,0.9,1,,,,
3944,19,21,0.00002407,1.250802,0.7,0.8,,,,
3945,19,22,0.00002406,0.50934,0.9,0.95,,,,
3946,19,23,0.00002406,0.781059,0.75,1,,,,
3947,19,24,0.00002405,0.915489,0.75,0.9,,,,
3948,19,25,0.00002404,1.294796,0.65,0.8,,,,
3949,19,26,0.00002404,0.490037,0.95,0.95,,,,
3950,19,27,0.00002403,0.230436,0.95,1,,,,
3951,19,28,0.00002403,0.678749,0.8,0.95,,,,
3952,19,29,0.00002402,0.897023,0.75,0.8,,,,
3953,19,30,0.00002401,0.803835,0.8,0.9,,,,
3954,19,31,0.00002401,1.027631,0.75,0.85,,,,
3955,19,32,0.000024,0.460381,0.9,1,,,,
3956,19,33,0.00002399,0.482903,0.9,0.95,,,,
3957,19,34,0.00002399,0.542948,0.9,0.9,,,,
3958,19,35,0.00002398,0.547417,0.8,0.95,,,,
3959,19,36,0.00002398,1.436098,0.7,0.75,,,,
3960,19,37,0.00002397,1.305572,0.7,0.75,,,,
3961,19,38,0.00002396,0.253059,0.9,1,,,,
3962,19,39,0.00002396,1.233456,0.75,0.85,,,,
3963,19,40,0.00002395,1.525782,0.65,0.75,,,,
3964,19,41,0.00002394,1.173447,0.7,0.75,,,,
3965,19,42,0.00002394,1.071275,0.75,0.8,,,,
3966,19,43,0.00002393,1.406327,0.7,0.75,,,,
3967,19,44,0.00002393,1.014975,0.8,0.9,,,,
3968,19,45,0.00002392,0.442838,0.9,0.95,,,,
3969,19,46,0.00002391,0.558709,0.9,0.9,,,,
3970,19,47,0.00002391,0.428326,0.85,0.95,,,,
3971,19,48,0.0000239,0.705719,0.85,0.85,,,,
3972,19,49,0.00002389,0.700447,0.8,0.9,,,,
3973,19,50,0.00002389,1.056018,0.75,0.85,,,,
3974,19,51,0.00002388,1.481578,0.55,0.8,,,,
3975,19,52,0.00002388,0.542775,0.85,1,,,,
3976,19,53,0.00002387,0.325651,0.9,0.95,,,,
3977,19,54,0.00002386,0.364404,0.95,0.95,,,,
3978,19,55,0.00002386,0.156467,1,1,,,,
3979,19,56,0.00002385,1.046018,0.75,0.8,,,,
3980,19,57,0.00002384,0.885284,0.75,0.9,,,,
3981,19,58,0.00002384,1.469113,0.7,0.75,,,,
3982,19,59,0.00002383,0.863392,0.85,0.85,,,,
3983,19,60,0.00002382,0.397676,0.85,1,,,,
3984,19,61,0.00002382,1.301981,0.7,0.75,,,,
3985,19,62,0.00002381,0.947108,0.75,0.85,,,,
3986,19,63,0.00002381,0.823176,0.75,0.9,,,,
3987,19,64,0.0000238,0.357815,0.85,0.95,,,,
3988,19,65,0.00002379,1.085765,0.7,0.85,,,,
3989,19,66,0.00002379,0.935468,0.8,0.85,,,,
3990,19,67,0.00002378,0.677114,0.8,0.95,,,,
3991,19,68,0.00002377,0.518005,0.9,1,,,,
3992,19,69,0.00002377,0.835217,0.75,0.85,,,,
3993,19,70,0.00002376,0.854448,0.8,0.85,,,,
3994,19,71,0.00002376,0.399006,0.8,1,,,,
3995,19,72,0.00002375,0.613034,0.8,0.95,,,,
3996,19,73,0.00002374,0.461766,0.85,1,,,,
3997,19,74,0.00002374,0.95605,0.8,0.85,,,,
3998,19,75,0.00002373,1.005474,0.75,0.8,,,,
3999,19,76,0.00002372,1.007924,0.75,0.9,,,,
4000,19,77,0.00002372,1.556795,0.6,0.65,,,,
4001,19,78,0.00002371,0.354036,0.9,0.95,,,,
4002,19,79,0.00002371,0.903815,0.8,0.85,,,,
4003,19,80,0.0000237,1.40983,0.65,0.75,,,,
4004,19,81,0.00002369,0.458742,0.85,1,,,,
4005,19,82,0.00002369,0.240273,0.95,1,,,,
4006,19,83,0.00002368,0.680431,0.8,0.95,,,,
4007,19,84,0.00002367,0.830513,0.85,0.85,,,,
4008,19,85,0.00002367,0.692465,0.85,0.95,,,,
4009,19,86,0.00002366,0.822479,0.75,0.95,,,,
4010,19,87,0.00002366,1.571179,0.6,0.75,,,,
4011,19,88,0.00002365,0.87808,0.8,0.9,,,,
4012,19,89,0.00002364,1.510174,0.7,0.75,,,,
4013,19,90,0.00002364,0.485981,0.95,0.95,,,,
4014,19,91,0.00002363,0.758821,0.8,0.9,,,,
4015,19,92,0.00002362,0.705898,0.85,0.85,,,,
4016,19,93,0.00002362,0.376103,0.95,0.95,,,,
4017,19,94,0.00002361,0.536474,0.85,0.95,,,,
4018,19,95,0.00002361,0.843996,0.85,0.9,,,,
4019,19,96,0.0000236,0.781858,0.8,0.9,,,,
4020,19,97,0.00002359,0.760235,0.8,0.9,,,,
4021,19,98,0.00002359,0.25858,0.95,1,,,,
4022,19,99,0.00002358,0.782,0.8,0.95,,,,
4023,19,100,0.00002357,0.886222,0.8,0.9,,,,
4024,19,101,0.00002357,0.913552,0.75,0.9,,,,
4025,19,102,0.00002356,0.974278,0.8,0.9,,,,
4026,19,103,0.00002355,0.858086,0.8,0.9,,,,
4027,19,104,0.00002355,0.268007,0.95,1,,,,
4028,19,105,0.00002354,0.912655,0.75,0.9,,,,
4029,19,106,0.00002354,0.908398,0.75,0.95,,,,
4030,19,107,0.00002353,1.006817,0.7,0.8,,,,
4031,19,108,0.00002352,0.745166,0.75,0.95,,,,
4032,19,109,0.00002352,1.174003,0.65,0.7,,,,
4033,19,110,0.00002351,0.917284,0.8,0.9,,,,
4034,19,111,0.0000235,0.871197,0.75,0.9,,,,
4035,19,112,0.0000235,0.876662,0.7,0.9,,,,
4036,19,113,0.00002349,0.429476,0.9,0.9,,,,
4037,19,114,0.00002349,1.003318,0.7,0.9,,,,
4038,19,115,0.00002348,0.69598,0.75,0.95,,,,
4039,19,116,0.00002347,0.964048,0.75,0.8,,,,
4040,19,117,0.00002347,1.142429,0.65,0.9,,,,
4041,19,118,0.00002346,1.023418,0.75,0.8,,,,
4042,19,119,0.00002345,0.367823,0.9,0.95,,,,
4043,19,120,0.00002345,0.845196,0.75,1,,,,
4044,19,121,0.00002344,0.896486,0.8,0.95,,,,
4045,19,122,0.00002344,1.11457,0.8,0.85,,,,
4046,19,123,0.00002343,1.135212,0.7,0.85,,,,
4047,19,124,0.00002342,0.998476,0.7,0.85,,,,
4048,19,125,0.00002342,0.579094,0.8,0.95,,,,
4049,19,126,0.00002341,1.094387,0.7,0.9,,,,
4050,19,127,0.0000234,0.434999,0.9,1,,,,
4051,19,128,0.0000234,0.310508,0.9,1,,,,
4052,19,129,0.00002339,0.819143,0.75,0.95,,,,
4053,19,130,0.00002338,0.472002,0.95,0.95,,,,
4054,19,131,0.00002338,0.758302,0.8,0.95,,,,
4055,19,132,0.00002337,0.487089,0.9,1,,,,
4056,19,133,0.00002337,0.257038,0.95,1,,,,
4057,19,134,0.00002336,1.362099,0.65,0.75,,,,
4058,19,135,0.00002335,1.210446,0.7,0.8,,,,
4059,19,136,0.00002335,1.080413,0.7,0.85,,,,
4060,19,137,0.00002334,0.555347,0.85,0.95,,,,
4061,19,138,0.00002333,0.33066,0.95,1,,,,
4062,19,139,0.00002333,1.470565,0.65,0.75,,,,
4063,19,140,0.00002332,0.554196,0.9,1,,,,
4064,19,141,0.00002332,1.067803,0.7,0.95,,,,
4065,19,142,0.00002331,0.721916,0.8,0.95,,,,
4066,19,143,0.0000233,0.742455,0.8,0.95,,,,
4067,19,144,0.0000233,0.69288,0.85,0.9,,,,
4068,19,145,0.00002329,1.771359,0.6,0.7,,,,
4069,19,146,0.00002328,1.212966,0.65,0.9,,,,
4070,19,147,0.00002328,0.721858,0.85,0.95,,,,
4071,19,148,0.00002327,0.392852,0.9,0.95,,,,
4072,19,149,0.00002327,0.652839,0.85,0.9,,,,
4073,19,150,0.00002326,0.542057,0.9,1,,,,
4074,19,151,0.00002325,0.527487,0.9,0.95,,,,
4075,19,152,0.00002325,0.555254,0.8,0.9,,,,
4076,19,153,0.00002324,0.525939,0.9,0.9,,,,
4077,19,154,0.00002323,0.784825,0.8,0.95,,,,
4078,19,155,0.00002323,0.575588,0.9,0.9,,,,
4079,19,156,0.00002322,0.996784,0.8,0.8,,,,
4080,19,157,0.00002321,0.495213,0.9,0.95,,,,
4081,19,158,0.00002321,0.933916,0.8,0.85,,,,
4082,19,159,0.0000232,0.327127,0.95,0.95,,,,
4083,19,160,0.0000232,0.883492,0.8,0.85,,,,
4084,19,161,0.00002319,0.637708,0.85,0.95,,,,
4085,19,162,0.00002318,0.688942,0.85,0.95,,,,
4086,19,163,0.00002318,0.55007,0.9,0.95,,,,
4087,19,164,0.00002317,0.49249,0.85,0.95,,,,
4088,19,165,0.00002316,1.068365,0.75,0.95,,,,
4089,19,166,0.00002316,1.31258,0.65,0.85,,,,
4090,19,167,0.00002315,0.969084,0.8,0.9,,,,
4091,19,168,0.00002315,0.390667,0.85,1,,,,
4092,19,169,0.00002314,0.952174,0.7,0.8,,,,
4093,19,170,0.00002313,0.406905,0.95,0.95,,,,
4094,19,171,0.00002313,0.96255,0.75,0.85,,,,
4095,19,172,0.00002312,0.678836,0.85,0.9,,,,
4096,19,173,0.00002311,0.870197,0.8,0.9,,,,
4097,19,174,0.00002311,0.424428,0.9,1,,,,
4098,19,175,0.0000231,0.336675,0.9,1,,,,
4099,19,176,0.00002309,1.335862,0.7,0.75,,,,
4100,19,177,0.00002309,0.571712,0.85,0.95,,,,
4101,19,178,0.00002308,1.204579,0.7,0.85,,,,
4102,19,179,0.00002308,0.870893,0.75,0.85,,,,
4103,19,180,0.00002307,0.214474,0.95,0.95,,,,
4104,19,181,0.00002306,0.753829,0.75,0.9,,,,
4105,19,182,0.00002306,0.322873,0.95,0.95,,,,
4106,19,183,0.00002305,1.238295,0.7,0.8,,,,
4107,19,184,0.00002304,1.751938,0.6,0.75,,,,
4108,19,185,0.00002304,0.424956,0.9,0.95,,,,
4109,19,186,0.00002303,0.719033,0.85,0.85,,,,
4110,19,187,0.00002303,0.186884,0.95,1,,,,
4111,19,188,0.00002302,1.358717,0.75,0.8,,,,
4112,19,189,0.00002301,0.623906,0.85,0.9,,,,
4113,19,190,0.00002301,0.199856,1,1,,,,
4114,19,191,0.000023,0.467752,0.85,0.95,,,,
4115,19,192,0.00002299,0.524157,0.8,1,,,,
4116,19,193,0.00002299,0.40021,0.85,0.95,,,,
4117,19,194,0.00002298,0.409278,0.95,1,,,,
4118,19,195,0.00002297,1.47724,0.65,0.8,,,,
4119,19,196,0.00002297,0.771436,0.75,0.95,,,,
4120,19,197,0.00002296,1.037766,0.65,0.9,,,,
4121,19,198,0.00002296,1.213071,0.75,0.8,,,,
4122,19,199,0.00002295,0.716941,0.8,0.95,,,,
4123,19,200,0.00002294,1.092051,0.75,0.8,,,,
4124,19,201,0.00002294,1.409452,0.7,0.8,,,,
4125,19,202,0.00002293,0.466479,0.9,0.95,,,,
4126,19,203,0.00002292,0.509671,0.95,0.95,,,,
4127,19,204,0.00002292,0.848383,0.85,0.9,,,,
4128,19,205,0.00002291,0.654756,0.85,0.95,,,,
4129,19,206,0.0000229,0.957356,0.7,0.95,,,,
4130,19,207,0.0000229,0.639799,0.85,0.9,,,,
4131,19,208,0.00002289,0.591535,0.8,0.9,,,,
4132,19,209,0.00002289,0.482565,0.8,1,,,,
4133,19,210,0.00002288,0.497652,0.9,1,,,,
4134,19,211,0.00002287,0.965075,0.75,0.85,,,,
4135,19,212,0.00002287,0.692428,0.8,0.9,,,,
4136,19,213,0.00002286,1.380814,0.6,0.7,,,,
4137,19,214,0.00002285,0.56764,0.8,0.95,,,,
4138,19,215,0.00002285,0.593587,0.9,0.9,,,,
4139,19,216,0.00002284,1.474783,0.7,0.75,,,,
4140,19,217,0.00002284,0.683114,0.85,0.95,,,,
4141,19,218,0.00002283,0.9504,0.75,0.85,,,,
4142,20,1,0.00002282,0.732003,0.8,0.9,,,,
4143,20,2,0.00002282,1.043255,0.75,0.8,,,,
4144,20,3,0.00002281,1.015471,0.7,0.9,,,,
4145,20,4,0.0000228,1.488626,0.6,0.75,,,,
4146,20,5,0.0000228,0.200978,1,1,,,,
4147,20,6,0.00002279,1.104021,0.8,0.8,,,,
4148,20,7,0.00002278,0.843963,0.8,0.85,,,,
4149,20,8,0.00002278,0.738846,0.8,0.95,,,,
4150,20,9,0.00002277,0.760422,0.85,0.95,,,,
4151,20,10,0.00002277,0.595653,0.85,0.95,,,,
4152,20,11,0.00002276,0.279043,0.95,0.95,,,,
4153,20,12,0.00002275,0.829821,0.8,0.9,,,,
4154,20,13,0.00002275,0.355938,0.9,1,,,,
4155,20,14,0.00002274,1.192209,0.7,0.85,,,,
4156,20,15,0.00002273,0.697016,0.8,0.9,,,,
4157,20,16,0.00002273,1.104998,0.65,0.85,,,,
4158,20,17,0.00002272,0.73539,0.85,0.95,,,,
4159,20,18,0.00002272,0.488452,0.85,1,,,,
4160,20,19,0.00002271,0.984162,0.75,0.9,,,,
4161,20,20,0.0000227,0.359254,0.85,1,,,,
4162,20,21,0.0000227,1.081635,0.7,0.9,,,,
4163,20,22,0.00002269,0.644755,0.9,0.95,,,,
4164,20,23,0.00002268,1.560064,0.6,0.8,,,,
4165,20,24,0.00002268,0.953987,0.8,0.85,,,,
4166,20,25,0.00002267,1.119053,0.75,0.85,,,,
4167,20,26,0.00002266,1.15733,0.75,0.85,,,,
4168,20,27,0.00002266,0.677155,0.85,0.95,,,,
4169,20,28,0.00002265,0.811761,0.8,0.85,,,,
4170,20,29,0.00002265,1.448338,0.65,0.8,,,,
4171,20,30,0.00002264,0.78079,0.8,0.9,,,,
4172,20,31,0.00002263,0.55127,0.85,0.95,,,,
4173,20,32,0.00002263,1.212459,0.75,0.9,,,,
4174,20,33,0.00002262,1.103868,0.8,0.9,,,,
4175,20,34,0.00002261,0.572873,0.9,0.95,,,,
4176,20,35,0.00002261,0.445387,0.95,0.95,,,,
4177,20,36,0.0000226,0.913404,0.85,0.9,,,,
4178,20,37,0.00002259,0.70469,0.85,0.85,,,,
4179,20,38,0.00002259,1.286466,0.75,0.8,,,,
4180,20,39,0.00002258,0.961379,0.7,0.9,,,,
4181,20,40,0.00002258,0.910607,0.8,0.8,,,,
4182,20,41,0.00002257,0.783967,0.7,0.9,,,,
4183,20,42,0.00002256,0.847109,0.8,0.85,,,,
4184,20,43,0.00002256,1.03118,0.75,0.85,,,,
4185,20,44,0.00002255,0.551988,0.85,0.95,,,,
4186,20,45,0.00002254,0.577991,0.85,0.95,,,,
4187,20,46,0.00002254,0.195336,0.95,1,,,,
4188,20,47,0.00002253,1.329367,0.65,0.8,,,,
4189,20,48,0.00002252,0.706685,0.85,0.95,,,,
4190,20,49,0.00002252,0.590996,0.9,0.95,,,,
4191,20,50,0.00002251,1.019671,0.75,0.8,,,,
4192,20,51,0.00002251,0.679168,0.9,0.95,,,,
4193,20,52,0.0000225,0.315093,0.95,1,,,,
4194,20,53,0.00002249,0.292901,0.95,1,,,,
4195,20,54,0.00002249,1.072691,0.75,0.8,,,,
4196,20,55,0.00002248,1.086777,0.8,0.8,,,,
4197,20,56,0.00002247,0.763624,0.8,0.95,,,,
4198,20,57,0.00002247,0.928584,0.85,0.9,,,,
4199,20,58,0.00002246,0.782226,0.85,0.9,,,,
4200,20,59,0.00002246,0.624532,0.75,0.95,,,,
4201,20,60,0.00002245,1.207873,0.7,0.85,,,,
4202,20,61,0.00002244,0.450699,0.9,0.95,,,,
4203,20,62,0.00002244,1.28838,0.7,0.9,,,,
4204,20,63,0.00002243,0.858488,0.8,0.9,,,,
4205,20,64,0.00002242,1.113918,0.65,0.85,,,,
4206,20,65,0.00002242,1.075812,0.7,0.85,,,,
4207,20,66,0.00002241,0.587185,0.9,0.95,,,,
4208,20,67,0.0000224,1.046495,0.75,0.9,,,,
4209,20,68,0.0000224,0.625516,0.9,0.95,,,,
4210,20,69,0.00002239,0.829781,0.9,0.9,,,,
4211,20,70,0.00002239,0.831989,0.75,0.95,,,,
4212,20,71,0.00002238,0.915153,0.85,0.85,,,,
4213,20,72,0.00002237,0.683757,0.85,0.95,,,,
4214,20,73,0.00002237,1.09445,0.75,0.8,,,,
4215,20,74,0.00002236,0.907739,0.8,0.85,,,,
4216,20,75,0.00002235,1.136548,0.8,0.8,,,,
4217,20,76,0.00002235,0.753162,0.8,0.95,,,,
4218,20,77,0.00002234,0.668291,0.8,1,,,,
4219,20,78,0.00002233,0.830257,0.8,0.95,,,,
4220,20,79,0.00002233,1.12261,0.75,0.75,,,,
4221,20,80,0.00002232,0.591701,0.85,0.95,,,,
4222,20,81,0.00002232,0.579513,0.8,0.95,,,,
4223,20,82,0.00002231,0.340838,0.85,1,,,,
4224,20,83,0.0000223,0.441787,0.9,0.95,,,,
4225,20,84,0.0000223,0.453003,0.9,0.95,,,,
4226,20,85,0.00002229,0.724729,0.8,0.95,,,,
4227,20,86,0.00002228,0.369221,0.9,1,,,,
4228,20,87,0.00002228,0.336258,0.95,1,,,,
4229,20,88,0.00002227,0.647503,0.85,0.9,,,,
4230,20,89,0.00002226,0.95034,0.8,0.8,,,,
4231,20,90,0.00002226,0.806245,0.75,0.95,,,,
4232,20,91,0.00002225,0.489879,0.85,0.9,,,,
4233,20,92,0.00002225,1.711287,0.7,0.7,,,,
4234,20,93,0.00002224,0.652128,0.85,0.85,,,,
4235,20,94,0.00002223,0.739329,0.8,0.9,,,,
4236,20,95,0.00002223,0.585102,0.9,0.9,,,,
4237,20,96,0.00002222,1.391869,0.65,0.75,,,,
4238,20,97,0.00002221,0.609529,0.8,0.95,,,,
4239,20,98,0.00002221,1.106649,0.7,0.85,,,,
4240,20,99,0.0000222,0.830475,0.85,0.85,,,,
4241,20,100,0.00002219,0.727522,0.85,0.9,,,,
4242,20,101,0.00002219,1.054779,0.75,0.9,,,,
4243,20,102,0.00002218,1.457848,0.65,0.8,,,,
4244,20,103,0.00002218,1.112494,0.75,0.8,,,,
4245,20,104,0.00002217,0.532743,0.85,0.9,,,,
4246,20,105,0.00002216,0.408222,0.9,0.95,,,,
4247,20,106,0.00002216,0.641722,0.8,0.95,,,,
4248,20,107,0.00002215,0.498719,0.9,1,,,,
4249,20,108,0.00002214,1.034753,0.75,0.85,,,,
4250,20,109,0.00002214,0.261153,0.95,1,,,,
4251,20,110,0.00002213,0.601128,0.8,0.9,,,,
4252,20,111,0.00002212,0.393868,0.9,1,,,,
4253,20,112,0.00002212,0.748253,0.85,0.85,,,,
4254,20,113,0.00002211,0.278254,0.95,1,,,,
4255,20,114,0.00002211,0.91895,0.75,0.9,,,,
4256,20,115,0.0000221,1.129543,0.7,0.8,,,,
4257,20,116,0.00002209,0.379478,0.9,1,,,,
4258,20,117,0.00002209,1.214901,0.7,0.75,,,,
4259,20,118,0.00002208,0.665253,0.85,0.95,,,,
4260,20,119,0.00002207,0.67173,0.8,0.9,,,,
4261,20,120,0.00002207,0.690934,0.8,0.9,,,,
4262,20,121,0.00002206,0.586566,0.9,0.95,,,,
4263,20,122,0.00002205,1.606758,0.7,0.7,,,,
4264,20,123,0.00002205,0.134728,1,1,,,,
4265,20,124,0.00002204,0.640067,0.8,0.95,,,,
4266,20,125,0.00002204,0.537389,0.85,0.95,,,,
4267,20,126,0.00002203,0.745764,0.8,0.9,,,,
4268,20,127,0.00002202,0.421211,0.9,0.95,,,,
4269,20,128,0.00002202,0.170296,0.95,1,,,,
4270,20,129,0.00002201,1.261407,0.7,0.85,,,,
4271,20,130,0.000022,0.330161,0.95,0.95,,,,
4272,20,131,0.000022,1.383401,0.55,0.75,,,,
4273,20,132,0.00002199,1.504805,0.7,0.75,,,,
4274,20,133,0.00002198,0.665551,0.85,0.9,,,,
4275,20,134,0.00002198,0.93619,0.75,0.9,,,,
4276,20,135,0.00002197,0.584725,0.9,1,,,,
4277,20,136,0.00002197,1.064457,0.75,0.85,,,,
4278,20,137,0.00002196,1.425774,0.6,0.85,,,,
4279,20,138,0.00002195,0.948357,0.8,0.85,,,,
4280,20,139,0.00002195,0.622441,0.75,0.95,,,,
4281,20,140,0.00002194,0.779728,0.85,0.85,,,,
4282,20,141,0.00002193,0.774344,0.8,0.9,,,,
4283,20,142,0.00002193,0.92272,0.75,0.85,,,,
4284,20,143,0.00002192,0.733379,0.85,0.9,,,,
4285,20,144,0.00002192,1.155229,0.85,0.85,,,,
4286,20,145,0.00002191,0.257906,0.9,1,,,,
4287,20,146,0.0000219,0.89179,0.75,0.85,,,,
4288,20,147,0.0000219,0.572157,0.85,0.95,,,,
4289,20,148,0.00002189,0.635554,0.8,0.95,,,,
4290,20,149,0.00002188,0.817171,0.85,0.95,,,,
4291,20,150,0.00002188,0.609078,0.85,0.9,,,,
4292,20,151,0.00002187,1.17636,0.75,0.85,,,,
4293,20,152,0.00002186,0.373376,0.95,1,,,,
4294,20,153,0.00002186,0.750718,0.85,0.9,,,,
4295,20,154,0.00002185,0.745416,0.85,0.95,,,,
4296,20,155,0.00002184,0.42295,0.9,0.95,,,,
4297,20,156,0.00002184,0.902803,0.7,0.9,,,,
4298,20,157,0.00002183,0.282001,0.9,1,,,,
4299,20,158,0.00002183,0.357345,0.9,1,,,,
4300,20,159,0.00002182,0.605606,0.8,0.95,,,,
4301,20,160,0.00002181,0.708595,0.8,0.95,,,,
4302,20,161,0.00002181,0.82997,0.75,0.95,,,,
4303,20,162,0.0000218,0.814356,0.85,0.9,,,,
4304,20,163,0.00002179,0.735266,0.85,0.9,,,,
4305,20,164,0.00002179,0.833094,0.8,0.95,,,,
4306,20,165,0.00002178,1.205552,0.65,0.8,,,,
4307,20,166,0.00002177,0.735075,0.8,1,,,,
4308,20,167,0.00002177,0.540219,0.85,1,,,,
4309,20,168,0.00002176,0.991192,0.7,0.85,,,,
4310,20,169,0.00002176,1.537024,0.6,0.75,,,,
4311,20,170,0.00002175,1.13278,0.65,0.85,,,,
4312,20,171,0.00002174,0.493054,0.85,0.95,,,,
4313,20,172,0.00002174,0.646057,0.85,0.9,,,,
4314,20,173,0.00002173,0.684497,0.8,0.9,,,,
4315,20,174,0.00002172,0.967146,0.75,0.85,,,,
4316,20,175,0.00002172,1.195813,0.8,0.8,,,,
4317,20,176,0.00002171,1.327592,0.8,0.8,,,,
4318,20,177,0.0000217,0.516521,0.85,0.95,,,,
4319,20,178,0.0000217,0.993909,0.85,0.85,,,,
4320,20,179,0.00002169,1.63369,0.6,0.7,,,,
4321,20,180,0.00002169,0.614463,0.85,0.9,,,,
4322,20,181,0.00002168,0.902891,0.8,0.9,,,,
4323,20,182,0.00002167,0.385047,0.95,0.95,,,,
4324,20,183,0.00002167,0.744631,0.8,0.9,,,,
4325,20,184,0.00002166,0.881035,0.8,0.9,,,,
4326,20,185,0.00002165,0.695329,0.8,0.9,,,,
4327,20,186,0.00002165,0.250567,0.95,1,,,,
4328,20,187,0.00002164,0.709672,0.8,0.95,,,,
4329,20,188,0.00002163,0.676093,0.8,1,,,,
4330,20,189,0.00002163,0.901214,0.8,0.9,,,,
4331,20,190,0.00002162,0.743962,0.85,0.95,,,,
4332,20,191,0.00002162,0.629036,0.85,0.95,,,,
4333,20,192,0.00002161,0.937294,0.6,0.95,,,,
4334,20,193,0.0000216,1.292048,0.65,0.8,,,,
4335,20,194,0.0000216,0.664566,0.85,0.9,,,,
4336,20,195,0.00002159,0.975247,0.75,0.85,,,,
4337,20,196,0.00002158,1.120226,0.75,0.9,,,,
4338,20,197,0.00002158,0.47525,0.85,0.95,,,,
4339,20,198,0.00002157,0.583304,0.85,0.95,,,,
4340,20,199,0.00002156,0.378195,0.9,1,,,,
4341,20,200,0.00002156,1.048437,0.8,0.85,,,,
4342,20,201,0.00002155,0.884937,0.8,0.85,,,,
4343,20,202,0.00002155,0.939168,0.8,0.85,,,,
4344,20,203,0.00002154,0.824605,0.8,0.85,,,,
4345,20,204,0.00002153,1.052614,0.75,0.85,,,,
4346,20,205,0.00002153,0.630297,0.9,0.95,,,,
4347,20,206,0.00002152,0.756109,0.85,0.9,,,,
4348,20,207,0.00002151,0.813719,0.75,0.9,,,,
4349,20,208,0.00002151,0.730654,0.8,0.9,,,,
4350,20,209,0.0000215,0.863797,0.85,0.9,,,,
4351,20,210,0.00002149,1.272503,0.6,0.85,,,,
4352,20,211,0.00002149,1.390126,0.65,0.85,,,,
4353,20,212,0.00002148,0.743068,0.8,0.9,,,,
4354,20,213,0.00002148,0.883372,0.8,0.8,,,,
4355,20,214,0.00002147,0.890491,0.7,0.85,,,,
4356,20,215,0.00002146,1.041113,0.65,0.9,,,,
4357,20,216,0.00002146,0.790983,0.8,0.9,,,,
4358,20,217,0.00002145,0.467893,0.9,0.95,,,,
4359,20,218,0.00002144,0.529939,0.9,0.9,,,,
4360,21,1,0.00002144,1.309927,0.8,0.8,,,,
4361,21,2,0.00002143,0.717755,0.85,0.95,,,,
4362,21,3,0.00002142,1.478289,0.7,0.8,,,,
4363,21,4,0.00002142,0.655864,0.85,0.9,,,,
4364,21,5,0.00002141,1.02051,0.75,0.8,,,,
4365,21,6,0.00002141,0.667058,0.8,0.95,,,,
4366,21,7,0.0000214,0.67021,0.8,0.95,,,,
4367,21,8,0.00002139,0.734136,0.85,0.85,,,,
4368,21,9,0.00002139,0.636401,0.85,0.95,,,,
4369,21,10,0.00002138,0.710286,0.8,0.85,,,,
4370,21,11,0.00002137,0.654798,0.8,0.95,,,,
4371,21,12,0.00002137,0.362487,0.9,1,,,,
4372,21,13,0.00002136,0.50492,0.85,0.95,,,,
4373,21,14,0.00002135,0.820928,0.75,0.9,,,,
4374,21,15,0.00002135,1.406541,0.65,0.7,,,,
4375,21,16,0.00002134,0.759953,0.75,0.9,,,,
4376,21,17,0.00002134,0.684791,0.8,0.95,,,,
4377,21,18,0.00002133,0.912761,0.8,0.85,,,,
4378,21,19,0.00002132,0.961471,0.75,0.85,,,,
4379,21,20,0.00002132,1.19952,0.7,0.9,,,,
4380,21,21,0.00002131,0.495436,0.9,0.95,,,,
4381,21,22,0.0000213,0.525052,0.85,1,,,,
4382,21,23,0.0000213,1.322277,0.65,0.8,,,,
4383,21,24,0.00002129,0.951362,0.75,0.85,,,,
4384,21,25,0.00002128,0.859327,0.8,0.95,,,,
4385,21,26,0.00002128,0.612107,0.85,0.95,,,,
4386,21,27,0.00002127,0.689012,0.85,0.9,,,,
4387,21,28,0.00002126,0.546077,0.95,0.95,,,,
4388,21,29,0.00002126,0.538523,0.8,0.95,,,,
4389,21,30,0.00002125,0.654198,0.8,0.9,,,,
4390,21,31,0.00002125,0.763479,0.9,0.9,,,,
4391,21,32,0.00002124,0.683416,0.8,0.9,,,,
4392,21,33,0.00002123,0.426219,0.9,0.95,,,,
4393,21,34,0.00002123,0.854529,0.8,0.95,,,,
4394,21,35,0.00002122,0.745882,0.7,0.95,,,,
4395,21,36,0.00002121,1.108904,0.65,0.9,,,,
4396,21,37,0.00002121,0.952535,0.75,0.9,,,,
4397,21,38,0.0000212,0.620582,0.75,1,,,,
4398,21,39,0.00002119,0.641384,0.8,0.9,,,,
4399,21,40,0.00002119,0.296284,0.95,1,,,,
4400,21,41,0.00002118,0.622208,0.85,0.9,,,,
4401,21,42,0.00002118,0.56875,0.85,0.95,,,,
4402,21,43,0.00002117,0.816473,0.8,0.85,,,,
4403,21,44,0.00002116,0.482524,0.8,0.95,,,,
4404,21,45,0.00002116,1.062851,0.7,0.85,,,,
4405,21,46,0.00002115,1.165955,0.65,0.8,,,,
4406,21,47,0.00002114,1.079216,0.7,0.85,,,,
4407,21,48,0.00002114,0.720684,0.9,0.95,,,,
4408,21,49,0.00002113,0.761758,0.8,0.9,,,,
4409,21,50,0.00002112,0.909739,0.75,0.9,,,,
4410,21,51,0.00002112,0.682675,0.9,0.9,,,,
4411,21,52,0.00002111,0.994315,0.8,0.85,,,,
4412,21,53,0.00002111,0.495601,0.95,0.95,,,,
4413,21,54,0.0000211,0.258449,0.9,1,,,,
4414,21,55,0.00002109,0.839628,0.8,0.9,,,,
4415,21,56,0.00002109,0.335915,0.95,0.95,,,,
4416,21,57,0.00002108,1.05087,0.8,0.85,,,,
4417,21,58,0.00002107,0.342374,0.9,1,,,,
4418,21,59,0.00002107,1.051679,0.75,0.8,,,,
4419,21,60,0.00002106,0.53253,0.85,0.95,,,,
4420,21,61,0.00002105,0.604509,0.9,0.95,,,,
4421,21,62,0.00002105,0.645266,0.85,0.95,,,,
4422,21,63,0.00002104,1.101455,0.7,0.8,,,,
4423,21,64,0.00002104,1.201768,0.7,0.8,,,,
4424,21,65,0.00002103,1.065241,0.75,0.9,,,,
4425,21,66,0.00002102,0.522341,0.8,0.95,,,,
4426,21,67,0.00002102,1.013043,0.8,0.85,,,,
4427,21,68,0.00002101,0.732391,0.85,0.95,,,,
4428,21,69,0.000021,0.794498,0.85,0.85,,,,
4429,21,70,0.000021,0.278414,0.95,1,,,,
4430,21,71,0.00002099,0.658044,0.8,0.9,,,,
4431,21,72,0.00002098,0.9165,0.75,0.95,,,,
4432,21,73,0.00002098,0.607269,0.85,0.9,,,,
4433,21,74,0.00002097,1.024403,0.7,0.9,,,,
4434,21,75,0.00002096,1.001817,0.75,0.9,,,,
4435,21,76,0.00002096,0.475397,0.85,0.95,,,,
4436,21,77,0.00002095,0.258931,0.95,1,,,,
4437,21,78,0.00002095,1.262845,0.75,0.8,,,,
4438,21,79,0.00002094,1.126838,0.75,0.75,,,,
4439,21,80,0.00002093,1.12,0.65,0.9,,,,
4440,21,81,0.00002093,1.447107,0.7,0.75,,,,
4441,21,82,0.00002092,0.91759,0.7,0.9,,,,
4442,21,83,0.00002091,1.006801,0.75,0.9,,,,
4443,21,84,0.00002091,0.665638,0.85,0.95,,,,
4444,21,85,0.0000209,0.647236,0.7,1,,,,
4445,21,86,0.00002089,1.144727,0.7,0.75,,,,
4446,21,87,0.00002089,0.186768,0.95,1,,,,
4447,21,88,0.00002088,1.301353,0.65,0.75,,,,
4448,21,89,0.00002088,0.56981,0.8,1,,,,
4449,21,90,0.00002087,1.195081,0.7,0.8,,,,
4450,21,91,0.00002086,0.804012,0.75,0.95,,,,
4451,21,92,0.00002086,0.92542,0.75,0.9,,,,
4452,21,93,0.00002085,0.646381,0.9,0.9,,,,
4453,21,94,0.00002084,0.613293,0.85,0.9,,,,
4454,21,95,0.00002084,0.94364,0.8,0.9,,,,
4455,21,96,0.00002083,1.132241,0.7,0.85,,,,
4456,21,97,0.00002082,1.254796,0.7,0.75,,,,
4457,21,98,0.00002082,0.929293,0.8,0.9,,,,
4458,21,99,0.00002081,0.798917,0.85,0.9,,,,
4459,21,100,0.00002081,0.573868,0.8,0.95,,,,
4460,21,101,0.0000208,1.346997,0.7,0.75,,,,
4461,21,102,0.00002079,0.650974,0.85,0.9,,,,
4462,21,103,0.00002079,0.879082,0.75,0.9,,,,
4463,21,104,0.00002078,0.619778,0.85,0.9,,,,
4464,21,105,0.00002077,0.359706,0.9,0.95,,,,
4465,21,106,0.00002077,0.653645,0.9,0.95,,,,
4466,21,107,0.00002076,0.879532,0.8,0.95,,,,
4467,21,108,0.00002075,0.475052,0.85,1,,,,
4468,21,109,0.00002075,0.254785,1,1,,,,
4469,21,110,0.00002074,0.490434,0.8,0.95,,,,
4470,21,111,0.00002074,0.582704,0.95,0.95,,,,
4471,21,112,0.00002073,0.912472,0.7,0.95,,,,
4472,21,113,0.00002072,1.035652,0.75,0.9,,,,
4473,21,114,0.00002072,0.760024,0.8,0.95,,,,
4474,21,115,0.00002071,0.695017,0.8,0.9,,,,
4475,21,116,0.0000207,0.481743,0.8,0.95,,,,
4476,21,117,0.0000207,0.735229,0.8,0.95,,,,
4477,21,118,0.00002069,1.025565,0.75,0.85,,,,
4478,21,119,0.00002068,0.237028,0.95,1,,,,
4479,21,120,0.00002068,0.670957,0.85,1,,,,
4480,21,121,0.00002067,0.603129,0.8,0.95,,,,
4481,21,122,0.00002066,0.188548,1,1,,,,
4482,21,123,0.00002066,1.128527,0.65,0.9,,,,
4483,21,124,0.00002065,0.736608,0.8,0.95,,,,
4484,21,125,0.00002065,0.997612,0.75,0.9,,,,
4485,21,126,0.00002064,0.750067,0.75,0.95,,,,
4486,21,127,0.00002063,0.702904,0.9,0.95,,,,
4487,21,128,0.00002063,0.435638,0.85,0.95,,,,
4488,21,129,0.00002062,0.465597,0.85,0.95,,,,
4489,21,130,0.00002061,0.564702,0.9,0.95,,,,
4490,21,131,0.00002061,0.349785,0.9,1,,,,
4491,21,132,0.0000206,0.486568,0.9,1,,,,
4492,21,133,0.00002059,0.762809,0.85,0.85,,,,
4493,21,134,0.00002059,1.175449,0.7,0.85,,,,
4494,21,135,0.00002058,0.561296,0.9,0.95,,,,
4495,21,136,0.00002058,0.474597,0.8,1,,,,
4496,21,137,0.00002057,0.658297,0.8,0.95,,,,
4497,21,138,0.00002056,0.802621,0.8,0.9,,,,
4498,21,139,0.00002056,0.833099,0.75,0.85,,,,
4499,21,140,0.00002055,0.637674,0.85,0.9,,,,
4500,21,141,0.00002054,0.865464,0.8,0.9,,,,
4501,21,142,0.00002054,0.584472,0.8,1,,,,
4502,21,143,0.00002053,1.086163,0.8,0.8,,,,
4503,21,144,0.00002052,0.606879,0.85,0.9,,,,
4504,21,145,0.00002052,0.519458,0.85,0.95,,,,
4505,21,146,0.00002051,1.012016,0.8,0.85,,,,
4506,21,147,0.00002051,0.266438,0.95,1,,,,
4507,21,148,0.0000205,0.31335,1,1,,,,
4508,21,149,0.00002049,0.886976,0.75,0.85,,,,
4509,21,150,0.00002049,1.436781,0.65,0.8,,,,
4510,21,151,0.00002048,0.903339,0.75,0.85,,,,
4511,21,152,0.00002047,1.085924,0.8,0.85,,,,
4512,21,153,0.00002047,1.241005,0.8,0.8,,,,
4513,21,154,0.00002046,0.786672,0.8,1,,,,
4514,21,155,0.00002045,1.019807,0.8,0.95,,,,
4515,21,156,0.00002045,0.945816,0.8,0.85,,,,
4516,21,157,0.00002044,0.598941,0.9,0.95,,,,
4517,21,158,0.00002043,0.609089,0.85,0.95,,,,
4518,21,159,0.00002043,0.779228,0.75,0.95,,,,
4519,21,160,0.00002042,0.65212,0.75,1,,,,
4520,21,161,0.00002042,0.900061,0.8,0.85,,,,
4521,21,162,0.00002041,0.17137,0.95,1,,,,
4522,21,163,0.0000204,0.659489,0.85,0.9,,,,
4523,21,164,0.0000204,0.911548,0.7,0.9,,,,
4524,21,165,0.00002039,0.716425,0.85,0.9,,,,
4525,21,166,0.00002038,0.671258,0.8,0.95,,,,
4526,21,167,0.00002038,0.481719,0.85,1,,,,
4527,21,168,0.00002037,0.818998,0.8,0.9,,,,
4528,21,169,0.00002036,0.679756,0.8,0.95,,,,
4529,21,170,0.00002036,1.208773,0.7,0.85,,,,
4530,21,171,0.00002035,0.559135,0.9,0.9,,,,
4531,21,172,0.00002035,1.190401,0.7,0.85,,,,
4532,21,173,0.00002034,0.32935,0.9,1,,,,
4533,21,174,0.00002033,0.749641,0.8,0.9,,,,
4534,21,175,0.00002033,1.104069,0.75,0.9,,,,
4535,21,176,0.00002032,0.742682,0.8,0.9,,,,
4536,21,177,0.00002031,0.842597,0.8,0.85,,,,
4537,21,178,0.00002031,0.780878,0.85,0.9,,,,
4538,21,179,0.0000203,0.635108,0.85,0.9,,,,
4539,21,180,0.00002029,0.84482,0.8,0.9,,,,
4540,21,181,0.00002029,0.788699,0.8,0.95,,,,
4541,21,182,0.00002028,1.152892,0.75,0.85,,,,
4542,21,183,0.00002027,1.324549,0.6,0.9,,,,
4543,21,184,0.00002027,0.395589,0.95,1,,,,
4544,21,185,0.00002026,0.440532,0.9,0.95,,,,
4545,21,186,0.00002026,0.432306,0.9,0.9,,,,
4546,21,187,0.00002025,0.76439,0.85,0.95,,,,
4547,21,188,0.00002024,0.875881,0.8,0.85,,,,
4548,21,189,0.00002024,0.515671,0.85,0.95,,,,
4549,21,190,0.00002023,0.49565,0.9,0.95,,,,
4550,21,191,0.00002022,1.391016,0.7,0.85,,,,
4551,21,192,0.00002022,1.572073,0.7,0.8,,,,
4552,21,193,0.00002021,0.965447,0.75,0.95,,,,
4553,21,194,0.0000202,0.881645,0.7,0.9,,,,
4554,21,195,0.0000202,0.309445,0.95,0.95,,,,
4555,21,196,0.00002019,0.794345,0.8,0.9,,,,
4556,21,197,0.00002019,0.847076,0.85,0.85,,,,
4557,21,198,0.00002018,0.345233,0.95,1,,,,
4558,21,199,0.00002017,0.938503,0.75,0.9,,,,
4559,21,200,0.00002017,1.111378,0.65,0.85,,,,
4560,21,201,0.00002016,0.895517,0.7,0.9,,,,
4561,21,202,0.00002015,0.54828,0.85,0.9,,,,
4562,21,203,0.00002015,0.636662,0.85,0.9,,,,
4563,21,204,0.00002014,0.397193,0.9,1,,,,
4564,21,205,0.00002013,0.536928,0.9,1,,,,
4565,21,206,0.00002013,0.629463,0.85,0.95,,,,
4566,21,207,0.00002012,0.839004,0.8,0.9,,,,
4567,21,208,0.00002012,0.601834,0.8,0.95,,,,
4568,21,209,0.00002011,0.43809,0.9,0.95,,,,
4569,21,210,0.0000201,0.553215,0.8,1,,,,
4570,21,211,0.0000201,0.551923,0.9,0.9,,,,
4571,21,212,0.00002009,1.162991,0.7,0.85,,,,
4572,21,213,0.00002008,1.031803,0.75,0.85,,,,
4573,21,214,0.00002008,0.889384,0.75,0.9,,,,
4574,21,215,0.00002007,0.992149,0.75,0.85,,,,
4575,21,216,0.00002006,1.051953,0.8,0.85,,,,
4576,21,217,0.00002006,0.688154,0.75,1,,,,
4577,21,218,0.00002005,0.703667,0.75,0.9,,,,
4578,22,1,0.00002004,0.466891,0.9,0.95,,,,
4579,22,2,0.00002004,1.015995,0.8,0.95,,,,
4580,22,3,0.00002003,0.748281,0.8,0.95,,,,
4581,22,4,0.00002003,1.280974,0.75,0.8,,,,
4582,22,5,0.00002002,0.971096,0.7,0.9,,,,
4583,22,6,0.00002001,0.725887,0.85,0.9,,,,
4584,22,7,0.00002001,0.824607,0.75,0.9,,,,
4585,22,8,0.00002,0.614668,0.8,0.9,,,,
4586,22,9,0.00001999,0.174173,0.95,1,,,,
4587,22,10,0.00001999,0.773131,0.8,0.85,,,,
4588,22,11,0.00001998,0.546455,0.9,0.9,,,,
4589,22,12,0.00001997,1.272309,0.75,0.9,,,,
4590,22,13,0.00001997,0.397393,0.95,0.95,,,,
4591,22,14,0.00001996,1.048135,0.7,0.85,,,,
4592,22,15,0.00001996,0.370919,0.85,0.95,,,,
4593,22,16,0.00001995,1.144475,0.65,0.85,,,,
4594,22,17,0.00001994,0.523194,0.95,0.95,,,,
4595,22,18,0.00001994,0.540699,0.8,1,,,,
4596,22,19,0.00001993,0.968114,0.8,0.8,,,,
4597,22,20,0.00001992,0.748225,0.8,0.95,,,,
4598,22,21,0.00001992,0.726823,0.85,0.95,,,,
4599,22,22,0.00001991,0.651263,0.8,0.85,,,,
4600,22,23,0.0000199,1.159023,0.75,0.85,,,,
4601,22,24,0.0000199,0.522202,0.8,1,,,,
4602,22,25,0.00001989,0.605145,0.85,0.95,,,,
4603,22,26,0.00001988,0.790913,0.75,0.9,,,,
4604,22,27,0.00001988,0.526577,0.95,0.95,,,,
4605,22,28,0.00001987,0.654123,0.8,0.95,,,,
4606,22,29,0.00001987,0.580878,0.85,0.95,,,,
4607,22,30,0.00001986,0.567402,0.85,0.9,,,,
4608,22,31,0.00001985,0.837217,0.7,0.9,,,,
4609,22,32,0.00001985,0.85066,0.8,0.9,,,,
4610,22,33,0.00001984,0.691859,0.85,0.9,,,,
4611,22,34,0.00001983,0.809552,0.7,0.9,,,,
4612,22,35,0.00001983,0.609821,0.8,0.9,,,,
4613,22,36,0.00001982,0.438025,0.85,1,,,,
4614,22,37,0.00001981,1.602962,0.6,0.8,,,,
4615,22,38,0.00001981,0.770155,0.8,0.9,,,,
4616,22,39,0.0000198,1.004484,0.75,0.85,,,,
4617,22,40,0.0000198,0.511606,0.9,0.95,,,,
4618,22,41,0.00001979,0.625962,0.8,1,,,,
4619,22,42,0.00001978,0.458553,0.9,1,,,,
4620,22,43,0.00001978,0.200981,0.95,1,,,,
4621,22,44,0.00001977,0.432543,0.85,1,,,,
4622,22,45,0.00001976,0.72243,0.8,0.95,,,,
4623,22,46,0.00001976,0.541883,0.85,0.95,,,,
4624,22,47,0.00001975,1.034915,0.65,0.85,,,,
4625,22,48,0.00001974,0.570718,0.85,0.95,,,,
4626,22,49,0.00001974,0.738764,0.85,0.85,,,,
4627,22,50,0.00001973,0.766258,0.85,0.9,,,,
4628,22,51,0.00001973,0.553744,0.85,0.95,,,,
4629,22,52,0.00001972,0.87151,0.8,0.9,,,,
4630,22,53,0.00001971,0.464999,0.85,1,,,,
4631,22,54,0.00001971,0.878261,0.75,0.9,,,,
4632,22,55,0.0000197,0.159328,0.95,1,,,,
4633,22,56,0.00001969,1.102306,0.75,0.9,,,,
4634,22,57,0.00001969,0.80988,0.8,0.9,,,,
4635,22,58,0.00001968,0.216533,1,1,,,,
4636,22,59,0.00001967,0.530177,0.85,0.95,,,,
4637,22,60,0.00001967,1.12597,0.7,0.8,,,,
4638,22,61,0.00001966,1.190614,0.75,0.8,,,,
4639,22,62,0.00001965,0.923114,0.75,0.9,,,,
4640,22,63,0.00001965,0.684811,0.85,0.85,,,,
4641,22,64,0.00001964,0.612456,0.9,0.95,,,,
4642,22,65,0.00001964,0.335814,0.9,1,,,,
4643,22,66,0.00001963,0.901026,0.7,0.9,,,,
4644,22,67,0.00001962,0.803657,0.8,0.95,,,,
4645,22,68,0.00001962,0.746702,0.85,0.95,,,,
4646,22,69,0.00001961,0.929751,0.7,0.9,,,,
4647,22,70,0.0000196,0.322617,0.85,1,,,,
4648,22,71,0.0000196,0.313114,0.95,0.95,,,,
4649,22,72,0.00001959,0.686398,0.8,0.9,,,,
4650,22,73,0.00001958,0.972666,0.75,0.9,,,,
4651,22,74,0.00001958,0.643047,0.85,0.95,,,,
4652,22,75,0.00001957,0.871353,0.7,0.95,,,,
4653,22,76,0.00001957,1.178397,0.75,0.8,,,,
4654,22,77,0.00001956,0.593963,0.8,1,,,,
4655,22,78,0.00001955,0.603793,0.9,0.9,,,,
4656,22,79,0.00001955,0.826137,0.8,0.9,,,,
4657,22,80,0.00001954,0.618517,0.9,0.95,,,,
4658,22,81,0.00001953,0.788411,0.8,0.9,,,,
4659,22,82,0.00001953,0.572849,0.9,0.95,,,,
4660,22,83,0.00001952,0.536436,0.9,0.95,,,,
4661,22,84,0.00001951,0.32696,0.9,1,,,,
4662,22,85,0.00001951,0.715631,0.85,0.9,,,,
4663,22,86,0.0000195,0.995939,0.75,0.9,,,,
4664,22,87,0.00001949,0.624872,0.9,0.9,,,,
4665,22,88,0.00001949,0.643142,0.85,0.95,,,,
4666,22,89,0.00001948,1.275148,0.7,0.85,,,,
4667,22,90,0.00001948,0.228819,1,1,,,,
4668,22,91,0.00001947,0.552022,0.9,0.95,,,,
4669,22,92,0.00001946,0.598886,0.8,0.95,,,,
4670,22,93,0.00001946,0.816437,0.8,0.9,,,,
4671,22,94,0.00001945,0.386137,0.9,0.95,,,,
4672,22,95,0.00001944,0.321362,0.85,1,,,,
4673,22,96,0.00001944,1.07548,0.75,0.85,,,,
4674,22,97,0.00001943,0.636971,0.85,0.95,,,,
4675,22,98,0.00001942,0.371864,0.9,1,,,,
4676,22,99,0.00001942,0.281879,1,1,,,,
4677,22,100,0.00001941,0.905001,0.8,0.9,,,,
4678,22,101,0.00001941,0.327999,0.9,0.95,,,,
4679,22,102,0.0000194,0.658647,0.75,0.95,,,,
4680,22,103,0.00001939,0.778218,0.8,0.85,,,,
4681,22,104,0.00001939,1.029431,0.75,0.8,,,,
4682,22,105,0.00001938,0.508899,0.8,1,,,,
4683,22,106,0.00001937,0.346441,0.95,0.95,,,,
4684,22,107,0.00001937,1.050006,0.75,0.85,,,,
4685,22,108,0.00001936,1.533966,0.55,0.8,,,,
4686,22,109,0.00001935,1.279304,0.75,0.8,,,,
4687,22,110,0.00001935,0.297987,0.85,1,,,,
4688,22,111,0.00001934,0.775845,0.8,0.9,,,,
4689,22,112,0.00001934,0.240207,0.95,1,,,,
4690,22,113,0.00001933,1.074582,0.75,0.85,,,,
4691,22,114,0.00001932,0.71717,0.8,0.95,,,,
4692,22,115,0.00001932,1.120188,0.65,0.85,,,,
4693,22,116,0.00001931,0.868266,0.8,0.9,,,,
4694,22,117,0.0000193,0.273758,0.95,1,,,,
4695,22,118,0.0000193,0.45642,0.85,0.95,,,,
4696,22,119,0.00001929,1.10879,0.75,0.8,,,,
4697,22,120,0.00001928,1.090912,0.7,0.8,,,,
4698,22,121,0.00001928,0.535967,0.85,1,,,,
4699,22,122,0.00001927,0.373862,0.85,1,,,,
4700,22,123,0.00001926,0.590767,0.75,1,,,,
4701,22,124,0.00001926,0.150542,0.95,1,,,,
4702,22,125,0.00001925,1.180408,0.75,0.75,,,,
4703,22,126,0.00001925,0.965843,0.85,0.9,,,,
4704,22,127,0.00001924,0.909249,0.8,0.8,,,,
4705,22,128,0.00001923,0.687101,0.9,0.95,,,,
4706,22,129,0.00001923,0.902276,0.85,0.85,,,,
4707,22,130,0.00001922,0.9162,0.75,0.85,,,,
4708,22,131,0.00001921,0.634246,0.8,0.9,,,,
4709,22,132,0.00001921,0.399065,0.85,0.95,,,,
4710,22,133,0.0000192,1.018791,0.75,0.9,,,,
4711,22,134,0.00001919,0.732313,0.75,1,,,,
4712,22,135,0.00001919,0.570994,0.95,0.95,,,,
4713,22,136,0.00001918,0.86818,0.65,0.95,,,,
4714,22,137,0.00001918,0.356188,0.9,1,,,,
4715,22,138,0.00001917,0.750567,0.85,0.85,,,,
4716,22,139,0.00001916,0.720947,0.85,0.9,,,,
4717,22,140,0.00001916,0.701171,0.85,0.95,,,,
4718,22,141,0.00001915,1.364298,0.75,0.85,,,,
4719,22,142,0.00001914,0.807053,0.75,0.95,,,,
4720,22,143,0.00001914,0.678236,0.9,0.95,,,,
4721,22,144,0.00001913,0.655845,0.8,0.95,,,,
4722,22,145,0.00001912,0.82424,0.85,0.95,,,,
4723,22,146,0.00001912,0.598666,0.85,0.9,,,,
4724,22,147,0.00001911,0.622231,0.8,0.95,,,,
4725,22,148,0.00001911,0.945825,0.75,0.9,,,,
4726,22,149,0.0000191,1.139065,0.75,0.85,,,,
4727,22,150,0.00001909,0.480414,0.85,0.95,,,,
4728,22,151,0.00001909,0.875144,0.75,0.85,,,,
4729,22,152,0.00001908,0.8639,0.75,0.9,,,,
4730,22,153,0.00001907,0.315008,0.95,1,,,,
4731,22,154,0.00001907,1.049125,0.75,0.8,,,,
4732,22,155,0.00001906,0.316138,0.9,1,,,,
4733,22,156,0.00001905,0.811394,0.85,0.9,,,,
4734,22,157,0.00001905,0.841323,0.8,0.85,,,,
4735,22,158,0.00001904,0.250838,0.95,1,,,,
4736,22,159,0.00001904,0.665617,0.8,0.9,,,,
4737,22,160,0.00001903,0.489638,0.9,0.95,,,,
4738,22,161,0.00001902,0.319416,0.95,0.95,,,,
4739,22,162,0.00001902,0.416325,0.85,1,,,,
4740,22,163,0.00001901,0.402309,0.95,0.95,,,,
4741,22,164,0.000019,0.22979,0.9,1,,,,
4742,22,165,0.000019,0.738316,0.75,0.95,,,,
4743,22,166,0.00001899,0.794271,0.8,0.9,,,,
4744,22,167,0.00001898,0.993271,0.7,0.9,,,,
4745,22,168,0.00001898,0.442518,0.9,1,,,,
4746,22,169,0.00001897,1.035285,0.7,0.85,,,,
4747,22,170,0.00001896,0.886391,0.8,0.9,,,,
4748,22,171,0.00001896,0.705157,0.85,0.85,,,,
4749,22,172,0.00001895,0.52415,0.9,0.95,,,,
4750,22,173,0.00001895,1.020577,0.8,0.85,,,,
4751,22,174,0.00001894,1.105731,0.7,0.85,,,,
4752,22,175,0.00001893,0.789711,0.8,0.85,,,,
4753,22,176,0.00001893,1.240714,0.65,0.85,,,,
4754,22,177,0.00001892,0.804484,0.8,0.9,,,,
4755,22,178,0.00001891,0.273644,0.95,1,,,,
4756,22,179,0.00001891,1.611123,0.55,0.75,,,,
4757,22,180,0.0000189,0.856706,0.85,0.9,,,,
4758,22,181,0.00001889,1.308429,0.65,0.8,,,,
4759,22,182,0.00001889,0.718083,0.8,0.85,,,,
4760,22,183,0.00001888,0.771677,0.85,0.9,,,,
4761,22,184,0.00001888,0.490041,0.9,0.95,,,,
4762,22,185,0.00001887,0.32638,0.95,0.95,,,,
4763,22,186,0.00001886,0.560493,0.8,1,,,,
4764,22,187,0.00001886,0.571968,0.9,0.9,,,,
4765,22,188,0.00001885,0.623322,0.85,0.95,,,,
4766,22,189,0.00001884,0.730165,0.8,0.95,,,,
4767,22,190,0.00001884,0.461865,0.9,1,,,,
4768,22,191,0.00001883,1.450558,0.65,0.75,,,,
4769,22,192,0.00001882,0.980427,0.7,0.85,,,,
4770,22,193,0.00001882,1.001438,0.75,0.85,,,,
4771,22,194,0.00001881,1.087359,0.8,0.85,,,,
4772,22,195,0.00001881,0.468056,0.9,0.95,,,,
4773,22,196,0.0000188,0.83691,0.8,0.85,,,,
4774,22,197,0.00001879,0.579607,0.85,0.95,,,,
4775,22,198,0.00001879,0.698645,0.75,0.95,,,,
4776,22,199,0.00001878,0.869135,0.75,0.95,,,,
4777,22,200,0.00001877,0.629672,0.85,0.9,,,,
4778,22,201,0.00001877,1.366711,0.6,0.85,,,,
4779,22,202,0.00001876,0.981662,0.85,0.9,,,,
4780,22,203,0.00001875,0.970071,0.7,0.8,,,,
4781,22,204,0.00001875,0.664221,0.9,0.9,,,,
4782,22,205,0.00001874,0.670174,0.85,0.95,,,,
4783,22,206,0.00001874,1.072731,0.7,0.9,,,,
4784,22,207,0.00001873,0.275611,0.95,1,,,,
4785,22,208,0.00001872,0.820916,0.75,0.9,,,,
4786,22,209,0.00001872,0.868168,0.75,0.85,,,,
4787,22,210,0.00001871,0.443578,0.9,0.95,,,,
4788,22,211,0.0000187,0.261961,0.95,1,,,,
4789,22,212,0.0000187,0.079267,1,1,,,,
4790,22,213,0.00001869,0.565994,0.9,0.9,,,,
4791,22,214,0.00001868,0.662838,0.85,0.95,,,,
4792,22,215,0.00001868,1.347638,0.65,0.85,,,,
4793,22,216,0.00001867,0.628649,0.85,0.9,,,,
4794,22,217,0.00001866,0.492394,0.85,0.95,,,,
4795,22,218,0.00001866,0.58855,0.8,0.9,,,,
4796,23,1,0.00001865,1.229724,0.75,0.75,,,,
4797,23,2,0.00001865,0.964493,0.7,0.85,,,,
4798,23,3,0.00001864,0.613666,0.85,1,,,,
4799,23,4,0.00001863,0.742106,0.8,0.85,,,,
4800,23,5,0.00001863,0.64225,0.8,0.95,,,,
4801,23,6,0.00001862,0.193904,1,1,,,,
4802,23,7,0.00001861,0.512795,0.9,1,,,,
4803,23,8,0.00001861,0.575099,0.9,1,,,,
4804,23,9,0.0000186,0.701718,0.8,0.95,,,,
4805,23,10,0.00001859,1.161261,0.75,0.8,,,,
4806,23,11,0.00001859,0.713264,0.85,0.85,,,,
4807,23,12,0.00001858,0.605692,0.75,1,,,,
4808,23,13,0.00001858,0.746487,0.75,1,,,,
4809,23,14,0.00001857,0.862244,0.75,0.95,,,,
4810,23,15,0.00001856,0.68805,0.8,0.9,,,,
4811,23,16,0.00001856,0.418137,0.9,0.95,,,,
4812,23,17,0.00001855,1.065952,0.65,0.9,,,,
4813,23,18,0.00001854,0.945315,0.8,0.9,,,,
4814,23,19,0.00001854,0.543374,0.85,1,,,,
4815,23,20,0.00001853,0.390042,0.9,0.95,,,,
4816,23,21,0.00001852,0.625747,0.9,0.9,,,,
4817,23,22,0.00001852,0.523404,0.85,0.95,,,,
4818,23,23,0.00001851,0.676723,0.8,0.9,,,,
4819,23,24,0.00001851,0.944686,0.85,0.85,,,,
4820,23,25,0.0000185,0.664883,0.8,0.95,,,,
4821,23,26,0.00001849,0.547342,0.8,1,,,,
4822,23,27,0.00001849,0.469843,0.85,0.95,,,,
4823,23,28,0.00001848,0.807899,0.8,0.85,,,,
4824,23,29,0.00001847,0.779909,0.85,0.9,,,,
4825,23,30,0.00001847,0.404118,0.9,1,,,,
4826,23,31,0.00001846,1.261875,0.75,0.85,,,,
4827,23,32,0.00001845,0.654988,0.85,0.95,,,,
4828,23,33,0.00001845,0.345184,0.95,1,,,,
4829,23,34,0.00001844,0.473379,0.9,0.95,,,,
4830,23,35,0.00001844,0.493305,0.8,1,,,,
4831,23,36,0.00001843,0.39355,0.9,0.95,,,,
4832,23,37,0.00001842,0.568285,0.9,0.95,,,,
4833,23,38,0.00001842,1.027377,0.7,0.9,,,,
4834,23,39,0.00001841,1.096455,0.75,0.8,,,,
4835,23,40,0.0000184,1.054714,0.75,0.85,,,,
4836,23,41,0.0000184,0.765329,0.8,0.95,,,,
4837,23,42,0.00001839,0.569616,0.85,0.9,,,,
4838,23,43,0.00001838,1.214595,0.75,0.75,,,,
4839,23,44,0.00001838,0.471005,0.85,0.95,,,,
4840,23,45,0.00001837,1.424062,0.65,0.85,,,,
4841,23,46,0.00001837,0.583543,0.85,1,,,,
4842,23,47,0.00001836,0.767222,0.85,0.9,,,,
4843,23,48,0.00001835,0.600462,0.85,1,,,,
4844,23,49,0.00001835,0.641481,0.9,0.9,,,,
4845,23,50,0.00001834,1.183503,0.7,0.85,,,,
4846,23,51,0.00001833,1.19983,0.65,0.8,,,,
4847,23,52,0.00001833,0.647245,0.85,0.95,,,,
4848,23,53,0.00001832,0.575794,0.85,1,,,,
4849,23,54,0.00001831,0.289146,0.95,0.95,,,,
4850,23,55,0.00001831,1.116472,0.75,0.8,,,,
4851,23,56,0.0000183,0.65988,0.8,0.95,,,,
4852,23,57,0.0000183,0.41596,0.9,0.95,,,,
4853,23,58,0.00001829,0.655766,0.85,0.9,,,,
4854,23,59,0.00001828,0.694054,0.85,0.95,,,,
4855,23,60,0.00001828,0.960401,0.8,0.85,,,,
4856,23,61,0.00001827,0.467813,0.9,0.95,,,,
4857,23,62,0.00001826,0.645303,0.85,0.9,,,,
4858,23,63,0.00001826,1.413725,0.65,0.8,,,,
4859,23,64,0.00001825,0.449624,0.85,1,,,,
4860,23,65,0.00001824,0.098149,1,1,,,,
4861,23,66,0.00001824,0.688063,0.85,0.9,,,,
4862,23,67,0.00001823,0.752639,0.85,0.85,,,,
4863,23,68,0.00001823,1.069214,0.75,0.85,,,,
4864,23,69,0.00001822,1.233228,0.7,0.85,,,,
4865,23,70,0.00001821,0.887659,0.85,0.85,,,,
4866,23,71,0.00001821,1.180451,0.7,0.75,,,,
4867,23,72,0.0000182,0.191945,1,1,,,,
4868,23,73,0.00001819,0.464109,0.9,0.95,,,,
4869,23,74,0.00001819,0.595114,0.9,0.95,,,,
4870,23,75,0.00001818,0.573796,0.8,0.95,,,,
4871,23,76,0.00001817,1.123533,0.6,0.9,,,,
4872,23,77,0.00001817,0.446095,0.9,0.95,,,,
4873,23,78,0.00001816,0.785373,0.8,0.9,,,,
4874,23,79,0.00001816,0.386275,0.85,1,,,,
4875,23,80,0.00001815,0.568343,0.85,0.95,,,,
4876,23,81,0.00001814,1.165113,0.7,0.8,,,,
4877,23,82,0.00001814,0.603078,0.75,1,,,,
4878,23,83,0.00001813,0.381209,0.9,1,,,,
4879,23,84,0.00001812,0.839538,0.75,0.85,,,,
4880,23,85,0.00001812,0.799821,0.8,0.95,,,,
4881,23,86,0.00001811,0.456814,0.95,0.95,,,,
4882,23,87,0.0000181,1.280981,0.75,0.8,,,,
4883,23,88,0.0000181,0.93616,0.7,0.85,,,,
4884,23,89,0.00001809,0.35586,0.9,0.95,,,,
4885,23,90,0.00001808,1.012198,0.75,0.9,,,,
4886,23,91,0.00001808,0.377635,0.9,1,,,,
4887,23,92,0.00001807,0.682469,0.85,0.9,,,,
4888,23,93,0.00001807,0.360335,0.85,1,,,,
4889,23,94,0.00001806,1.264688,0.7,0.85,,,,
4890,23,95,0.00001805,1.238873,0.65,0.8,,,,
4891,23,96,0.00001805,0.724868,0.8,0.95,,,,
4892,23,97,0.00001804,1.186702,0.7,0.85,,,,
4893,23,98,0.00001803,1.01734,0.8,0.85,,,,
4894,23,99,0.00001803,0.600641,0.75,1,,,,
4895,23,100,0.00001802,0.415005,0.9,1,,,,
4896,23,101,0.00001802,0.634744,0.85,0.9,,,,
4897,23,102,0.00001801,0.627569,0.85,0.9,,,,
4898,23,103,0.000018,0.975107,0.8,0.8,,,,
4899,23,104,0.000018,1.211503,0.75,0.85,,,,
4900,23,105,0.00001799,0.329184,0.95,0.95,,,,
4901,23,106,0.00001798,0.896375,0.7,0.95,,,,
4902,23,107,0.00001798,0.723594,0.85,0.9,,,,
4903,23,108,0.00001797,0.472981,0.9,0.9,,,,
4904,23,109,0.00001796,0.563823,0.85,0.95,,,,
4905,23,110,0.00001796,0.814347,0.85,0.9,,,,
4906,23,111,0.00001795,1.043599,0.75,0.85,,,,
4907,23,112,0.00001795,0.647884,0.85,0.9,,,,
4908,23,113,0.00001794,0.986436,0.8,0.85,,,,
4909,23,114,0.00001793,0.152634,0.95,1,,,,
4910,23,115,0.00001793,0.859744,0.7,0.95,,,,
4911,23,116,0.00001792,1.159043,0.7,0.8,,,,
4912,23,117,0.00001791,0.457333,0.95,0.95,,,,
4913,23,118,0.00001791,0.761854,0.8,0.95,,,,
4914,23,119,0.0000179,0.445602,0.85,1,,,,
4915,23,120,0.00001789,0.955195,0.8,0.9,,,,
4916,23,121,0.00001789,1.095946,0.75,0.8,,,,
4917,23,122,0.00001788,0.495154,0.9,0.95,,,,
4918,23,123,0.00001788,1.090109,0.8,0.85,,,,
4919,23,124,0.00001787,0.387618,0.9,0.95,,,,
4920,23,125,0.00001786,0.621036,0.8,0.95,,,,
4921,23,126,0.00001786,0.749823,0.8,0.9,,,,
4922,23,127,0.00001785,1.090226,0.75,0.85,,,,
4923,23,128,0.00001784,0.928393,0.75,0.9,,,,
4924,23,129,0.00001784,1.234157,0.8,0.8,,,,
4925,23,130,0.00001783,0.998684,0.75,0.85,,,,
4926,23,131,0.00001782,0.354218,0.9,1,,,,
4927,23,132,0.00001782,0.650791,0.85,0.9,,,,
4928,23,133,0.00001781,0.695648,0.8,0.9,,,,
4929,23,134,0.00001781,0.735718,0.8,0.9,,,,
4930,23,135,0.0000178,0.694928,0.8,0.95,,,,
4931,23,136,0.00001779,0.635316,0.8,1,,,,
4932,23,137,0.00001779,1.004964,0.75,0.8,,,,
4933,23,138,0.00001778,1.029566,0.7,0.85,,,,
4934,23,139,0.00001777,0.596436,0.9,0.95,,,,
4935,23,140,0.00001777,0.801232,0.8,0.9,,,,
4936,23,141,0.00001776,0.749607,0.75,0.9,,,,
4937,23,142,0.00001775,0.742618,0.8,0.95,,,,
4938,23,143,0.00001775,0.903724,0.8,0.8,,,,
4939,23,144,0.00001774,1.318683,0.65,0.8,,,,
4940,23,145,0.00001774,0.340211,0.9,1,,,,
4941,23,146,0.00001773,1.187409,0.7,0.8,,,,
4942,23,147,0.00001772,0.708247,0.85,0.9,,,,
4943,23,148,0.00001772,1.091664,0.7,0.85,,,,
4944,23,149,0.00001771,0.436009,0.85,1,,,,
4945,23,150,0.0000177,0.699919,0.85,0.95,,,,
4946,23,151,0.0000177,0.635032,0.8,1,,,,
4947,23,152,0.00001769,0.768319,0.9,0.95,,,,
4948,23,153,0.00001768,1.36214,0.65,0.75,,,,
4949,23,154,0.00001768,1.006964,0.75,0.9,,,,
4950,23,155,0.00001767,0.52323,0.85,1,,,,
4951,23,156,0.00001767,1.038956,0.75,0.8,,,,
4952,23,157,0.00001766,0.532661,0.85,0.95,,,,
4953,23,158,0.00001765,0.816266,0.8,0.9,,,,
4954,23,159,0.00001765,0.645243,0.85,0.95,,,,
4955,23,160,0.00001764,0.631608,0.9,0.9,,,,
4956,23,161,0.00001763,0.867595,0.8,0.9,,,,
4957,23,162,0.00001763,0.518866,0.85,0.9,,,,
4958,23,163,0.00001762,1.134471,0.8,0.8,,,,
4959,23,164,0.00001761,1.454197,0.55,0.8,,,,
4960,23,165,0.00001761,1.211528,0.75,0.85,,,,
4961,23,166,0.0000176,0.551418,0.85,1,,,,
4962,23,167,0.0000176,0.788486,0.85,0.9,,,,
4963,23,168,0.00001759,0.920317,0.75,0.9,,,,
4964,23,169,0.00001758,0.74884,0.8,0.9,,,,
4965,23,170,0.00001758,1.222841,0.65,0.85,,,,
4966,23,171,0.00001757,0.275799,0.9,1,,,,
4967,23,172,0.00001756,0.420526,0.9,0.95,,,,
4968,23,173,0.00001756,1.428397,0.7,0.8,,,,
4969,23,174,0.00001755,0.221811,1,1,,,,
4970,23,175,0.00001754,0.858119,0.75,0.95,,,,
4971,23,176,0.00001754,0.781638,0.8,0.9,,,,
4972,23,177,0.00001753,0.766867,0.8,0.95,,,,
4973,23,178,0.00001753,0.998277,0.75,0.9,,,,
4974,23,179,0.00001752,0.358899,0.95,1,,,,
4975,23,180,0.00001751,0.802378,0.85,0.9,,,,
4976,23,181,0.00001751,0.770483,0.8,0.95,,,,
4977,23,182,0.0000175,0.719937,0.8,0.95,,,,
4978,23,183,0.00001749,0.945178,0.75,0.8,,,,
4979,23,184,0.00001749,0.791416,0.8,0.9,,,,
4980,23,185,0.00001748,0.585384,0.75,1,,,,
4981,23,186,0.00001748,0.885699,0.75,0.85,,,,
4982,23,187,0.00001747,0.906629,0.7,0.9,,,,
4983,23,188,0.00001746,0.593424,0.85,0.95,,,,
4984,23,189,0.00001746,0.723165,0.8,0.9,,,,
4985,23,190,0.00001745,0.480285,0.9,0.95,,,,
4986,23,191,0.00001744,0.793224,0.75,0.85,,,,
4987,23,192,0.00001744,0.401903,0.9,0.95,,,,
4988,23,193,0.00001743,0.996589,0.65,0.85,,,,
4989,23,194,0.00001742,0.331455,0.9,1,,,,
4990,23,195,0.00001742,0.460901,0.9,1,,,,
4991,23,196,0.00001741,0.599977,0.9,0.9,,,,
4992,23,197,0.00001741,0.291243,0.95,0.95,,,,
4993,23,198,0.0000174,0.943569,0.75,0.85,,,,
4994,23,199,0.00001739,0.594061,0.8,0.95,,,,
4995,23,200,0.00001739,0.639718,0.85,0.95,,,,
4996,23,201,0.00001738,0.895584,0.8,0.9,,,,
4997,23,202,0.00001737,0.492824,0.9,0.9,,,,
4998,23,203,0.00001737,0.69042,0.85,0.9,,,,
4999,23,204,0.00001736,0.759102,0.8,0.95,,,,
5000,23,205,0.00001735,0.958413,0.7,0.95,,,,
5001,23,206,0.00001735,0.524053,0.9,0.9,,,,
5002,23,207,0.00001734,0.754856,0.75,0.95,,,,
5003,23,208,0.00001734,0.545797,0.85,0.95,,,,
5004,23,209,0.00001733,0.949336,0.75,0.9,,,,
5005,23,210,0.00001732,0.488927,0.9,0.9,,,,
5006,23,211,0.00001732,1.304588,0.7,0.8,,,,
5007,23,212,0.00001731,0.418453,0.9,0.95,,,,
5008,23,213,0.0000173,0.792438,0.75,0.95,,,,
5009,23,214,0.0000173,0.580973,0.9,0.95,,,,
5010,23,215,0.00001729,0.660634,0.8,0.9,,,,
5011,23,216,0.00001728,0.174809,0.95,1,,,,
5012,23,217,0.00001728,1.079258,0.7,0.8,,,,
5013,23,218,0.00001727,0.406254,0.85,1,,,,
5014,24,1,0.00001727,0.590249,0.85,0.9,,,,
5015,24,2,0.00001726,0.682696,0.8,0.95,,,,
5016,24,3,0.00001725,0.760564,0.85,0.9,,,,
5017,24,4,0.00001725,1.211529,0.6,0.9,,,,
5018,24,5,0.00001724,0.694635,0.8,0.9,,,,
5019,24,6,0.00001723,0.799472,0.75,0.95,,,,
5020,24,7,0.00001723,0.283223,0.9,1,,,,
5021,24,8,0.00001722,0.6642,0.85,0.9,,,,
5022,24,9,0.00001722,1.101738,0.75,0.85,,,,
5023,24,10,0.00001721,0.632065,0.8,0.95,,,,
5024,24,11,0.0000172,0.642533,0.9,0.9,,,,
5025,24,12,0.0000172,0.493435,0.9,0.9,,,,
5026,24,13,0.00001719,0.817046,0.85,0.85,,,,
5027,24,14,0.00001718,0.508829,0.85,1,,,,
5028,24,15,0.00001718,0.976068,0.75,0.85,,,,
5029,24,16,0.00001717,0.531033,0.85,0.9,,,,
5030,24,17,0.00001716,0.892155,0.8,0.95,,,,
5031,24,18,0.00001716,1.011066,0.85,0.85,,,,
5032,24,19,0.00001715,1.118162,0.7,0.85,,,,
5033,24,20,0.00001715,0.834347,0.8,0.95,,,,
5034,24,21,0.00001714,0.569328,0.8,0.95,,,,
5035,24,22,0.00001713,0.259716,0.95,1,,,,
5036,24,23,0.00001713,0.434247,0.8,1,,,,
5037,24,24,0.00001712,0.565484,0.9,0.95,,,,
5038,24,25,0.00001711,0.458489,0.9,0.9,,,,
5039,24,26,0.00001711,0.420487,0.85,0.95,,,,
5040,24,27,0.0000171,0.463214,0.75,1,,,,
5041,24,28,0.0000171,0.246531,0.95,1,,,,
5042,24,29,0.00001709,0.661657,0.85,0.85,,,,
5043,24,30,0.00001708,0.902182,0.8,0.85,,,,
5044,24,31,0.00001708,1.16857,0.7,0.85,,,,
5045,24,32,0.00001707,1.077186,0.8,0.85,,,,
5046,24,33,0.00001706,0.813414,0.8,0.85,,,,
5047,24,34,0.00001706,0.764702,0.8,0.9,,,,
5048,24,35,0.00001705,0.775596,0.85,0.9,,,,
5049,24,36,0.00001704,0.758137,0.8,0.9,,,,
5050,24,37,0.00001704,1.212252,0.75,0.85,,,,
5051,24,38,0.00001703,0.277023,0.9,1,,,,
5052,24,39,0.00001703,0.409156,0.95,0.95,,,,
5053,24,40,0.00001702,0.346803,0.9,0.95,,,,
5054,24,41,0.00001701,0.94641,0.8,0.85,,,,
5055,24,42,0.00001701,0.252284,0.95,1,,,,
5056,24,43,0.000017,0.301806,0.95,0.95,,,,
5057,24,44,0.00001699,0.405953,0.9,0.9,,,,
5058,24,45,0.00001699,0.909344,0.85,0.9,,,,
5059,24,46,0.00001698,0.760261,0.85,0.9,,,,
5060,24,47,0.00001697,0.553305,0.9,0.95,,,,
5061,24,48,0.00001697,0.375933,0.85,1,,,,
5062,24,49,0.00001696,0.964386,0.75,0.85,,,,
5063,24,50,0.00001696,0.436257,0.85,1,,,,
5064,24,51,0.00001695,0.527327,0.9,1,,,,
5065,24,52,0.00001694,0.766666,0.85,0.85,,,,
5066,24,53,0.00001694,1.116161,0.7,0.85,,,,
5067,24,54,0.00001693,0.540552,0.9,0.95,,,,
5068,24,55,0.00001692,0.86739,0.8,0.85,,,,
5069,24,56,0.00001692,0.748775,0.85,0.95,,,,
5070,24,57,0.00001691,0.647804,0.85,0.85,,,,
5071,24,58,0.00001691,0.372308,0.9,1,,,,
5072,24,59,0.0000169,1.017104,0.75,0.9,,,,
5073,24,60,0.00001689,0.361085,0.9,1,,,,
5074,24,61,0.00001689,1.189324,0.7,0.75,,,,
5075,24,62,0.00001688,0.327956,0.85,1,,,,
5076,24,63,0.00001687,0.846376,0.8,0.85,,,,
5077,24,64,0.00001687,0.646191,0.8,0.95,,,,
5078,24,65,0.00001686,0.592998,0.85,0.95,,,,
5079,24,66,0.00001685,0.674196,0.75,0.95,,,,
5080,24,67,0.00001685,0.505273,0.9,0.9,,,,
5081,24,68,0.00001684,0.860942,0.75,0.95,,,,
5082,24,69,0.00001684,0.877738,0.7,0.85,,,,
5083,24,70,0.00001683,1.109718,0.65,0.8,,,,
5084,24,71,0.00001682,0.834617,0.75,0.9,,,,
5085,24,72,0.00001682,0.483365,0.85,0.95,,,,
5086,24,73,0.00001681,0.716547,0.85,0.95,,,,
5087,24,74,0.0000168,0.581339,0.8,0.95,,,,
5088,24,75,0.0000168,1.094432,0.7,0.85,,,,
5089,24,76,0.00001679,0.838478,0.8,0.85,,,,
5090,24,77,0.00001679,0.800897,0.8,0.9,,,,
5091,24,78,0.00001678,1.279235,0.7,0.8,,,,
5092,24,79,0.00001677,0.294901,0.95,0.95,,,,
5093,24,80,0.00001677,0.370476,0.9,1,,,,
5094,24,81,0.00001676,0.736505,0.9,0.9,,,,
5095,24,82,0.00001675,0.977411,0.75,0.85,,,,
5096,24,83,0.00001675,0.195904,0.95,1,,,,
5097,24,84,0.00001674,0.748812,0.8,0.9,,,,
5098,24,85,0.00001673,1.288571,0.65,0.8,,,,
5099,24,86,0.00001673,1.11691,0.6,0.9,,,,
5100,24,87,0.00001672,0.512082,0.85,0.95,,,,
5101,24,88,0.00001672,0.610823,0.85,0.95,,,,
5102,24,89,0.00001671,0.664931,0.8,0.9,,,,
5103,24,90,0.0000167,0.718117,0.8,0.9,,,,
5104,24,91,0.0000167,0.411487,0.85,0.95,,,,
5105,24,92,0.00001669,1.463186,0.65,0.7,,,,
5106,24,93,0.00001668,1.01036,0.7,0.9,,,,
5107,24,94,0.00001668,0.736655,0.85,0.9,,,,
5108,24,95,0.00001667,0.788031,0.85,0.85,,,,
5109,24,96,0.00001667,0.401051,0.9,0.95,,,,
5110,24,97,0.00001666,0.445175,0.9,0.9,,,,
5111,24,98,0.00001665,0.55063,0.8,1,,,,
5112,24,99,0.00001665,0.957594,0.75,0.85,,,,
5113,24,100,0.00001664,0.838221,0.75,0.9,,,,
5114,24,101,0.00001663,1.320063,0.65,0.85,,,,
5115,24,102,0.00001663,0.572489,0.85,0.95,,,,
5116,24,103,0.00001662,0.571753,0.85,1,,,,
5117,24,104,0.00001662,0.484091,0.85,0.9,,,,
5118,24,105,0.00001661,0.353905,0.9,1,,,,
5119,24,106,0.0000166,1.002128,0.85,0.85,,,,
5120,24,107,0.0000166,0.397903,0.9,0.95,,,,
5121,24,108,0.00001659,0.875177,0.75,0.9,,,,
5122,24,109,0.00001658,0.717919,0.9,0.9,,,,
5123,24,110,0.00001658,0.888315,0.75,0.9,,,,
5124,24,111,0.00001657,0.66591,0.8,0.95,,,,
5125,24,112,0.00001656,0.424711,0.9,1,,,,
5126,24,113,0.00001656,0.98762,0.7,0.85,,,,
5127,24,114,0.00001655,1.107061,0.7,0.85,,,,
5128,24,115,0.00001655,1.266983,0.7,0.75,,,,
5129,24,116,0.00001654,0.857409,0.85,0.9,,,,
5130,24,117,0.00001653,0.214088,0.95,1,,,,
5131,24,118,0.00001653,0.951021,0.7,0.95,,,,
5132,24,119,0.00001652,0.341291,0.95,0.95,,,,
5133,24,120,0.00001651,0.612634,0.9,0.95,,,,
5134,24,121,0.00001651,0.833434,0.75,0.9,,,,
5135,24,122,0.0000165,0.331859,0.95,0.95,,,,
5136,24,123,0.0000165,0.908893,0.85,0.85,,,,
5137,24,124,0.00001649,1.198748,0.7,0.85,,,,
5138,24,125,0.00001648,0.284829,0.9,1,,,,
5139,24,126,0.00001648,0.643378,0.85,0.9,,,,
5140,24,127,0.00001647,1.044015,0.7,0.85,,,,
5141,24,128,0.00001646,0.846662,0.8,0.85,,,,
5142,24,129,0.00001646,0.551861,0.9,0.9,,,,
5143,24,130,0.00001645,0.38817,0.9,0.95,,,,
5144,24,131,0.00001645,0.625068,0.8,0.95,,,,
5145,24,132,0.00001644,0.937804,0.7,0.9,,,,
5146,24,133,0.00001643,0.713102,0.8,0.95,,,,
5147,24,134,0.00001643,0.590413,0.85,0.95,,,,
5148,24,135,0.00001642,0.745606,0.8,0.95,,,,
5149,24,136,0.00001641,0.525516,0.85,0.95,,,,
5150,24,137,0.00001641,0.320232,0.95,1,,,,
5151,24,138,0.0000164,0.428887,0.9,0.95,,,,
5152,24,139,0.00001639,0.90042,0.7,0.95,,,,
5153,24,140,0.00001639,0.640153,0.9,0.9,,,,
5154,24,141,0.00001638,0.23959,0.95,1,,,,
5155,24,142,0.00001638,0.531603,0.85,0.9,,,,
5156,24,143,0.00001637,0.200686,0.9,1,,,,
5157,24,144,0.00001636,0.540678,0.85,0.9,,,,
5158,24,145,0.00001636,0.670434,0.9,0.95,,,,
5159,24,146,0.00001635,0.652507,0.8,0.95,,,,
5160,24,147,0.00001634,0.788824,0.85,0.85,,,,
5161,24,148,0.00001634,1.083824,0.8,0.85,,,,
5162,24,149,0.00001633,0.721478,0.75,0.9,,,,
5163,24,150,0.00001633,1.004608,0.7,0.8,,,,
5164,24,151,0.00001632,0.351713,0.95,1,,,,
5165,24,152,0.00001631,0.627992,0.8,0.95,,,,
5166,24,153,0.00001631,0.902671,0.8,0.9,,,,
5167,24,154,0.0000163,0.881736,0.75,0.95,,,,
5168,24,155,0.00001629,0.615643,0.85,0.9,,,,
5169,24,156,0.00001629,0.851035,0.7,0.9,,,,
5170,24,157,0.00001628,0.780872,0.8,0.95,,,,
5171,24,158,0.00001628,0.222271,0.95,1,,,,
5172,24,159,0.00001627,0.461352,0.9,0.95,,,,
5173,24,160,0.00001626,0.81749,0.9,0.9,,,,
5174,24,161,0.00001626,1.358237,0.7,0.85,,,,
5175,24,162,0.00001625,0.678028,0.85,0.9,,,,
5176,24,163,0.00001624,0.585273,0.8,0.95,,,,
5177,24,164,0.00001624,0.458216,0.9,1,,,,
5178,24,165,0.00001623,0.502142,0.95,0.95,,,,
5179,24,166,0.00001623,1.244829,0.75,0.85,,,,
5180,24,167,0.00001622,0.754134,0.8,0.9,,,,
5181,24,168,0.00001621,0.24563,0.9,1,,,,
5182,24,169,0.00001621,0.774203,0.8,0.9,,,,
5183,24,170,0.0000162,0.750387,0.8,0.9,,,,
5184,24,171,0.00001619,1.036926,0.75,0.9,,,,
5185,24,172,0.00001619,0.252088,0.95,0.95,,,,
5186,24,173,0.00001618,0.900169,0.75,0.85,,,,
5187,24,174,0.00001618,0.761174,0.75,0.95,,,,
5188,24,175,0.00001617,0.331763,0.95,0.95,,,,
5189,24,176,0.00001616,0.857674,0.8,0.95,,,,
5190,24,177,0.00001616,0.993646,0.75,0.8,,,,
5191,24,178,0.00001615,0.486479,0.9,0.95,,,,
5192,24,179,0.00001614,0.194941,0.95,1,,,,
5193,24,180,0.00001614,0.330094,0.95,1,,,,
5194,24,181,0.00001613,0.532427,0.9,0.95,,,,
5195,24,182,0.00001612,0.501654,0.85,0.95,,,,
5196,24,183,0.00001612,0.108358,1,1,,,,
5197,24,184,0.00001611,0.466356,0.9,0.95,,,,
5198,24,185,0.00001611,0.932847,0.75,0.85,,,,
5199,24,186,0.0000161,0.502246,0.85,0.95,,,,
5200,24,187,0.00001609,0.446264,0.9,0.95,,,,
5201,24,188,0.00001609,0.559735,0.85,0.95,,,,
5202,24,189,0.00001608,0.985092,0.75,0.8,,,,
5203,24,190,0.00001607,1.375645,0.7,0.85,,,,
5204,24,191,0.00001607,1.033901,0.75,0.85,,,,
5205,24,192,0.00001606,0.648986,0.8,1,,,,
5206,24,193,0.00001606,0.894399,0.8,0.8,,,,
5207,24,194,0.00001605,0.812891,0.7,0.9,,,,
5208,24,195,0.00001604,0.841454,0.8,0.9,,,,
5209,24,196,0.00001604,0.423307,0.9,0.95,,,,
5210,24,197,0.00001603,0.829423,0.65,0.95,,,,
5211,24,198,0.00001602,0.646512,0.85,0.9,,,,
5212,24,199,0.00001602,0.186239,0.95,1,,,,
5213,24,200,0.00001601,0.475227,0.9,1,,,,
5214,24,201,0.00001601,0.645513,0.9,0.9,,,,
5215,24,202,0.000016,0.620834,0.85,0.95,,,,
5216,24,203,0.00001599,0.735466,0.8,0.9,,,,
5217,24,204,0.00001599,0.972069,0.75,0.85,,,,
5218,24,205,0.00001598,0.417419,0.9,1,,,,
5219,24,206,0.00001597,0.610593,0.8,0.95,,,,
5220,24,207,0.00001597,0.700684,0.75,0.95,,,,
5221,24,208,0.00001596,0.629817,0.8,0.95,,,,
5222,24,209,0.00001596,0.741824,0.85,0.9,,,,
5223,24,210,0.00001595,0.371432,0.9,1,,,,
5224,24,211,0.00001594,0.434919,0.9,0.95,,,,
5225,24,212,0.00001594,0.359412,0.95,0.95,,,,
5226,24,213,0.00001593,0.598239,0.8,0.95,,,,
5227,24,214,0.00001592,0.503242,0.9,0.95,,,,
5228,24,215,0.00001592,0.844012,0.85,0.9,,,,
5229,24,216,0.00001591,0.856922,0.8,0.85,,,,
5230,24,217,0.00001591,0.343863,0.9,0.95,,,,
5231,24,218,0.0000159,0.287513,0.95,1,,,,
5232,25,1,0.00001589,0.919583,0.75,0.9,,,,
5233,25,2,0.00001589,0.129527,1,1,,,,
5234,25,3,0.00001588,0.277506,0.9,1,,,,
5235,25,4,0.00001587,0.493444,0.9,0.95,,,,
5236,25,5,0.00001587,0.587666,0.9,0.9,,,,
5237,25,6,0.00001586,1.091973,0.65,0.9,,,,
5238,25,7,0.00001586,0.656011,0.9,0.9,,,,
5239,25,8,0.00001585,0.922122,0.75,0.8,,,,
5240,25,9,0.00001584,0.830023,0.8,0.9,,,,
5241,25,10,0.00001584,0.927541,0.85,0.9,,,,
5242,25,11,0.00001583,0.88594,0.8,0.9,,,,
5243,25,12,0.00001582,1.062751,0.8,0.85,,,,
5244,25,13,0.00001582,1.004628,0.75,0.9,,,,
5245,25,14,0.00001581,0.311837,0.9,0.95,,,,
5246,25,15,0.00001581,0.452948,0.85,0.9,,,,
5247,25,16,0.0000158,0.242577,0.9,1,,,,
5248,25,17,0.00001579,0.82313,0.8,0.85,,,,
5249,25,18,0.00001579,0.468226,0.9,0.9,,,,
5250,25,19,0.00001578,0.212482,1,1,,,,
5251,25,20,0.00001577,0.437167,0.9,0.95,,,,
5252,25,21,0.00001577,0.626175,0.85,0.95,,,,
5253,25,22,0.00001576,0.745069,0.9,0.9,,,,
5254,25,23,0.00001576,0.662216,0.85,0.9,,,,
5255,25,24,0.00001575,0.276256,0.95,1,,,,
5256,25,25,0.00001574,0.48369,0.9,0.95,,,,
5257,25,26,0.00001574,0.182157,1,1,,,,
5258,25,27,0.00001573,0.423199,0.95,0.95,,,,
5259,25,28,0.00001572,0.396587,0.9,1,,,,
5260,25,29,0.00001572,0.804071,0.8,0.9,,,,
5261,25,30,0.00001571,0.434582,0.9,0.95,,,,
5262,25,31,0.00001571,0.913061,0.75,0.9,,,,
5263,25,32,0.0000157,0.824972,0.85,0.9,,,,
5264,25,33,0.00001569,1.164952,0.7,0.9,,,,
5265,25,34,0.00001569,1.266842,0.6,0.85,,,,
5266,25,35,0.00001568,0.572838,0.85,1,,,,
5267,25,36,0.00001567,0.646613,0.85,0.9,,,,
5268,25,37,0.00001567,0.623433,0.9,0.9,,,,
5269,25,38,0.00001566,0.575334,0.8,0.95,,,,
5270,25,39,0.00001566,0.344529,0.9,1,,,,
5271,25,40,0.00001565,1.486734,0.65,0.8,,,,
5272,25,41,0.00001564,1.119985,0.7,0.85,,,,
5273,25,42,0.00001564,0.470257,0.9,0.95,,,,
5274,25,43,0.00001563,0.430126,0.9,0.95,,,,
5275,25,44,0.00001562,0.155429,1,1,,,,
5276,25,45,0.00001562,0.686585,0.85,0.9,,,,
5277,25,46,0.00001561,0.729982,0.85,0.9,,,,
5278,25,47,0.00001561,0.2978,0.85,1,,,,
5279,25,48,0.0000156,1.247435,0.75,0.8,,,,
5280,25,49,0.00001559,0.634854,0.8,0.9,,,,
5281,25,50,0.00001559,1.358049,0.7,0.8,,,,
5282,25,51,0.00001558,0.33021,0.85,1,,,,
5283,25,52,0.00001557,0.503504,0.9,0.95,,,,
5284,25,53,0.00001557,0.301193,0.9,0.95,,,,
5285,25,54,0.00001556,0.402957,0.9,0.95,,,,
5286,25,55,0.00001556,0.65694,0.8,0.85,,,,
5287,25,56,0.00001555,0.209586,1,1,,,,
5288,25,57,0.00001554,0.702317,0.8,0.9,,,,
5289,25,58,0.00001554,0.633379,0.8,0.95,,,,
5290,25,59,0.00001553,1.287423,0.8,0.8,,,,
5291,25,60,0.00001552,0.47373,0.9,0.95,,,,
5292,25,61,0.00001552,0.711076,0.8,0.95,,,,
5293,25,62,0.00001551,0.845878,0.75,0.85,,,,
5294,25,63,0.00001551,0.524073,0.9,0.95,,,,
5295,25,64,0.0000155,1.018775,0.75,0.8,,,,
5296,25,65,0.00001549,0.77531,0.75,0.95,,,,
5297,25,66,0.00001549,0.417571,0.85,0.95,,,,
5298,25,67,0.00001548,0.233437,0.95,1,,,,
5299,25,68,0.00001547,0.392164,0.85,1,,,,
5300,25,69,0.00001547,0.563484,0.9,0.95,,,,
5301,25,70,0.00001546,0.720895,0.8,0.95,,,,
5302,25,71,0.00001546,1.232563,0.7,0.85,,,,
5303,25,72,0.00001545,0.475037,0.9,0.95,,,,
5304,25,73,0.00001544,0.844205,0.75,0.95,,,,
5305,25,74,0.00001544,1.021774,0.8,0.9,,,,
5306,25,75,0.00001543,0.390247,0.9,0.9,,,,
5307,25,76,0.00001543,0.700533,0.9,0.9,,,,
5308,25,77,0.00001542,0.866518,0.85,0.85,,,,
5309,25,78,0.00001541,1.140534,0.7,0.85,,,,
5310,25,79,0.00001541,0.704136,0.85,0.9,,,,
5311,25,80,0.0000154,0.76645,0.85,0.85,,,,
5312,25,81,0.00001539,0.651289,0.85,0.9,,,,
5313,25,82,0.00001539,0.558181,0.8,0.95,,,,
5314,25,83,0.00001538,1.087726,0.65,0.9,,,,
5315,25,84,0.00001538,0.559041,0.9,0.95,,,,
5316,25,85,0.00001537,0.744794,0.85,0.9,,,,
5317,25,86,0.00001536,0.517022,0.9,0.9,,,,
5318,25,87,0.00001536,0.727979,0.8,0.95,,,,
5319,25,88,0.00001535,0.653415,0.85,0.9,,,,
5320,25,89,0.00001534,0.46226,0.85,0.95,,,,
5321,25,90,0.00001534,0.640675,0.85,0.95,,,,
5322,25,91,0.00001533,1.02186,0.75,0.8,,,,
5323,25,92,0.00001533,0.577353,0.85,0.95,,,,
5324,25,93,0.00001532,1.219332,0.7,0.85,,,,
5325,25,94,0.00001531,0.868854,0.75,0.9,,,,
5326,25,95,0.00001531,0.71215,0.85,0.9,,,,
5327,25,96,0.0000153,0.787831,0.8,0.9,,,,
5328,25,97,0.00001529,1.048742,0.8,0.9,,,,
5329,25,98,0.00001529,0.902142,0.75,0.85,,,,
5330,25,99,0.00001528,0.671491,0.8,0.95,,,,
5331,25,100,0.00001528,0.680157,0.8,0.9,,,,
5332,25,101,0.00001527,0.94381,0.75,0.8,,,,
5333,25,102,0.00001526,0.877339,0.85,0.85,,,,
5334,25,103,0.00001526,0.562617,0.85,0.95,,,,
5335,25,104,0.00001525,0.697569,0.85,0.9,,,,
5336,25,105,0.00001524,0.524747,0.85,1,,,,
5337,25,106,0.00001524,0.696275,0.85,0.9,,,,
5338,25,107,0.00001523,1.328466,0.65,0.8,,,,
5339,25,108,0.00001523,0.703369,0.85,1,,,,
5340,25,109,0.00001522,0.495391,0.85,0.95,,,,
5341,25,110,0.00001521,0.606808,0.9,0.9,,,,
5342,25,111,0.00001521,0.818459,0.85,0.9,,,,
5343,25,112,0.0000152,0.710601,0.75,0.95,,,,
5344,25,113,0.0000152,0.750619,0.75,0.95,,,,
5345,25,114,0.00001519,0.520132,0.9,0.95,,,,
5346,25,115,0.00001518,0.601657,0.85,0.9,,,,
5347,25,116,0.00001518,0.479439,0.9,0.9,,,,
5348,25,117,0.00001517,0.449078,0.85,0.95,,,,
5349,25,118,0.00001516,0.889193,0.75,0.85,,,,
5350,25,119,0.00001516,0.219807,0.95,1,,,,
5351,25,120,0.00001515,0.630514,0.85,0.95,,,,
5352,25,121,0.00001515,0.518746,0.85,0.95,,,,
5353,25,122,0.00001514,0.362876,0.95,0.95,,,,
5354,25,123,0.00001513,0.995236,0.75,0.9,,,,
5355,25,124,0.00001513,0.486267,0.9,0.9,,,,
5356,25,125,0.00001512,0.54305,0.9,0.95,,,,
5357,25,126,0.00001511,0.810067,0.8,0.85,,,,
5358,25,127,0.00001511,0.501274,0.85,1,,,,
5359,25,128,0.0000151,0.973938,0.7,0.9,,,,
5360,25,129,0.0000151,0.745001,0.8,0.9,,,,
5361,25,130,0.00001509,0.709625,0.85,0.9,,,,
5362,25,131,0.00001508,0.372343,0.95,0.95,,,,
5363,25,132,0.00001508,0.179175,0.95,1,,,,
5364,25,133,0.00001507,0.91943,0.75,0.9,,,,
5365,25,134,0.00001506,0.482503,0.9,0.95,,,,
5366,25,135,0.00001506,0.845245,0.7,0.95,,,,
5367,25,136,0.00001505,0.875302,0.8,0.85,,,,
5368,25,137,0.00001505,0.680417,0.8,0.95,,,,
5369,25,138,0.00001504,1.070187,0.75,0.8,,,,
5370,25,139,0.00001503,1.446012,0.55,0.7,,,,
5371,25,140,0.00001503,0.843692,0.75,0.9,,,,
5372,25,141,0.00001502,0.554848,0.9,0.95,,,,
5373,25,142,0.00001502,0.159086,1,1,,,,
5374,25,143,0.00001501,0.873614,0.8,0.95,,,,
5375,25,144,0.000015,0.445776,0.9,0.95,,,,
5376,25,145,0.000015,0.816626,0.75,0.9,,,,
5377,25,146,0.00001499,1.151899,0.75,0.8,,,,
5378,25,147,0.00001498,0.962787,0.8,0.85,,,,
5379,25,148,0.00001498,0.760003,0.9,0.9,,,,
5380,25,149,0.00001497,0.494049,0.85,0.95,,,,
5381,25,150,0.00001497,0.883201,0.75,0.85,,,,
5382,25,151,0.00001496,0.749227,0.85,0.9,,,,
5383,25,152,0.00001495,0.817954,0.75,0.95,,,,
5384,25,153,0.00001495,0.709229,0.8,0.9,,,,
5385,25,154,0.00001494,0.699435,0.8,0.9,,,,
5386,25,155,0.00001493,0.703902,0.85,0.9,,,,
5387,25,156,0.00001493,1.304626,0.6,0.8,,,,
5388,25,157,0.00001492,0.650533,0.9,0.95,,,,
5389,25,158,0.00001492,0.437785,0.85,1,,,,
5390,25,159,0.00001491,0.641369,0.85,0.9,,,,
5391,25,160,0.0000149,0.939691,0.75,0.9,,,,
5392,25,161,0.0000149,0.57205,0.8,0.95,,,,
5393,25,162,0.00001489,0.987784,0.75,0.85,,,,
5394,25,163,0.00001489,0.346777,0.95,0.95,,,,
5395,25,164,0.00001488,0.807976,0.85,0.85,,,,
5396,25,165,0.00001487,0.786573,0.85,0.85,,,,
5397,25,166,0.00001487,0.823418,0.8,0.9,,,,
5398,25,167,0.00001486,0.186061,1,1,,,,
5399,25,168,0.00001485,0.848832,0.75,0.9,,,,
5400,25,169,0.00001485,0.996734,0.75,0.85,,,,
5401,25,170,0.00001484,0.570506,0.9,0.9,,,,
5402,25,171,0.00001484,0.404026,0.9,0.95,,,,
5403,25,172,0.00001483,0.460154,0.95,0.95,,,,
5404,25,173,0.00001482,0.550355,0.8,1,,,,
5405,25,174,0.00001482,0.769444,0.7,0.95,,,,
5406,25,175,0.00001481,0.693107,0.75,1,,,,
5407,25,176,0.00001481,0.610346,0.85,0.9,,,,
5408,25,177,0.0000148,0.715903,0.85,0.95,,,,
5409,25,178,0.00001479,0.568375,0.75,0.95,,,,
5410,25,179,0.00001479,1.35017,0.75,0.8,,,,
5411,25,180,0.00001478,0.70614,0.85,0.9,,,,
5412,25,181,0.00001477,0.487757,0.85,0.95,,,,
5413,25,182,0.00001477,0.889022,0.75,0.8,,,,
5414,25,183,0.00001476,0.795621,0.8,0.85,,,,
5415,25,184,0.00001476,1.004072,0.75,0.85,,,,
5416,25,185,0.00001475,0.704269,0.8,0.85,,,,
5417,25,186,0.00001474,0.906457,0.8,0.85,,,,
5418,25,187,0.00001474,0.866478,0.8,0.85,,,,
5419,25,188,0.00001473,0.690395,0.8,0.95,,,,
5420,25,189,0.00001472,1.680978,0.55,0.85,,,,
5421,25,190,0.00001472,0.485469,0.9,1,,,,
5422,25,191,0.00001471,0.460172,0.9,1,,,,
5423,25,192,0.00001471,0.735354,0.8,0.95,,,,
5424,25,193,0.0000147,0.64234,0.75,0.95,,,,
5425,25,194,0.00001469,0.768736,0.85,0.95,,,,
5426,25,195,0.00001469,0.138237,0.95,1,,,,
5427,25,196,0.00001468,0.476106,0.85,1,,,,
5428,25,197,0.00001468,0.408325,0.85,1,,,,
5429,25,198,0.00001467,0.334647,0.95,0.95,,,,
5430,25,199,0.00001466,0.82591,0.85,0.95,,,,
5431,25,200,0.00001466,0.764918,0.85,0.85,,,,
5432,25,201,0.00001465,0.462127,0.9,0.9,,,,
5433,25,202,0.00001464,0.27499,0.95,1,,,,
5434,25,203,0.00001464,0.854428,0.8,0.85,,,,
5435,25,204,0.00001463,0.476516,0.9,0.95,,,,
5436,25,205,0.00001463,0.677659,0.85,0.95,,,,
5437,25,206,0.00001462,0.37731,0.9,1,,,,
5438,25,207,0.00001461,0.731824,0.8,0.9,,,,
5439,25,208,0.00001461,0.723494,0.85,0.95,,,,
5440,25,209,0.0000146,0.99435,0.65,0.9,,,,
5441,25,210,0.0000146,1.286964,0.6,0.85,,,,
5442,25,211,0.00001459,0.633872,0.8,0.9,,,,
5443,25,212,0.00001458,0.800989,0.8,0.95,,,,
5444,25,213,0.00001458,0.744656,0.8,0.9,,,,
5445,25,214,0.00001457,0.52958,0.85,0.95,,,,
5446,25,215,0.00001456,0.739913,0.8,0.9,,,,
5447,25,216,0.00001456,0.33946,0.9,0.95,,,,
5448,25,217,0.00001455,0.667359,0.8,0.95,,,,
5449,25,218,0.00001455,0.414516,0.9,1,,,,
5450,26,1,0.00001454,0.856125,0.8,0.9,,,,
5451,26,2,0.00001453,1.067407,0.7,0.85,,,,
5452,26,3,0.00001453,1.377436,0.65,0.75,,,,
5453,26,4,0.00001452,0.639215,0.8,0.95,,,,
5454,26,5,0.00001452,0.849406,0.75,0.95,,,,
5455,26,6,0.00001451,0.398112,0.95,0.95,,,,
5456,26,7,0.0000145,0.325431,0.9,1,,,,
5457,26,8,0.0000145,1.111009,0.75,0.85,,,,
5458,26,9,0.00001449,0.84472,0.85,0.9,,,,
5459,26,10,0.00001448,0.664751,0.8,0.85,,,,
5460,26,11,0.00001448,0.724501,0.85,0.9,,,,
5461,26,12,0.00001447,0.62338,0.75,1,,,,
5462,26,13,0.00001447,0.927586,0.8,0.85,,,,
5463,26,14,0.00001446,0.517844,0.9,0.95,,,,
5464,26,15,0.00001445,0.928014,0.8,0.9,,,,
5465,26,16,0.00001445,1.336372,0.65,0.75,,,,
5466,26,17,0.00001444,0.428404,0.85,1,,,,
5467,26,18,0.00001444,0.418138,0.85,0.95,,,,
5468,26,19,0.00001443,1.12599,0.65,0.85,,,,
5469,26,20,0.00001442,0.162063,0.95,1,,,,
5470,26,21,0.00001442,1.037252,0.75,0.85,,,,
5471,26,22,0.00001441,1.191336,0.6,0.85,,,,
5472,26,23,0.0000144,0.56729,0.8,0.95,,,,
5473,26,24,0.0000144,0.131182,1,1,,,,
5474,26,25,0.00001439,0.717686,0.8,0.95,,,,
5475,26,26,0.00001439,0.338175,0.95,0.95,,,,
5476,26,27,0.00001438,0.707329,0.85,0.9,,,,
5477,26,28,0.00001437,0.568178,0.85,0.95,,,,
5478,26,29,0.00001437,0.407708,0.85,0.95,,,,
5479,26,30,0.00001436,0.400584,0.85,1,,,,
5480,26,31,0.00001436,1.282334,0.75,0.8,,,,
5481,26,32,0.00001435,0.434519,0.85,0.95,,,,
5482,26,33,0.00001434,0.451388,0.9,1,,,,
5483,26,34,0.00001434,0.643706,0.85,0.95,,,,
5484,26,35,0.00001433,0.697163,0.8,0.9,,,,
5485,26,36,0.00001433,0.511155,0.85,1,,,,
5486,26,37,0.00001432,0.984578,0.8,0.9,,,,
5487,26,38,0.00001431,1.440607,0.6,0.8,,,,
5488,26,39,0.00001431,0.995276,0.65,0.85,,,,
5489,26,40,0.0000143,0.650414,0.8,0.9,,,,
5490,26,41,0.00001429,1.246794,0.65,0.9,,,,
5491,26,42,0.00001429,0.742276,0.75,0.9,,,,
5492,26,43,0.00001428,0.732369,0.85,0.85,,,,
5493,26,44,0.00001428,0.184857,1,1,,,,
5494,26,45,0.00001427,0.753967,0.85,1,,,,
5495,26,46,0.00001426,0.431646,0.85,0.95,,,,
5496,26,47,0.00001426,0.543901,0.9,0.9,,,,
5497,26,48,0.00001425,0.385672,0.9,0.95,,,,
5498,26,49,0.00001425,0.225353,1,1,,,,
5499,26,50,0.00001424,0.42298,0.85,0.95,,,,
5500,26,51,0.00001423,0.955647,0.8,0.9,,,,
5501,26,52,0.00001423,1.359167,0.65,0.85,,,,
5502,26,53,0.00001422,0.366731,0.85,1,,,,
5503,26,54,0.00001421,0.482482,0.9,0.95,,,,
5504,26,55,0.00001421,0.594635,0.9,0.95,,,,
5505,26,56,0.0000142,0.222695,0.95,0.95,,,,
5506,26,57,0.0000142,0.227159,0.95,1,,,,
5507,26,58,0.00001419,0.611963,0.85,0.9,,,,
5508,26,59,0.00001418,0.722478,0.85,0.9,,,,
5509,26,60,0.00001418,0.604123,0.9,0.9,,,,
5510,26,61,0.00001417,1.188516,0.7,0.85,,,,
5511,26,62,0.00001417,0.392041,0.9,0.95,,,,
5512,26,63,0.00001416,0.487737,0.95,0.95,,,,
5513,26,64,0.00001415,0.438794,0.85,1,,,,
5514,26,65,0.00001415,0.833785,0.75,0.85,,,,
5515,26,66,0.00001414,1.127812,0.7,0.85,,,,
5516,26,67,0.00001414,0.547976,0.85,0.95,,,,
5517,26,68,0.00001413,0.409012,0.95,0.95,,,,
5518,26,69,0.00001412,1.072165,0.7,0.85,,,,
5519,26,70,0.00001412,0.240073,0.95,0.95,,,,
5520,26,71,0.00001411,0.527286,0.9,0.95,,,,
5521,26,72,0.0000141,0.509555,0.85,0.95,,,,
5522,26,73,0.0000141,0.445149,0.85,0.95,,,,
5523,26,74,0.00001409,0.399075,0.75,1,,,,
5524,26,75,0.00001409,0.333635,0.95,0.95,,,,
5525,26,76,0.00001408,0.262794,0.95,1,,,,
5526,26,77,0.00001407,0.453931,0.95,0.95,,,,
5527,26,78,0.00001407,1.012122,0.8,0.9,,,,
5528,26,79,0.00001406,0.725348,0.85,0.95,,,,
5529,26,80,0.00001406,0.464831,0.9,0.95,,,,
5530,26,81,0.00001405,0.608943,0.85,0.9,,,,
5531,26,82,0.00001404,0.275569,0.95,1,,,,
5532,26,83,0.00001404,0.712365,0.8,0.9,,,,
5533,26,84,0.00001403,0.790856,0.85,0.85,,,,
5534,26,85,0.00001403,0.740598,0.8,0.9,,,,
5535,26,86,0.00001402,0.372923,0.9,0.95,,,,
5536,26,87,0.00001401,0.681698,0.8,0.9,,,,
5537,26,88,0.00001401,0.730837,0.8,1,,,,
5538,26,89,0.000014,0.788973,0.85,0.95,,,,
5539,26,90,0.000014,0.695058,0.85,0.85,,,,
5540,26,91,0.00001399,0.808259,0.8,1,,,,
5541,26,92,0.00001398,0.35794,0.85,1,,,,
5542,26,93,0.00001398,0.655256,0.8,1,,,,
5543,26,94,0.00001397,0.891331,0.8,0.9,,,,
5544,26,95,0.00001396,0.550113,0.8,0.95,,,,
5545,26,96,0.00001396,0.875167,0.8,0.85,,,,
5546,26,97,0.00001395,1.006289,0.6,0.9,,,,
5547,26,98,0.00001395,0.385501,0.85,1,,,,
5548,26,99,0.00001394,1.028814,0.75,0.9,,,,
5549,26,100,0.00001393,0.506271,0.85,0.95,,,,
5550,26,101,0.00001393,0.467967,0.85,1,,,,
5551,26,102,0.00001392,0.538885,0.85,1,,,,
5552,26,103,0.00001392,0.36043,0.95,0.95,,,,
5553,26,104,0.00001391,0.06184,1,1,,,,
5554,26,105,0.0000139,0.636324,0.85,0.95,,,,
5555,26,106,0.0000139,0.755746,0.9,0.9,,,,
5556,26,107,0.00001389,0.496311,0.85,0.95,,,,
5557,26,108,0.00001389,1.31215,0.7,0.85,,,,
5558,26,109,0.00001388,0.442323,0.9,1,,,,
5559,26,110,0.00001387,0.548535,0.85,1,,,,
5560,26,111,0.00001387,0.853117,0.8,0.95,,,,
5561,26,112,0.00001386,0.21912,0.95,1,,,,
5562,26,113,0.00001385,1.351502,0.75,0.75,,,,
5563,26,114,0.00001385,0.653687,0.8,0.9,,,,
5564,26,115,0.00001384,0.528462,0.85,0.95,,,,
5565,26,116,0.00001384,0.398361,0.9,1,,,,
5566,26,117,0.00001383,1.281589,0.65,0.85,,,,
5567,26,118,0.00001382,0.400908,0.9,0.95,,,,
5568,26,119,0.00001382,0.503115,0.85,0.95,,,,
5569,26,120,0.00001381,0.611228,0.8,0.95,,,,
5570,26,121,0.00001381,0.580956,0.85,0.95,,,,
5571,26,122,0.0000138,0.730525,0.85,0.9,,,,
5572,26,123,0.00001379,0.696625,0.85,0.95,,,,
5573,26,124,0.00001379,0.625324,0.8,0.95,,,,
5574,26,125,0.00001378,0.81279,0.8,0.9,,,,
5575,26,126,0.00001378,0.710874,0.9,0.95,,,,
5576,26,127,0.00001377,0.820208,0.85,0.9,,,,
5577,26,128,0.00001376,1.353258,0.6,0.75,,,,
5578,26,129,0.00001376,0.666653,0.8,0.9,,,,
5579,26,130,0.00001375,0.187952,0.95,1,,,,
5580,26,131,0.00001375,0.781742,0.8,0.95,,,,
5581,26,132,0.00001374,0.635323,0.9,0.95,,,,
5582,26,133,0.00001373,0.886863,0.7,0.95,,,,
5583,26,134,0.00001373,0.291433,0.95,0.95,,,,
5584,26,135,0.00001372,1.039124,0.75,0.85,,,,
5585,26,136,0.00001372,0.646961,0.8,0.95,,,,
5586,26,137,0.00001371,0.294912,0.95,0.95,,,,
5587,26,138,0.0000137,0.44067,0.85,1,,,,
5588,26,139,0.0000137,0.411764,0.95,0.95,,,,
5589,26,140,0.00001369,0.295103,0.95,0.95,,,,
5590,26,141,0.00001368,0.466402,0.9,0.95,,,,
5591,26,142,0.00001368,1.0966,0.65,0.95,,,,
5592,26,143,0.00001367,0.677818,0.9,0.9,,,,
5593,26,144,0.00001367,0.650838,0.8,0.9,,,,
5594,26,145,0.00001366,0.323447,0.9,1,,,,
5595,26,146,0.00001365,0.393979,0.9,1,,,,
5596,26,147,0.00001365,0.488759,0.9,0.9,,,,
5597,26,148,0.00001364,0.210699,0.95,1,,,,
5598,26,149,0.00001364,0.916783,0.65,0.9,,,,
5599,26,150,0.00001363,0.73725,0.75,0.9,,,,
5600,26,151,0.00001362,0.843783,0.7,0.95,,,,
5601,26,152,0.00001362,0.492441,0.9,0.95,,,,
5602,26,153,0.00001361,0.620567,0.8,0.95,,,,
5603,26,154,0.00001361,0.486597,0.95,0.95,,,,
5604,26,155,0.0000136,0.51547,0.9,0.9,,,,
5605,26,156,0.00001359,0.522203,0.9,0.95,,,,
5606,26,157,0.00001359,0.371242,0.9,0.95,,,,
5607,26,158,0.00001358,0.649347,0.85,0.95,,,,
5608,26,159,0.00001358,0.195428,0.95,0.95,,,,
5609,26,160,0.00001357,0.369395,0.9,0.95,,,,
5610,26,161,0.00001356,0.550463,0.9,0.9,,,,
5611,26,162,0.00001356,0.49045,0.9,1,,,,
5612,26,163,0.00001355,0.494771,0.85,1,,,,
5613,26,164,0.00001355,0.982185,0.75,0.85,,,,
5614,26,165,0.00001354,0.367809,0.95,0.95,,,,
5615,26,166,0.00001353,0.867515,0.75,0.9,,,,
5616,26,167,0.00001353,0.312736,0.9,0.95,,,,
5617,26,168,0.00001352,0.357556,0.85,1,,,,
5618,26,169,0.00001352,1.192005,0.7,0.8,,,,
5619,26,170,0.00001351,0.365854,0.85,0.95,,,,
5620,26,171,0.0000135,0.741109,0.8,0.95,,,,
5621,26,172,0.0000135,0.46579,0.85,0.95,,,,
5622,26,173,0.00001349,0.443296,0.85,1,,,,
5623,26,174,0.00001349,0.407997,0.85,0.95,,,,
5624,26,175,0.00001348,1.462024,0.6,0.85,,,,
5625,26,176,0.00001347,0.59622,0.85,0.9,,,,
5626,26,177,0.00001347,0.749981,0.75,0.9,,,,
5627,26,178,0.00001346,0.741669,0.75,0.9,,,,
5628,26,179,0.00001345,0.69107,0.85,0.9,,,,
5629,26,180,0.00001345,0.81855,0.75,0.9,,,,
5630,26,181,0.00001344,0.52252,0.85,0.95,,,,
5631,26,182,0.00001344,0.844411,0.85,0.95,,,,
5632,26,183,0.00001343,1.56245,0.65,0.75,,,,
5633,26,184,0.00001342,0.679293,0.85,0.9,,,,
5634,26,185,0.00001342,0.579573,0.85,0.95,,,,
5635,26,186,0.00001341,0.800731,0.9,0.9,,,,
5636,26,187,0.00001341,0.73915,0.85,0.9,,,,
5637,26,188,0.0000134,0.985606,0.8,0.9,,,,
5638,26,189,0.00001339,0.124042,1,1,,,,
5639,26,190,0.00001339,0.554451,0.85,0.95,,,,
5640,26,191,0.00001338,0.906276,0.7,0.85,,,,
5641,26,192,0.00001338,0.730347,0.85,0.9,,,,
5642,26,193,0.00001337,1.131174,0.7,0.9,,,,
5643,26,194,0.00001336,0.860139,0.8,0.9,,,,
5644,26,195,0.00001336,0.611776,0.8,0.95,,,,
5645,26,196,0.00001335,0.779923,0.85,0.9,,,,
5646,26,197,0.00001335,0.665339,0.85,0.95,,,,
5647,26,198,0.00001334,0.367792,0.9,1,,,,
5648,26,199,0.00001333,0.818826,0.75,0.9,,,,
5649,26,200,0.00001333,0.394951,0.9,0.95,,,,
5650,26,201,0.00001332,0.252018,0.9,1,,,,
5651,26,202,0.00001332,1.389309,0.55,0.75,,,,
5652,26,203,0.00001331,0.347106,0.95,1,,,,
5653,26,204,0.0000133,0.569096,0.85,0.9,,,,
5654,26,205,0.0000133,0.632959,0.75,0.95,,,,
5655,26,206,0.00001329,0.667467,0.8,0.9,,,,
5656,26,207,0.00001329,0.415875,0.95,0.95,,,,
5657,26,208,0.00001328,0.850925,0.75,0.9,,,,
5658,26,209,0.00001327,0.740334,0.8,1,,,,
5659,26,210,0.00001327,0.993234,0.75,0.9,,,,
5660,26,211,0.00001326,0.62772,0.8,0.95,,,,
5661,26,212,0.00001326,0.798547,0.85,0.9,,,,
5662,26,213,0.00001325,0.613974,0.85,0.85,,,,
5663,26,214,0.00001324,0.673393,0.8,0.9,,,,
5664,26,215,0.00001324,0.552519,0.8,0.95,,,,
5665,26,216,0.00001323,0.384119,0.9,1,,,,
5666,26,217,0.00001323,0.385607,0.95,0.95,,,,
5667,26,218,0.00001322,0.757365,0.85,0.9,,,,
5668,27,1,0.00001321,0.505006,0.85,1,,,,
5669,27,2,0.00001321,0.938278,0.8,0.85,,,,
5670,27,3,0.0000132,0.483637,0.9,0.95,,,,
5671,27,4,0.0000132,0.346987,0.9,1,,,,
5672,27,5,0.00001319,0.349191,0.9,0.95,,,,
5673,27,6,0.00001318,0.526852,0.85,0.95,,,,
5674,27,7,0.00001318,0.540364,0.7,0.95,,,,
5675,27,8,0.00001317,0.482491,0.85,0.95,,,,
5676,27,9,0.00001317,0.820386,0.75,0.9,,,,
5677,27,10,0.00001316,0.260775,0.9,1,,,,
5678,27,11,0.00001315,1.0531,0.7,0.8,,,,
5679,27,12,0.00001315,0.469515,0.85,0.95,,,,
5680,27,13,0.00001314,0.860863,0.8,0.85,,,,
5681,27,14,0.00001314,0.440085,0.85,1,,,,
5682,27,15,0.00001313,0.27566,0.9,0.95,,,,
5683,27,16,0.00001312,0.802467,0.7,1,,,,
5684,27,17,0.00001312,0.915738,0.7,0.85,,,,
5685,27,18,0.00001311,0.537664,0.85,0.9,,,,
5686,27,19,0.00001311,1.140533,0.7,0.9,,,,
5687,27,20,0.0000131,0.802311,0.8,0.95,,,,
5688,27,21,0.00001309,0.369101,0.85,1,,,,
5689,27,22,0.00001309,0.483003,0.9,0.95,,,,
5690,27,23,0.00001308,0.753732,0.85,0.95,,,,
5691,27,24,0.00001308,0.906284,0.75,0.85,,,,
5692,27,25,0.00001307,0.076564,1,1,,,,
5693,27,26,0.00001306,1.128875,0.75,0.85,,,,
5694,27,27,0.00001306,0.989744,0.7,0.9,,,,
5695,27,28,0.00001305,0.479375,0.95,0.95,,,,
5696,27,29,0.00001305,1.242136,0.7,0.85,,,,
5697,27,30,0.00001304,0.653268,0.85,0.95,,,,
5698,27,31,0.00001303,0.822403,0.8,0.9,,,,
5699,27,32,0.00001303,0.301064,0.9,1,,,,
5700,27,33,0.00001302,0.904982,0.75,0.9,,,,
5701,27,34,0.00001302,1.145542,0.8,0.8,,,,
5702,27,35,0.00001301,0.608661,0.75,1,,,,
5703,27,36,0.000013,1.25944,0.65,0.8,,,,
5704,27,37,0.000013,0.324252,0.9,1,,,,
5705,27,38,0.00001299,1.507986,0.55,0.75,,,,
5706,27,39,0.00001299,0.741506,0.7,1,,,,
5707,27,40,0.00001298,0.874229,0.75,0.9,,,,
5708,27,41,0.00001297,0.468208,0.9,0.95,,,,
5709,27,42,0.00001297,1.231261,0.75,0.8,,,,
5710,27,43,0.00001296,0.425418,0.8,1,,,,
5711,27,44,0.00001296,0.482809,0.85,1,,,,
5712,27,45,0.00001295,0.355768,0.9,1,,,,
5713,27,46,0.00001294,0.747356,0.75,0.95,,,,
5714,27,47,0.00001294,0.386143,0.95,1,,,,
5715,27,48,0.00001293,0.788571,0.85,0.9,,,,
5716,27,49,0.00001293,0.835565,0.8,0.85,,,,
5717,27,50,0.00001292,0.529628,0.9,0.95,,,,
5718,27,51,0.00001291,0.32142,0.95,1,,,,
5719,27,52,0.00001291,0.732795,0.8,0.95,,,,
5720,27,53,0.0000129,0.852351,0.85,0.85,,,,
5721,27,54,0.0000129,0.327408,0.95,0.95,,,,
5722,27,55,0.00001289,0.57783,0.9,0.9,,,,
5723,27,56,0.00001288,0.573309,0.8,0.95,,,,
5724,27,57,0.00001288,0.370766,0.95,0.95,,,,
5725,27,58,0.00001287,0.680958,0.85,0.95,,,,
5726,27,59,0.00001287,0.561073,0.85,0.9,,,,
5727,27,60,0.00001286,0.80267,0.85,0.85,,,,
5728,27,61,0.00001285,0.804305,0.75,0.9,,,,
5729,27,62,0.00001285,0.133748,1,1,,,,
5730,27,63,0.00001284,0.949948,0.8,0.85,,,,
5731,27,64,0.00001284,0.13129,1,1,,,,
5732,27,65,0.00001283,0.84896,0.75,0.95,,,,
5733,27,66,0.00001282,1.279806,0.7,0.85,,,,
5734,27,67,0.00001282,0.453836,0.9,0.95,,,,
5735,27,68,0.00001281,0.686157,0.85,0.9,,,,
5736,27,69,0.00001281,0.338083,0.9,1,,,,
5737,27,70,0.0000128,0.964977,0.75,0.85,,,,
5738,27,71,0.00001279,0.371247,0.9,1,,,,
5739,27,72,0.00001279,0.608229,0.8,0.9,,,,
5740,27,73,0.00001278,1.286054,0.8,0.85,,,,
5741,27,74,0.00001278,0.630816,0.8,0.9,,,,
5742,27,75,0.00001277,0.536402,0.85,0.95,,,,
5743,27,76,0.00001276,0.545604,0.8,1,,,,
5744,27,77,0.00001276,0.67683,0.85,0.9,,,,
5745,27,78,0.00001275,0.564447,0.9,0.95,,,,
5746,27,79,0.00001275,1.033681,0.7,0.9,,,,
5747,27,80,0.00001274,1.266262,0.7,0.75,,,,
5748,27,81,0.00001273,0.294367,0.95,1,,,,
5749,27,82,0.00001273,0.693775,0.85,0.95,,,,
5750,27,83,0.00001272,0.501551,0.9,0.95,,,,
5751,27,84,0.00001272,0.477805,0.9,0.95,,,,
5752,27,85,0.00001271,0.666732,0.8,0.9,,,,
5753,27,86,0.00001271,0.38003,0.9,0.95,,,,
5754,27,87,0.0000127,0.618688,0.85,0.95,,,,
5755,27,88,0.00001269,0.485654,0.85,1,,,,
5756,27,89,0.00001269,0.674396,0.85,1,,,,
5757,27,90,0.00001268,0.582216,0.85,0.95,,,,
5758,27,91,0.00001268,0.448664,0.85,0.95,,,,
5759,27,92,0.00001267,0.94066,0.75,0.95,,,,
5760,27,93,0.00001266,0.509687,0.9,0.95,,,,
5761,27,94,0.00001266,0.818574,0.7,0.95,,,,
5762,27,95,0.00001265,0.675461,0.8,0.9,,,,
5763,27,96,0.00001265,1.107112,0.65,0.9,,,,
5764,27,97,0.00001264,0.746917,0.8,0.9,,,,
5765,27,98,0.00001263,0.389864,0.9,0.95,,,,
5766,27,99,0.00001263,0.264179,0.95,1,,,,
5767,27,100,0.00001262,1.162642,0.7,0.8,,,,
5768,27,101,0.00001262,0.86752,0.8,0.9,,,,
5769,27,102,0.00001261,0.523235,0.9,0.95,,,,
5770,27,103,0.0000126,0.7037,0.8,0.9,,,,
5771,27,104,0.0000126,0.910026,0.75,0.85,,,,
5772,27,105,0.00001259,0.472306,0.9,0.95,,,,
5773,27,106,0.00001259,0.569095,0.9,0.95,,,,
5774,27,107,0.00001258,0.646686,0.85,0.95,,,,
5775,27,108,0.00001257,0.832541,0.8,0.85,,,,
5776,27,109,0.00001257,1.071595,0.7,0.8,,,,
5777,27,110,0.00001256,0.243069,0.95,1,,,,
5778,27,111,0.00001256,1.073414,0.7,0.85,,,,
5779,27,112,0.00001255,0.436814,0.85,0.95,,,,
5780,27,113,0.00001254,1.005589,0.8,0.85,,,,
5781,27,114,0.00001254,0.68481,0.8,0.9,,,,
5782,27,115,0.00001253,0.817425,0.75,0.8,,,,
5783,27,116,0.00001253,0.21154,0.95,1,,,,
5784,27,117,0.00001252,0.472364,0.9,0.95,,,,
5785,27,118,0.00001251,0.820264,0.8,0.9,,,,
5786,27,119,0.00001251,0.741848,0.8,0.9,,,,
5787,27,120,0.0000125,0.696707,0.8,0.95,,,,
5788,27,121,0.0000125,1.014525,0.75,0.75,,,,
5789,27,122,0.00001249,0.574551,0.75,0.95,,,,
5790,27,123,0.00001249,0.572095,0.9,0.9,,,,
5791,27,124,0.00001248,0.590662,0.9,0.9,,,,
5792,27,125,0.00001247,0.800567,0.8,0.9,,,,
5793,27,126,0.00001247,1.119414,0.65,0.9,,,,
5794,27,127,0.00001246,1.131175,0.75,0.85,,,,
5795,27,128,0.00001246,0.732859,0.85,0.9,,,,
5796,27,129,0.00001245,1.279445,0.8,0.8,,,,
5797,27,130,0.00001244,1.081218,0.75,0.85,,,,
5798,27,131,0.00001244,0.753539,0.85,0.85,,,,
5799,27,132,0.00001243,0.538073,0.9,0.95,,,,
5800,27,133,0.00001243,0.961253,0.7,0.9,,,,
5801,27,134,0.00001242,1.073663,0.7,0.9,,,,
5802,27,135,0.00001241,0.525804,0.9,0.9,,,,
5803,27,136,0.00001241,0.951182,0.8,0.95,,,,
5804,27,137,0.0000124,1.171075,0.75,0.85,,,,
5805,27,138,0.0000124,0.992125,0.85,0.9,,,,
5806,27,139,0.00001239,0.382391,0.9,0.95,,,,
5807,27,140,0.00001238,0.559053,0.85,0.95,,,,
5808,27,141,0.00001238,0.968042,0.75,0.9,,,,
5809,27,142,0.00001237,0.674106,0.8,0.9,,,,
5810,27,143,0.00001237,0.351761,0.95,1,,,,
5811,27,144,0.00001236,0.370966,0.8,1,,,,
5812,27,145,0.00001236,0.763887,0.8,0.9,,,,
5813,27,146,0.00001235,0.381818,0.9,1,,,,
5814,27,147,0.00001234,0.773273,0.8,0.9,,,,
5815,27,148,0.00001234,0.722691,0.8,0.9,,,,
5816,27,149,0.00001233,0.927083,0.7,0.95,,,,
5817,27,150,0.00001233,0.67886,0.9,0.95,,,,
5818,27,151,0.00001232,0.406596,0.85,0.95,,,,
5819,27,152,0.00001231,0.936868,0.7,0.9,,,,
5820,27,153,0.00001231,0.579438,0.85,0.9,,,,
5821,27,154,0.0000123,0.437315,0.95,0.95,,,,
5822,27,155,0.0000123,1.237768,0.65,0.9,,,,
5823,27,156,0.00001229,0.485347,0.9,0.95,,,,
5824,27,157,0.00001228,0.407557,0.9,0.95,,,,
5825,27,158,0.00001228,0.367301,0.95,0.95,,,,
5826,27,159,0.00001227,0.576096,0.9,0.9,,,,
5827,27,160,0.00001227,0.527713,0.9,0.95,,,,
5828,27,161,0.00001226,0.892844,0.75,0.9,,,,
5829,27,162,0.00001225,1.29654,0.75,0.8,,,,
5830,27,163,0.00001225,0.484403,0.95,0.95,,,,
5831,27,164,0.00001224,0.844419,0.8,0.85,,,,
5832,27,165,0.00001224,0.500683,0.85,0.95,,,,
5833,27,166,0.00001223,0.392404,0.95,0.95,,,,
5834,27,167,0.00001223,0.632694,0.85,0.95,,,,
5835,27,168,0.00001222,0.843918,0.8,0.9,,,,
5836,27,169,0.00001221,0.744812,0.8,0.9,,,,
5837,27,170,0.00001221,0.476507,0.9,0.95,,,,
5838,27,171,0.0000122,0.595965,0.85,0.9,,,,
5839,27,172,0.0000122,0.112313,1,1,,,,
5840,27,173,0.00001219,0.491319,0.9,0.95,,,,
5841,27,174,0.00001218,0.751288,0.75,0.9,,,,
5842,27,175,0.00001218,0.860488,0.8,0.85,,,,
5843,27,176,0.00001217,0.573647,0.8,0.95,,,,
5844,27,177,0.00001217,0.422375,0.9,0.95,,,,
5845,27,178,0.00001216,0.782871,0.85,0.95,,,,
5846,27,179,0.00001215,0.699853,0.85,0.9,,,,
5847,27,180,0.00001215,0.267247,0.95,1,,,,
5848,27,181,0.00001214,0.613626,0.85,0.9,,,,
5849,27,182,0.00001214,1.103817,0.7,0.8,,,,
5850,27,183,0.00001213,1.087034,0.6,0.85,,,,
5851,27,184,0.00001213,0.388344,0.9,1,,,,
5852,27,185,0.00001212,1.27457,0.7,0.85,,,,
5853,27,186,0.00001211,0.605466,0.8,0.9,,,,
5854,27,187,0.00001211,0.418095,0.85,0.95,,,,
5855,27,188,0.0000121,0.580359,0.9,0.95,,,,
5856,27,189,0.0000121,0.705588,0.75,0.95,,,,
5857,27,190,0.00001209,0.87443,0.8,0.85,,,,
5858,27,191,0.00001208,1.062053,0.75,0.8,,,,
5859,27,192,0.00001208,0.987593,0.7,0.9,,,,
5860,27,193,0.00001207,0.364102,0.9,1,,,,
5861,27,194,0.00001207,0.896841,0.75,0.85,,,,
5862,27,195,0.00001206,0.79822,0.8,0.9,,,,
5863,27,196,0.00001205,0.880731,0.85,0.85,,,,
5864,27,197,0.00001205,0.620323,0.8,1,,,,
5865,27,198,0.00001204,0.368268,0.95,0.95,,,,
5866,27,199,0.00001204,0.712118,0.85,0.9,,,,
5867,27,200,0.00001203,0.878993,0.75,0.9,,,,
5868,27,201,0.00001203,0.415738,0.95,0.95,,,,
5869,27,202,0.00001202,0.472876,0.9,0.9,,,,
5870,27,203,0.00001201,1.053574,0.75,0.75,,,,
5871,27,204,0.00001201,0.670024,0.85,0.95,,,,
5872,27,205,0.000012,0.973127,0.8,0.8,,,,
5873,27,206,0.000012,1.158977,0.75,0.8,,,,
5874,27,207,0.00001199,0.867509,0.75,0.95,,,,
5875,27,208,0.00001198,0.502896,0.9,0.95,,,,
5876,27,209,0.00001198,0.522931,0.8,1,,,,
5877,27,210,0.00001197,0.819958,0.75,0.9,,,,
5878,27,211,0.00001197,0.520863,0.85,0.95,,,,
5879,27,212,0.00001196,0.500903,0.85,0.95,,,,
5880,27,213,0.00001196,0.200723,0.95,1,,,,
5881,27,214,0.00001195,0.770826,0.75,0.9,,,,
5882,27,215,0.00001194,0.852365,0.7,0.95,,,,
5883,27,216,0.00001194,1.094451,0.75,0.8,,,,
5884,27,217,0.00001193,0.537732,0.8,0.95,,,,
5885,27,218,0.00001193,0.986547,0.8,0.8,,,,
5886,28,1,0.00001192,0.312556,0.9,0.95,,,,
5887,28,2,0.00001191,0.388691,0.85,1,,,,
5888,28,3,0.00001191,0.704008,0.8,0.85,,,,
5889,28,4,0.0000119,0.395814,0.9,0.9,,,,
5890,28,5,0.0000119,0.508579,0.9,1,,,,
5891,28,6,0.00001189,0.654348,0.9,0.9,,,,
5892,28,7,0.00001189,0.564125,0.85,0.9,,,,
5893,28,8,0.00001188,0.518066,0.85,0.95,,,,
5894,28,9,0.00001187,1.001674,0.75,0.85,,,,
5895,28,10,0.00001187,1.107471,0.75,0.85,,,,
5896,28,11,0.00001186,0.524419,0.8,1,,,,
5897,28,12,0.00001186,1.029214,0.75,0.85,,,,
5898,28,13,0.00001185,0.286999,0.95,0.95,,,,
5899,28,14,0.00001184,0.600854,0.85,0.95,,,,
5900,28,15,0.00001184,1.260937,0.6,0.85,,,,
5901,28,16,0.00001183,0.875164,0.75,0.9,,,,
5902,28,17,0.00001183,0.527938,0.95,0.95,,,,
5903,28,18,0.00001182,0.366074,0.9,1,,,,
5904,28,19,0.00001182,0.518633,0.85,0.9,,,,
5905,28,20,0.00001181,0.681557,0.85,0.95,,,,
5906,28,21,0.0000118,0.495322,0.85,0.95,,,,
5907,28,22,0.0000118,0.915965,0.8,0.9,,,,
5908,28,23,0.00001179,0.91388,0.75,0.85,,,,
5909,28,24,0.00001179,0.641321,0.75,1,,,,
5910,28,25,0.00001178,0.643813,0.85,0.95,,,,
5911,28,26,0.00001177,0.782532,0.75,0.9,,,,
5912,28,27,0.00001177,0.46568,0.9,0.9,,,,
5913,28,28,0.00001176,0.528592,0.8,1,,,,
5914,28,29,0.00001176,0.376439,0.85,1,,,,
5915,28,30,0.00001175,0.562052,0.85,0.95,,,,
5916,28,31,0.00001175,0.205335,0.95,1,,,,
5917,28,32,0.00001174,0.279891,0.9,1,,,,
5918,28,33,0.00001173,0.300974,0.95,0.95,,,,
5919,28,34,0.00001173,1.152391,0.8,0.85,,,,
5920,28,35,0.00001172,0.398082,0.9,0.95,,,,
5921,28,36,0.00001172,0.602117,0.85,0.95,,,,
5922,28,37,0.00001171,0.470672,0.85,1,,,,
5923,28,38,0.0000117,0.907274,0.7,0.9,,,,
5924,28,39,0.0000117,1.256932,0.7,0.8,,,,
5925,28,40,0.00001169,0.92409,0.75,0.85,,,,
5926,28,41,0.00001169,0.573025,0.85,1,,,,
5927,28,42,0.00001168,0.655265,0.85,0.95,,,,
5928,28,43,0.00001168,0.851535,0.8,0.9,,,,
5929,28,44,0.00001167,0.446393,0.9,0.95,,,,
5930,28,45,0.00001166,0.997206,0.65,0.95,,,,
5931,28,46,0.00001166,0.404779,0.9,0.95,,,,
5932,28,47,0.00001165,0.529595,0.8,0.9,,,,
5933,28,48,0.00001165,0.267264,0.95,1,,,,
5934,28,49,0.00001164,0.84805,0.75,0.85,,,,
5935,28,50,0.00001163,0.908602,0.7,0.85,,,,
5936,28,51,0.00001163,0.602719,0.8,1,,,,
5937,28,52,0.00001162,0.508242,0.9,0.9,,,,
5938,28,53,0.00001162,0.897002,0.8,0.9,,,,
5939,28,54,0.00001161,0.672652,0.85,0.95,,,,
5940,28,55,0.00001161,0.790786,0.75,1,,,,
5941,28,56,0.0000116,0.980362,0.75,0.9,,,,
5942,28,57,0.00001159,0.347612,0.95,0.95,,,,
5943,28,58,0.00001159,0.738343,0.8,0.95,,,,
5944,28,59,0.00001158,0.410242,0.9,0.95,,,,
5945,28,60,0.00001158,0.464579,0.85,0.95,,,,
5946,28,61,0.00001157,0.4126,0.95,1,,,,
5947,28,62,0.00001157,0.489673,1,1,,,,
5948,28,63,0.00001156,1.182446,0.7,0.8,,,,
5949,28,64,0.00001155,0.687178,0.85,0.9,,,,
5950,28,65,0.00001155,1.368866,0.65,0.7,,,,
5951,28,66,0.00001154,0.683487,0.75,0.95,,,,
5952,28,67,0.00001154,0.582958,0.85,0.95,,,,
5953,28,68,0.00001153,0.656078,0.8,0.9,,,,
5954,28,69,0.00001152,0.880982,0.8,0.95,,,,
5955,28,70,0.00001152,0.700507,0.85,0.95,,,,
5956,28,71,0.00001151,0.444192,0.9,0.95,,,,
5957,28,72,0.00001151,0.564602,0.85,0.95,,,,
5958,28,73,0.0000115,0.749901,0.8,0.95,,,,
5959,28,74,0.0000115,0.659251,0.85,0.95,,,,
5960,28,75,0.00001149,0.714011,0.85,0.95,,,,
5961,28,76,0.00001148,1.123734,0.7,0.85,,,,
5962,28,77,0.00001148,0.529356,0.85,0.95,,,,
5963,28,78,0.00001147,0.927262,0.75,0.85,,,,
5964,28,79,0.00001147,0.313551,0.95,0.95,,,,
5965,28,80,0.00001146,0.101308,1,1,,,,
5966,28,81,0.00001146,0.528109,0.85,0.95,,,,
5967,28,82,0.00001145,0.082069,1,1,,,,
5968,28,83,0.00001144,0.565064,0.8,1,,,,
5969,28,84,0.00001144,0.175664,1,1,,,,
5970,28,85,0.00001143,0.953388,0.7,0.9,,,,
5971,28,86,0.00001143,0.102472,1,1,,,,
5972,28,87,0.00001142,0.933089,0.75,0.85,,,,
5973,28,88,0.00001141,0.933315,0.8,0.85,,,,
5974,28,89,0.00001141,0.299225,0.95,0.95,,,,
5975,28,90,0.0000114,0.229268,0.95,1,,,,
5976,28,91,0.0000114,0.551151,0.8,0.95,,,,
5977,28,92,0.00001139,1.074303,0.7,0.95,,,,
5978,28,93,0.00001139,0.645767,0.8,0.9,,,,
5979,28,94,0.00001138,0.532304,0.95,0.95,,,,
5980,28,95,0.00001137,0.833649,0.85,0.85,,,,
5981,28,96,0.00001137,0.81666,0.8,0.85,,,,
5982,28,97,0.00001136,0.076537,1,1,,,,
5983,28,98,0.00001136,1.253365,0.6,0.75,,,,
5984,28,99,0.00001135,0.5095,0.9,0.9,,,,
5985,28,100,0.00001135,0.38524,0.85,1,,,,
5986,28,101,0.00001134,0.475984,0.85,0.95,,,,
5987,28,102,0.00001133,0.808637,0.75,0.9,,,,
5988,28,103,0.00001133,0.861739,0.8,0.85,,,,
5989,28,104,0.00001132,1.104757,0.75,0.9,,,,
5990,28,105,0.00001132,0.12008,1,1,,,,
5991,28,106,0.00001131,0.455387,0.85,0.9,,,,
5992,28,107,0.00001131,0.801334,0.8,0.9,,,,
5993,28,108,0.0000113,0.996041,0.7,0.9,,,,
5994,28,109,0.00001129,0.378341,0.95,0.95,,,,
5995,28,110,0.00001129,0.264582,0.95,1,,,,
5996,28,111,0.00001128,1.032509,0.8,0.85,,,,
5997,28,112,0.00001128,0.922882,0.75,0.85,,,,
5998,28,113,0.00001127,0.551103,0.85,0.95,,,,
5999,28,114,0.00001126,0.739501,0.8,0.9,,,,
6000,28,115,0.00001126,0.559923,0.85,0.95,,,,
6001,28,116,0.00001125,0.474834,0.95,0.95,,,,
6002,28,117,0.00001125,0.856608,0.8,0.85,,,,
6003,28,118,0.00001124,0.360067,0.85,1,,,,
6004,28,119,0.00001124,1.105063,0.8,0.85,,,,
6005,28,120,0.00001123,0.744544,0.9,0.9,,,,
6006,28,121,0.00001122,0.584788,0.8,1,,,,
6007,28,122,0.00001122,0.924473,0.8,0.95,,,,
6008,28,123,0.00001121,0.380223,0.9,1,,,,
6009,28,124,0.00001121,0.462299,0.9,0.95,,,,
6010,28,125,0.0000112,0.388876,0.9,0.95,,,,
6011,28,126,0.0000112,0.544709,0.9,0.95,,,,
6012,28,127,0.00001119,0.681407,0.75,0.95,,,,
6013,28,128,0.00001118,0.451596,0.9,0.95,,,,
6014,28,129,0.00001118,0.553722,0.85,0.9,,,,
6015,28,130,0.00001117,0.384327,0.85,1,,,,
6016,28,131,0.00001117,0.371462,0.9,1,,,,
6017,28,132,0.00001116,0.881343,0.85,0.95,,,,
6018,28,133,0.00001116,1.262821,0.7,0.75,,,,
6019,28,134,0.00001115,0.521709,0.85,1,,,,
6020,28,135,0.00001114,0.465167,0.95,0.95,,,,
6021,28,136,0.00001114,0.432152,0.85,1,,,,
6022,28,137,0.00001113,0.245537,0.9,1,,,,
6023,28,138,0.00001113,0.435371,0.9,0.95,,,,
6024,28,139,0.00001112,0.979029,0.8,0.85,,,,
6025,28,140,0.00001112,0.976152,0.7,0.85,,,,
6026,28,141,0.00001111,1.066297,0.65,0.85,,,,
6027,28,142,0.0000111,0.409033,0.9,0.95,,,,
6028,28,143,0.0000111,0.842126,0.8,0.9,,,,
6029,28,144,0.00001109,0.202461,0.95,1,,,,
6030,28,145,0.00001109,0.880005,0.8,0.85,,,,
6031,28,146,0.00001108,0.849776,0.75,0.9,,,,
6032,28,147,0.00001108,0.975971,0.7,0.85,,,,
6033,28,148,0.00001107,0.757578,0.8,0.9,,,,
6034,28,149,0.00001106,0.527363,0.85,0.9,,,,
6035,28,150,0.00001106,1.087324,0.75,0.8,,,,
6036,28,151,0.00001105,0.736355,0.85,0.85,,,,
6037,28,152,0.00001105,0.247167,0.95,1,,,,
6038,28,153,0.00001104,0.679033,0.8,0.95,,,,
6039,28,154,0.00001104,0.653938,0.8,0.95,,,,
6040,28,155,0.00001103,0.277861,0.95,1,,,,
6041,28,156,0.00001102,0.380602,0.95,1,,,,
6042,28,157,0.00001102,1.265903,0.7,0.75,,,,
6043,28,158,0.00001101,0.365643,0.95,0.95,,,,
6044,28,159,0.00001101,0.453445,0.85,0.95,,,,
6045,28,160,0.000011,0.20367,0.95,1,,,,
6046,28,161,0.000011,0.509946,0.85,0.9,,,,
6047,28,162,0.00001099,1.013382,0.75,0.95,,,,
6048,28,163,0.00001098,0.560365,0.85,0.9,,,,
6049,28,164,0.00001098,0.535846,0.9,0.95,,,,
6050,28,165,0.00001097,0.560381,0.85,1,,,,
6051,28,166,0.00001097,1.01876,0.85,0.85,,,,
6052,28,167,0.00001096,0.539477,0.8,1,,,,
6053,28,168,0.00001096,0.810191,0.8,0.85,,,,
6054,28,169,0.00001095,0.7887,0.75,0.9,,,,
6055,28,170,0.00001094,0.414955,0.85,1,,,,
6056,28,171,0.00001094,0.699758,0.8,0.95,,,,
6057,28,172,0.00001093,0.837573,0.8,0.85,,,,
6058,28,173,0.00001093,0.890405,0.7,0.95,,,,
6059,28,174,0.00001092,0.271581,0.95,1,,,,
6060,28,175,0.00001092,0.907566,0.75,0.9,,,,
6061,28,176,0.00001091,0.907615,0.7,0.95,,,,
6062,28,177,0.0000109,0.193013,0.95,1,,,,
6063,28,178,0.0000109,0.623011,0.75,0.95,,,,
6064,28,179,0.00001089,0.602463,0.85,0.95,,,,
6065,28,180,0.00001089,0.644507,0.85,0.9,,,,
6066,28,181,0.00001088,0.851373,0.75,0.9,,,,
6067,28,182,0.00001088,0.615415,0.8,1,,,,
6068,28,183,0.00001087,0.470814,0.9,0.9,,,,
6069,28,184,0.00001086,0.427215,0.85,0.95,,,,
6070,28,185,0.00001086,0.979148,0.75,0.85,,,,
6071,28,186,0.00001085,0.49393,0.85,0.9,,,,
6072,28,187,0.00001085,0.433862,0.9,1,,,,
6073,28,188,0.00001084,0.560639,0.85,0.9,,,,
6074,28,189,0.00001084,0.95669,0.75,0.9,,,,
6075,28,190,0.00001083,0.697066,0.75,0.95,,,,
6076,28,191,0.00001082,0.356561,0.95,1,,,,
6077,28,192,0.00001082,0.386496,0.95,1,,,,
6078,28,193,0.00001081,0.488485,0.9,0.95,,,,
6079,28,194,0.00001081,1.417097,0.7,0.7,,,,
6080,28,195,0.0000108,1.201921,0.7,0.75,,,,
6081,28,196,0.0000108,0.23158,0.95,0.95,,,,
6082,28,197,0.00001079,0.419507,0.8,1,,,,
6083,28,198,0.00001078,0.480136,0.9,0.95,,,,
6084,28,199,0.00001078,0.8879,0.75,0.85,,,,
6085,28,200,0.00001077,1.249534,0.75,0.85,,,,
6086,28,201,0.00001077,0.510088,0.8,1,,,,
6087,28,202,0.00001076,0.647966,0.7,0.95,,,,
6088,28,203,0.00001076,0.266003,0.9,0.95,,,,
6089,28,204,0.00001075,0.05302,1,1,,,,
6090,28,205,0.00001075,0.639539,0.75,0.95,,,,
6091,28,206,0.00001074,0.809111,0.75,0.95,,,,
6092,28,207,0.00001073,0.441896,0.85,1,,,,
6093,28,208,0.00001073,0.66628,0.8,0.9,,,,
6094,28,209,0.00001072,0.737868,0.8,0.9,,,,
6095,28,210,0.00001072,0.829852,0.7,0.85,,,,
6096,28,211,0.00001071,1.038539,0.75,0.8,,,,
6097,28,212,0.00001071,1.160107,0.7,0.9,,,,
6098,28,213,0.0000107,0.419749,0.95,0.95,,,,
6099,28,214,0.00001069,0.563357,0.9,0.9,,,,
6100,28,215,0.00001069,0.853445,0.75,0.85,,,,
6101,28,216,0.00001068,0.85346,0.8,0.95,,,,
6102,28,217,0.00001068,0.881367,0.75,0.9,,,,
6103,28,218,0.00001067,1.155418,0.75,0.85,,,,
6104,29,1,0.00001067,0.714154,0.75,1,,,,
6105,29,2,0.00001066,0.799263,0.8,0.85,,,,
6106,29,3,0.00001065,0.730038,0.8,0.95,,,,
6107,29,4,0.00001065,0.370331,0.9,1,,,,
6108,29,5,0.00001064,0.974953,0.75,0.9,,,,
6109,29,6,0.00001064,0.327825,0.9,1,,,,
6110,29,7,0.00001063,0.625549,0.85,0.9,,,,
6111,29,8,0.00001063,0.407423,0.9,0.95,,,,
6112,29,9,0.00001062,0.375916,0.9,0.95,,,,
6113,29,10,0.00001062,0.699471,0.8,0.95,,,,
6114,29,11,0.00001061,0.651392,0.75,0.95,,,,
6115,29,12,0.0000106,0.595174,0.85,0.95,,,,
6116,29,13,0.0000106,0.521246,0.8,0.95,,,,
6117,29,14,0.00001059,0.583353,0.9,0.9,,,,
6118,29,15,0.00001059,0.785075,0.85,0.85,,,,
6119,29,16,0.00001058,0.954656,0.75,0.85,,,,
6120,29,17,0.00001058,0.90739,0.8,0.9,,,,
6121,29,18,0.00001057,0.648744,0.9,0.9,,,,
6122,29,19,0.00001056,0.895667,0.8,0.85,,,,
6123,29,20,0.00001056,0.973997,0.75,0.85,,,,
6124,29,21,0.00001055,1.118639,0.7,0.85,,,,
6125,29,22,0.00001055,0.55212,0.9,0.9,,,,
6126,29,23,0.00001054,0.359368,0.95,0.95,,,,
6127,29,24,0.00001054,1.045289,0.8,0.85,,,,
6128,29,25,0.00001053,0.624985,0.8,0.9,,,,
6129,29,26,0.00001052,0.893687,0.8,0.85,,,,
6130,29,27,0.00001052,1.083835,0.7,0.85,,,,
6131,29,28,0.00001051,1.400069,0.6,0.8,,,,
6132,29,29,0.00001051,0.533893,0.9,0.9,,,,
6133,29,30,0.0000105,0.372239,0.95,0.95,,,,
6134,29,31,0.0000105,1.291719,0.6,0.8,,,,
6135,29,32,0.00001049,0.690454,0.75,0.95,,,,
6136,29,33,0.00001049,0.279975,0.95,1,,,,
6137,29,34,0.00001048,1.179538,0.7,0.85,,,,
6138,29,35,0.00001047,0.969083,0.8,0.85,,,,
6139,29,36,0.00001047,0.229861,1,1,,,,
6140,29,37,0.00001046,0.655811,0.9,0.95,,,,
6141,29,38,0.00001046,0.946258,0.75,0.85,,,,
6142,29,39,0.00001045,0.81139,0.75,0.95,,,,
6143,29,40,0.00001045,1.003347,0.75,0.8,,,,
6144,29,41,0.00001044,1.033991,0.75,0.9,,,,
6145,29,42,0.00001043,0.5898,0.9,0.9,,,,
6146,29,43,0.00001043,0.455319,0.9,0.9,,,,
6147,29,44,0.00001042,0.598765,0.8,0.95,,,,
6148,29,45,0.00001042,0.381119,0.95,0.95,,,,
6149,29,46,0.00001041,0.647758,0.85,0.9,,,,
6150,29,47,0.00001041,0.530016,0.85,0.95,,,,
6151,29,48,0.0000104,0.765012,0.8,0.9,,,,
6152,29,49,0.0000104,0.686571,0.8,0.95,,,,
6153,29,50,0.00001039,0.737774,0.8,1,,,,
6154,29,51,0.00001038,0.182521,0.95,1,,,,
6155,29,52,0.00001038,1.010587,0.75,0.8,,,,
6156,29,53,0.00001037,0.97977,0.8,0.85,,,,
6157,29,54,0.00001037,0.923313,0.75,0.85,,,,
6158,29,55,0.00001036,0.298478,0.95,0.95,,,,
6159,29,56,0.00001036,0.797376,0.8,0.9,,,,
6160,29,57,0.00001035,0.274332,1,1,,,,
6161,29,58,0.00001035,0.211611,0.9,1,,,,
6162,29,59,0.00001034,1.257786,0.7,0.85,,,,
6163,29,60,0.00001033,0.382369,0.85,1,,,,
6164,29,61,0.00001033,0.700348,0.8,0.85,,,,
6165,29,62,0.00001032,0.489058,0.9,0.95,,,,
6166,29,63,0.00001032,0.109169,1,1,,,,
6167,29,64,0.00001031,0.624963,0.8,0.95,,,,
6168,29,65,0.00001031,0.630588,0.9,0.9,,,,
6169,29,66,0.0000103,0.454332,0.9,0.9,,,,
6170,29,67,0.00001029,0.692225,0.8,0.95,,,,
6171,29,68,0.00001029,1.270639,0.65,0.75,,,,
6172,29,69,0.00001028,0.654692,0.8,0.9,,,,
6173,29,70,0.00001028,0.582532,0.9,0.95,,,,
6174,29,71,0.00001027,0.39428,0.95,0.95,,,,
6175,29,72,0.00001027,0.315464,0.95,0.95,,,,
6176,29,73,0.00001026,1.173821,0.7,0.75,,,,
6177,29,74,0.00001026,0.44577,0.9,0.95,,,,
6178,29,75,0.00001025,0.552414,0.85,0.9,,,,
6179,29,76,0.00001024,0.975497,0.75,0.9,,,,
6180,29,77,0.00001024,0.305265,0.9,1,,,,
6181,29,78,0.00001023,0.535275,0.8,0.95,,,,
6182,29,79,0.00001023,0.894879,0.8,0.8,,,,
6183,29,80,0.00001022,0.350412,0.9,1,,,,
6184,29,81,0.00001022,1.135472,0.65,0.85,,,,
6185,29,82,0.00001021,1.086579,0.7,0.8,,,,
6186,29,83,0.00001021,0.228578,0.95,1,,,,
6187,29,84,0.0000102,0.640622,0.8,0.9,,,,
6188,29,85,0.00001019,0.37331,0.9,1,,,,
6189,29,86,0.00001019,0.934269,0.85,0.85,,,,
6190,29,87,0.00001018,0.905799,0.85,0.85,,,,
6191,29,88,0.00001018,0.266357,0.95,1,,,,
6192,29,89,0.00001017,0.6587,0.8,0.9,,,,
6193,29,90,0.00001017,0.486759,0.9,0.9,,,,
6194,29,91,0.00001016,0.728333,0.8,0.95,,,,
6195,29,92,0.00001016,0.622176,0.8,0.9,,,,
6196,29,93,0.00001015,0.691244,0.8,0.9,,,,
6197,29,94,0.00001014,0.278878,0.95,0.95,,,,
6198,29,95,0.00001014,0.195482,0.95,1,,,,
6199,29,96,0.00001013,0.649939,0.8,0.95,,,,
6200,29,97,0.00001013,0.475629,0.9,0.95,,,,
6201,29,98,0.00001012,0.394638,0.9,0.95,,,,
6202,29,99,0.00001012,0.340497,0.9,1,,,,
6203,29,100,0.00001011,0.718821,0.85,0.95,,,,
6204,29,101,0.00001011,1.514786,0.7,0.75,,,,
6205,29,102,0.0000101,0.399904,0.85,0.95,,,,
6206,29,103,0.00001009,0.468669,0.9,0.95,,,,
6207,29,104,0.00001009,0.073741,1,1,,,,
6208,29,105,0.00001008,0.500945,0.9,0.95,,,,
6209,29,106,0.00001008,0.591688,0.85,0.95,,,,
6210,29,107,0.00001007,1.414128,0.6,0.75,,,,
6211,29,108,0.00001007,1.056273,0.75,0.85,,,,
6212,29,109,0.00001006,0.215274,0.95,1,,,,
6213,29,110,0.00001006,0.672053,0.9,0.9,,,,
6214,29,111,0.00001005,0.551636,0.85,0.95,,,,
6215,29,112,0.00001004,0.8927,0.75,0.9,,,,
6216,29,113,0.00001004,0.446692,0.95,1,,,,
6217,29,114,0.00001003,0.732203,0.85,0.95,,,,
6218,29,115,0.00001003,0.312722,0.9,1,,,,
6219,29,116,0.00001002,0.660172,0.85,0.9,,,,
6220,29,117,0.00001002,0.121466,0.95,1,,,,
6221,29,118,0.00001001,0.275919,0.9,1,,,,
6222,29,119,0.00001001,0.791563,0.8,0.95,,,,
6223,29,120,0.00001,0.391498,0.9,1,,,,
6224,29,121,0.00000999,0.427832,0.9,1,,,,
6225,29,122,0.00000999,0.638601,0.85,0.9,,,,
6226,29,123,0.00000998,0.893898,0.75,0.85,,,,
6227,29,124,0.00000998,0.827963,0.85,0.95,,,,
6228,29,125,0.00000997,0.681507,0.85,0.9,,,,
6229,29,126,0.00000997,0.718033,0.8,0.95,,,,
6230,29,127,0.00000996,0.570094,0.9,0.9,,,,
6231,29,128,0.00000996,0.998818,0.75,0.9,,,,
6232,29,129,0.00000995,0.40229,0.9,1,,,,
6233,29,130,0.00000994,0.912441,0.75,0.8,,,,
6234,29,131,0.00000994,0.241132,0.95,1,,,,
6235,29,132,0.00000993,0.466274,0.9,0.95,,,,
6236,29,133,0.00000993,0.301983,0.9,0.95,,,,
6237,29,134,0.00000992,0.589963,0.8,0.95,,,,
6238,29,135,0.00000992,0.744625,0.85,0.9,,,,
6239,29,136,0.00000991,0.343223,0.9,1,,,,
6240,29,137,0.00000991,1.0467,0.7,0.9,,,,
6241,29,138,0.0000099,0.362215,0.95,0.95,,,,
6242,29,139,0.00000989,0.341225,0.9,0.95,,,,
6243,29,140,0.00000989,0.309885,0.85,1,,,,
6244,29,141,0.00000988,0.785185,0.85,0.9,,,,
6245,29,142,0.00000988,0.465895,0.9,0.95,,,,
6246,29,143,0.00000987,0.897638,0.7,0.9,,,,
6247,29,144,0.00000987,0.434488,0.9,0.9,,,,
6248,29,145,0.00000986,0.879363,0.8,0.8,,,,
6249,29,146,0.00000986,0.451367,0.85,0.95,,,,
6250,29,147,0.00000985,0.552282,0.85,0.9,,,,
6251,29,148,0.00000985,1.049159,0.8,0.8,,,,
6252,29,149,0.00000984,0.638003,0.9,0.95,,,,
6253,29,150,0.00000983,0.375712,0.85,1,,,,
6254,29,151,0.00000983,0.442976,0.85,1,,,,
6255,29,152,0.00000982,0.852896,0.8,0.9,,,,
6256,29,153,0.00000982,0.722567,0.8,0.9,,,,
6257,29,154,0.00000981,0.772516,0.85,0.9,,,,
6258,29,155,0.00000981,0.658135,0.8,0.95,,,,
6259,29,156,0.0000098,0.713482,0.9,0.9,,,,
6260,29,157,0.0000098,0.815593,0.7,0.9,,,,
6261,29,158,0.00000979,0.618955,0.95,0.95,,,,
6262,29,159,0.00000978,0.791063,0.75,0.9,,,,
6263,29,160,0.00000978,0.422431,0.85,1,,,,
6264,29,161,0.00000977,0.577184,0.8,0.9,,,,
6265,29,162,0.00000977,0.410509,0.9,1,,,,
6266,29,163,0.00000976,0.704841,0.8,0.9,,,,
6267,29,164,0.00000976,0.435327,0.9,1,,,,
6268,29,165,0.00000975,0.43919,0.85,1,,,,
6269,29,166,0.00000975,0.56182,0.85,0.9,,,,
6270,29,167,0.00000974,0.331473,0.95,0.95,,,,
6271,29,168,0.00000974,0.615294,0.85,0.95,,,,
6272,29,169,0.00000973,0.868696,0.75,0.9,,,,
6273,29,170,0.00000972,1.012184,0.75,0.85,,,,
6274,29,171,0.00000972,0.237805,0.85,1,,,,
6275,29,172,0.00000971,0.443512,0.95,1,,,,
6276,29,173,0.00000971,0.335902,0.9,1,,,,
6277,29,174,0.0000097,0.533738,0.85,0.95,,,,
6278,29,175,0.0000097,0.148271,1,1,,,,
6279,29,176,0.00000969,0.588938,0.85,0.95,,,,
6280,29,177,0.00000969,0.70353,0.8,0.95,,,,
6281,29,178,0.00000968,0.47514,0.9,0.95,,,,
6282,29,179,0.00000968,0.858191,0.8,0.85,,,,
6283,29,180,0.00000967,0.873683,0.7,0.9,,,,
6284,29,181,0.00000966,0.278509,0.95,1,,,,
6285,29,182,0.00000966,0.262514,0.95,1,,,,
6286,29,183,0.00000965,0.503158,0.9,0.9,,,,
6287,29,184,0.00000965,0.769276,0.75,0.85,,,,
6288,29,185,0.00000964,0.640655,0.85,0.95,,,,
6289,29,186,0.00000964,0.611405,0.85,0.9,,,,
6290,29,187,0.00000963,0.367433,0.9,0.95,,,,
6291,29,188,0.00000963,0.525209,0.9,0.95,,,,
6292,29,189,0.00000962,0.374413,0.95,1,,,,
6293,29,190,0.00000961,0.520229,0.85,0.95,,,,
6294,29,191,0.00000961,0.562849,0.9,0.95,,,,
6295,29,192,0.0000096,0.396019,0.9,0.95,,,,
6296,29,193,0.0000096,0.672701,0.85,0.85,,,,
6297,29,194,0.00000959,1.045243,0.65,0.85,,,,
6298,29,195,0.00000959,0.2081,0.95,0.95,,,,
6299,29,196,0.00000958,0.175128,0.9,1,,,,
6300,29,197,0.00000958,0.625586,0.85,0.95,,,,
6301,29,198,0.00000957,0.911879,0.75,0.9,,,,
6302,29,199,0.00000957,0.063289,1,1,,,,
6303,29,200,0.00000956,0.181632,1,1,,,,
6304,29,201,0.00000955,0.691546,0.8,0.95,,,,
6305,29,202,0.00000955,0.619289,0.85,0.95,,,,
6306,29,203,0.00000954,1.198346,0.65,0.8,,,,
6307,29,204,0.00000954,0.889128,0.7,0.8,,,,
6308,29,205,0.00000953,0.784791,0.8,0.9,,,,
6309,29,206,0.00000953,0.163217,0.95,1,,,,
6310,29,207,0.00000952,0.485766,0.85,1,,,,
6311,29,208,0.00000952,0.642002,0.8,0.9,,,,
6312,29,209,0.00000951,1.448267,0.65,0.85,,,,
6313,29,210,0.00000951,0.087576,1,1,,,,
6314,29,211,0.0000095,0.456477,0.9,0.9,,,,
6315,29,212,0.0000095,0.638429,0.85,0.95,,,,
6316,29,213,0.00000949,0.358533,0.9,0.95,,,,
6317,29,214,0.00000948,0.317859,0.8,1,,,,
6318,29,215,0.00000948,0.557056,0.9,0.95,,,,
6319,29,216,0.00000947,0.461116,0.85,0.95,,,,
6320,29,217,0.00000947,0.687114,0.9,0.95,,,,
6321,29,218,0.00000946,0.395232,0.9,0.95,,,,
6322,30,1,0.00000946,0.203113,0.95,1,,,,
6323,30,2,0.00000945,0.378313,0.85,1,,,,
6324,30,3,0.00000945,0.702938,0.85,0.9,,,,
6325,30,4,0.00000944,0.381975,0.9,1,,,,
6326,30,5,0.00000944,0.43296,0.85,0.95,,,,
6327,30,6,0.00000943,0.222504,0.95,1,,,,
6328,30,7,0.00000942,0.78356,0.8,0.9,,,,
6329,30,8,0.00000942,0.400536,0.9,1,,,,
6330,30,9,0.00000941,0.486519,0.85,0.9,,,,
6331,30,10,0.00000941,1.073545,0.75,0.85,,,,
6332,30,11,0.0000094,0.625497,0.85,0.9,,,,
6333,30,12,0.0000094,0.41704,0.9,1,,,,
6334,30,13,0.00000939,0.426729,0.9,0.95,,,,
6335,30,14,0.00000939,0.819727,0.8,0.9,,,,
6336,30,15,0.00000938,0.466991,0.85,1,,,,
6337,30,16,0.00000938,0.696364,0.75,0.9,,,,
6338,30,17,0.00000937,0.928596,0.85,0.9,,,,
6339,30,18,0.00000936,0.97888,0.75,0.8,,,,
6340,30,19,0.00000936,0.897279,0.8,0.85,,,,
6341,30,20,0.00000935,0.880442,0.75,0.9,,,,
6342,30,21,0.00000935,0.658293,0.8,0.95,,,,
6343,30,22,0.00000934,0.342745,0.9,1,,,,
6344,30,23,0.00000934,0.929315,0.8,0.85,,,,
6345,30,24,0.00000933,0.723553,0.85,0.9,,,,
6346,30,25,0.00000933,0.232761,0.95,1,,,,
6347,30,26,0.00000932,0.548981,0.9,1,,,,
6348,30,27,0.00000932,0.7023,0.8,0.9,,,,
6349,30,28,0.00000931,0.469722,0.85,1,,,,
6350,30,29,0.00000931,0.590681,0.8,0.95,,,,
6351,30,30,0.0000093,0.889443,0.75,0.9,,,,
6352,30,31,0.00000929,0.318199,0.95,0.95,,,,
6353,30,32,0.00000929,0.442041,0.9,0.9,,,,
6354,30,33,0.00000928,1.013711,0.8,0.8,,,,
6355,30,34,0.00000928,0.456914,0.95,0.95,,,,
6356,30,35,0.00000927,0.561247,0.85,0.9,,,,
6357,30,36,0.00000927,0.448261,0.85,1,,,,
6358,30,37,0.00000926,1.108505,0.65,0.8,,,,
6359,30,38,0.00000926,0.426002,0.9,0.95,,,,
6360,30,39,0.00000925,0.634817,0.75,0.95,,,,
6361,30,40,0.00000925,0.502614,0.9,0.95,,,,
6362,30,41,0.00000924,0.606713,0.85,0.95,,,,
6363,30,42,0.00000924,0.147486,0.95,1,,,,
6364,30,43,0.00000923,0.667337,0.85,0.95,,,,
6365,30,44,0.00000922,1.120542,0.75,0.8,,,,
6366,30,45,0.00000922,0.196144,0.95,1,,,,
6367,30,46,0.00000921,0.227839,0.95,0.95,,,,
6368,30,47,0.00000921,0.802807,0.8,0.9,,,,
6369,30,48,0.0000092,0.067167,1,1,,,,
6370,30,49,0.0000092,0.888737,0.8,0.85,,,,
6371,30,50,0.00000919,0.515259,0.9,0.9,,,,
6372,30,51,0.00000919,1.157657,0.7,0.85,,,,
6373,30,52,0.00000918,0.964974,0.75,0.8,,,,
6374,30,53,0.00000918,0.524753,0.9,0.9,,,,
6375,30,54,0.00000917,1.11934,0.7,0.85,,,,
6376,30,55,0.00000917,0.360296,0.9,0.95,,,,
6377,30,56,0.00000916,0.103207,1,1,,,,
6378,30,57,0.00000915,0.964091,0.8,0.85,,,,
6379,30,58,0.00000915,1.142764,0.7,0.8,,,,
6380,30,59,0.00000914,0.512657,0.8,1,,,,
6381,30,60,0.00000914,0.879989,0.8,0.85,,,,
6382,30,61,0.00000913,0.644735,0.85,0.95,,,,
6383,30,62,0.00000913,0.576297,0.85,0.95,,,,
6384,30,63,0.00000912,0.760497,0.8,0.9,,,,
6385,30,64,0.00000912,0.204265,0.95,1,,,,
6386,30,65,0.00000911,0.548307,0.75,0.95,,,,
6387,30,66,0.00000911,0.252519,0.95,1,,,,
6388,30,67,0.0000091,0.591971,0.8,0.9,,,,
6389,30,68,0.0000091,0.318835,0.9,1,,,,
6390,30,69,0.00000909,0.899434,0.7,0.9,,,,
6391,30,70,0.00000908,0.704354,0.85,0.85,,,,
6392,30,71,0.00000908,0.178573,0.95,1,,,,
6393,30,72,0.00000907,0.240709,0.95,0.95,,,,
6394,30,73,0.00000907,0.599538,0.85,0.9,,,,
6395,30,74,0.00000906,1.075569,0.75,0.85,,,,
6396,30,75,0.00000906,0.890676,0.7,0.9,,,,
6397,30,76,0.00000905,0.62312,0.8,0.95,,,,
6398,30,77,0.00000905,0.489537,0.8,0.95,,,,
6399,30,78,0.00000904,0.4905,0.9,0.9,,,,
6400,30,79,0.00000904,0.913163,0.8,0.9,,,,
6401,30,80,0.00000903,0.807666,0.85,0.85,,,,
6402,30,81,0.00000903,0.843234,0.7,0.9,,,,
6403,30,82,0.00000902,0.199199,0.95,1,,,,
6404,30,83,0.00000902,0.314668,0.9,1,,,,
6405,30,84,0.00000901,0.914968,0.8,0.8,,,,
6406,30,85,0.000009,0.642688,0.8,0.95,,,,
6407,30,86,0.000009,0.473464,0.85,1,,,,
6408,30,87,0.00000899,0.403714,0.85,1,,,,
6409,30,88,0.00000899,0.396407,0.95,0.95,,,,
6410,30,89,0.00000898,0.476345,0.95,1,,,,
6411,30,90,0.00000898,0.347,0.9,1,,,,
6412,30,91,0.00000897,0.698235,0.75,0.95,,,,
6413,30,92,0.00000897,0.792063,0.8,0.9,,,,
6414,30,93,0.00000896,0.539936,0.85,0.95,,,,
6415,30,94,0.00000896,0.523543,0.85,0.95,,,,
6416,30,95,0.00000895,0.639413,0.85,0.95,,,,
6417,30,96,0.00000895,0.651959,0.8,0.9,,,,
6418,30,97,0.00000894,0.250981,0.95,0.95,,,,
6419,30,98,0.00000894,0.316712,0.9,1,,,,
6420,30,99,0.00000893,0.632446,0.85,1,,,,
6421,30,100,0.00000892,0.688694,0.9,0.95,,,,
6422,30,101,0.00000892,0.352235,0.85,1,,,,
6423,30,102,0.00000891,0.487098,0.85,0.95,,,,
6424,30,103,0.00000891,0.810502,0.85,0.95,,,,
6425,30,104,0.0000089,1.141036,0.7,0.9,,,,
6426,30,105,0.0000089,0.899726,0.8,0.8,,,,
6427,30,106,0.00000889,0.687379,0.9,0.9,,,,
6428,30,107,0.00000889,1.01762,0.8,0.9,,,,
6429,30,108,0.00000888,0.598048,0.9,0.95,,,,
6430,30,109,0.00000888,1.167943,0.75,0.9,,,,
6431,30,110,0.00000887,0.770971,0.75,0.95,,,,
6432,30,111,0.00000887,0.98044,0.75,0.85,,,,
6433,30,112,0.00000886,0.526678,0.85,1,,,,
6434,30,113,0.00000886,0.702695,0.85,0.95,,,,
6435,30,114,0.00000885,0.841192,0.85,0.9,,,,
6436,30,115,0.00000884,0.889186,0.75,0.85,,,,
6437,30,116,0.00000884,0.63092,0.9,0.9,,,,
6438,30,117,0.00000883,0.325068,0.9,0.95,,,,
6439,30,118,0.00000883,0.381982,0.9,1,,,,
6440,30,119,0.00000882,0.417791,0.85,1,,,,
6441,30,120,0.00000882,0.721603,0.8,0.85,,,,
6442,30,121,0.00000881,0.488444,0.85,0.9,,,,
6443,30,122,0.00000881,0.397998,0.95,1,,,,
6444,30,123,0.0000088,0.871676,0.75,0.95,,,,
6445,30,124,0.0000088,0.46145,0.85,1,,,,
6446,30,125,0.00000879,0.315918,0.9,1,,,,
6447,30,126,0.00000879,0.133203,1,1,,,,
6448,30,127,0.00000878,0.618481,0.8,0.95,,,,
6449,30,128,0.00000878,0.666694,0.85,0.9,,,,
6450,30,129,0.00000877,0.939528,0.7,0.9,,,,
6451,30,130,0.00000877,0.819339,0.75,0.95,,,,
6452,30,131,0.00000876,0.569286,0.8,0.9,,,,
6453,30,132,0.00000875,0.36701,0.9,0.95,,,,
6454,30,133,0.00000875,0.88176,0.75,0.9,,,,
6455,30,134,0.00000874,0.818643,0.75,0.95,,,,
6456,30,135,0.00000874,0.931219,0.8,0.85,,,,
6457,30,136,0.00000873,0.726429,0.85,0.9,,,,
6458,30,137,0.00000873,0.157035,1,1,,,,
6459,30,138,0.00000872,0.459968,0.85,0.95,,,,
6460,30,139,0.00000872,0.78716,0.8,0.9,,,,
6461,30,140,0.00000871,0.770547,0.8,0.9,,,,
6462,30,141,0.00000871,0.286415,0.95,1,,,,
6463,30,142,0.0000087,0.282732,0.9,1,,,,
6464,30,143,0.0000087,0.417732,0.85,0.95,,,,
6465,30,144,0.00000869,0.942962,0.75,0.9,,,,
6466,30,145,0.00000869,0.711412,0.8,0.95,,,,
6467,30,146,0.00000868,0.612863,0.8,0.9,,,,
6468,30,147,0.00000868,0.763457,0.75,0.95,,,,
6469,30,148,0.00000867,0.274081,0.95,1,,,,
6470,30,149,0.00000867,0.479613,0.8,0.95,,,,
6471,30,150,0.00000866,1.04614,0.8,0.85,,,,
6472,30,151,0.00000865,0.705138,0.8,0.9,,,,
6473,30,152,0.00000865,0.621337,0.85,0.9,,,,
6474,30,153,0.00000864,0.099318,1,1,,,,
6475,30,154,0.00000864,1.306968,0.6,0.8,,,,
6476,30,155,0.00000863,0.795238,0.8,0.9,,,,
6477,30,156,0.00000863,0.288687,0.9,1,,,,
6478,30,157,0.00000862,0.940566,0.8,0.85,,,,
6479,30,158,0.00000862,0.360474,0.9,0.95,,,,
6480,30,159,0.00000861,1.025844,0.75,0.85,,,,
6481,30,160,0.00000861,0.132903,1,1,,,,
6482,30,161,0.0000086,0.553641,0.85,0.9,,,,
6483,30,162,0.0000086,0.77097,0.8,0.9,,,,
6484,30,163,0.00000859,0.833415,0.7,0.95,,,,
6485,30,164,0.00000859,0.434176,0.9,0.95,,,,
6486,30,165,0.00000858,0.345647,0.9,1,,,,
6487,30,166,0.00000858,0.886423,0.7,0.9,,,,
6488,30,167,0.00000857,1.224734,0.65,0.9,,,,
6489,30,168,0.00000857,0.376095,0.95,0.95,,,,
6490,30,169,0.00000856,0.447593,0.9,1,,,,
6491,30,170,0.00000855,0.810307,0.8,0.9,,,,
6492,30,171,0.00000855,0.514336,0.95,0.95,,,,
6493,30,172,0.00000854,0.839878,0.75,0.9,,,,
6494,30,173,0.00000854,0.60707,0.85,0.95,,,,
6495,30,174,0.00000853,0.726381,0.75,0.95,,,,
6496,30,175,0.00000853,0.963434,0.8,0.95,,,,
6497,30,176,0.00000852,1.193392,0.7,0.85,,,,
6498,30,177,0.00000852,0.634092,0.9,0.9,,,,
6499,30,178,0.00000851,0.380495,0.9,0.95,,,,
6500,30,179,0.00000851,0.734933,0.8,0.9,,,,
6501,30,180,0.0000085,0.445465,0.9,0.95,,,,
6502,30,181,0.0000085,0.611807,0.8,0.95,,,,
6503,30,182,0.00000849,0.876159,0.8,0.9,,,,
6504,30,183,0.00000849,0.740834,0.85,0.85,,,,
6505,30,184,0.00000848,0.240746,0.9,1,,,,
6506,30,185,0.00000848,0.617184,0.85,0.95,,,,
6507,30,186,0.00000847,0.697019,0.8,0.95,,,,
6508,30,187,0.00000847,0.367629,0.95,0.95,,,,
6509,30,188,0.00000846,0.48512,0.9,1,,,,
6510,30,189,0.00000846,0.749285,0.85,0.95,,,,
6511,30,190,0.00000845,0.239379,0.95,1,,,,
6512,30,191,0.00000844,0.268738,0.95,0.95,,,,
6513,30,192,0.00000844,1.013259,0.75,0.85,,,,
6514,30,193,0.00000843,0.809612,0.85,0.85,,,,
6515,30,194,0.00000843,0.220665,0.9,1,,,,
6516,30,195,0.00000842,0.882217,0.8,0.85,,,,
6517,30,196,0.00000842,0.510256,0.85,1,,,,
6518,30,197,0.00000841,0.543351,0.85,0.95,,,,
6519,30,198,0.00000841,0.851348,0.8,0.85,,,,
6520,30,199,0.0000084,0.68026,0.85,0.85,,,,
6521,30,200,0.0000084,1.406707,0.7,0.8,,,,
6522,30,201,0.00000839,0.416607,0.85,1,,,,
6523,30,202,0.00000839,0.669779,0.8,0.9,,,,
6524,30,203,0.00000838,0.722486,0.75,0.9,,,,
6525,30,204,0.00000838,0.720635,0.75,0.9,,,,
6526,30,205,0.00000837,1.548912,0.7,0.75,,,,
6527,30,206,0.00000837,0.304014,0.9,1,,,,
6528,30,207,0.00000836,1.103209,0.85,0.85,,,,
6529,30,208,0.00000836,0.784353,0.8,0.9,,,,
6530,30,209,0.00000835,0.496768,0.8,1,,,,
6531,30,210,0.00000835,0.254525,0.95,0.95,,,,
6532,30,211,0.00000834,0.786903,0.8,0.8,,,,
6533,30,212,0.00000834,0.760904,0.85,0.85,,,,
6534,30,213,0.00000833,0.742033,0.85,0.95,,,,
6535,30,214,0.00000833,0.361854,0.85,1,,,,
6536,30,215,0.00000832,0.136756,1,1,,,,
6537,30,216,0.00000831,0.59767,0.8,0.95,,,,
6538,30,217,0.00000831,0.147474,1,1,,,,
6539,30,218,0.0000083,1.299237,0.7,0.8,,,,
6540,31,1,0.0000083,0.593989,0.85,0.9,,,,
6541,31,2,0.00000829,1.049496,0.75,0.85,,,,
6542,31,3,0.00000829,0.745421,0.75,0.9,,,,
6543,31,4,0.00000828,0.163076,0.95,1,,,,
6544,31,5,0.00000828,0.874134,0.8,0.9,,,,
6545,31,6,0.00000827,0.517001,0.9,0.95,,,,
6546,31,7,0.00000827,0.484265,0.85,0.95,,,,
6547,31,8,0.00000826,0.443909,0.85,0.95,,,,
6548,31,9,0.00000826,0.259719,0.95,1,,,,
6549,31,10,0.00000825,0.659026,0.8,0.85,,,,
6550,31,11,0.00000825,0.256765,0.95,0.95,,,,
6551,31,12,0.00000824,0.482393,0.85,0.95,,,,
6552,31,13,0.00000824,0.419303,0.9,0.95,,,,
6553,31,14,0.00000823,0.2966,0.9,1,,,,
6554,31,15,0.00000823,0.462344,0.9,0.95,,,,
6555,31,16,0.00000822,0.702054,0.85,0.95,,,,
6556,31,17,0.00000822,0.345044,0.9,1,,,,
6557,31,18,0.00000821,0.817345,0.75,0.9,,,,
6558,31,19,0.00000821,1.154027,0.7,0.8,,,,
6559,31,20,0.0000082,0.469475,0.9,0.95,,,,
6560,31,21,0.0000082,0.664479,0.8,0.9,,,,
6561,31,22,0.00000819,0.190968,0.9,1,,,,
6562,31,23,0.00000819,0.613777,0.75,0.9,,,,
6563,31,24,0.00000818,0.306415,0.95,0.95,,,,
6564,31,25,0.00000818,0.398567,0.85,1,,,,
6565,31,26,0.00000817,1.221482,0.65,0.85,,,,
6566,31,27,0.00000816,0.408036,0.95,0.95,,,,
6567,31,28,0.00000816,0.541207,0.85,0.95,,,,
6568,31,29,0.00000815,0.976149,0.85,0.95,,,,
6569,31,30,0.00000815,0.766908,0.8,0.9,,,,
6570,31,31,0.00000814,0.713134,0.8,0.95,,,,
6571,31,32,0.00000814,0.598282,0.85,0.9,,,,
6572,31,33,0.00000813,0.922799,0.7,0.95,,,,
6573,31,34,0.00000813,1.014621,0.75,0.85,,,,
6574,31,35,0.00000812,0.470396,0.85,0.95,,,,
6575,31,36,0.00000812,0.726862,0.9,0.95,,,,
6576,31,37,0.00000811,1.310643,0.6,0.75,,,,
6577,31,38,0.00000811,0.730996,0.8,0.9,,,,
6578,31,39,0.0000081,1.006283,0.75,0.8,,,,
6579,31,40,0.0000081,0.670448,0.8,0.95,,,,
6580,31,41,0.00000809,0.579498,0.8,0.95,,,,
6581,31,42,0.00000809,0.742728,0.8,0.95,,,,
6582,31,43,0.00000808,0.656145,0.85,0.95,,,,
6583,31,44,0.00000808,0.70123,0.8,0.8,,,,
6584,31,45,0.00000807,0.357265,0.9,0.95,,,,
6585,31,46,0.00000807,0.589082,0.8,0.95,,,,
6586,31,47,0.00000806,0.586567,0.85,0.95,,,,
6587,31,48,0.00000806,0.372029,0.95,0.95,,,,
6588,31,49,0.00000805,0.199375,0.95,1,,,,
6589,31,50,0.00000805,0.577831,0.85,0.95,,,,
6590,31,51,0.00000804,0.76824,0.8,0.9,,,,
6591,31,52,0.00000804,0.551261,0.9,0.9,,,,
6592,31,53,0.00000803,0.139145,0.95,1,,,,
6593,31,54,0.00000803,0.870668,0.85,0.9,,,,
6594,31,55,0.00000802,0.607123,0.85,0.9,,,,
6595,31,56,0.00000802,0.399418,0.9,0.95,,,,
6596,31,57,0.00000801,1.241014,0.65,0.85,,,,
6597,31,58,0.00000801,0.321009,0.9,0.95,,,,
6598,31,59,0.000008,0.464133,0.9,0.95,,,,
6599,31,60,0.000008,0.370672,0.9,1,,,,
6600,31,61,0.00000799,0.407814,0.9,0.95,,,,
6601,31,62,0.00000799,0.615687,0.75,0.95,,,,
6602,31,63,0.00000798,0.843613,0.8,0.85,,,,
6603,31,64,0.00000797,0.11748,1,1,,,,
6604,31,65,0.00000797,0.557828,0.85,0.95,,,,
6605,31,66,0.00000796,0.902906,0.75,0.85,,,,
6606,31,67,0.00000796,0.364744,0.85,1,,,,
6607,31,68,0.00000795,0.309166,0.95,1,,,,
6608,31,69,0.00000795,0.323423,0.95,0.95,,,,
6609,31,70,0.00000794,0.911619,0.85,0.9,,,,
6610,31,71,0.00000794,0.495757,0.85,0.9,,,,
6611,31,72,0.00000793,0.792619,0.75,0.9,,,,
6612,31,73,0.00000793,0.231218,0.9,1,,,,
6613,31,74,0.00000792,0.553244,0.9,0.9,,,,
6614,31,75,0.00000792,1.141006,0.75,0.8,,,,
6615,31,76,0.00000791,0.445618,0.85,0.95,,,,
6616,31,77,0.00000791,0.209447,0.95,1,,,,
6617,31,78,0.0000079,0.56045,0.85,0.9,,,,
6618,31,79,0.0000079,0.875238,0.7,0.95,,,,
6619,31,80,0.00000789,1.086946,0.75,0.8,,,,
6620,31,81,0.00000789,0.736399,0.85,0.9,,,,
6621,31,82,0.00000788,0.556891,0.85,0.95,,,,
6622,31,83,0.00000788,0.740039,0.8,0.9,,,,
6623,31,84,0.00000787,0.497184,0.85,0.9,,,,
6624,31,85,0.00000787,0.706604,0.75,1,,,,
6625,31,86,0.00000786,0.551122,0.85,0.95,,,,
6626,31,87,0.00000786,0.652346,0.85,0.9,,,,
6627,31,88,0.00000785,0.729451,0.85,0.85,,,,
6628,31,89,0.00000785,0.515583,0.9,0.95,,,,
6629,31,90,0.00000784,0.437699,0.9,0.95,,,,
6630,31,91,0.00000784,0.741922,0.8,0.9,,,,
6631,31,92,0.00000783,0.563857,0.8,1,,,,
6632,31,93,0.00000783,0.729568,0.75,0.85,,,,
6633,31,94,0.00000782,0.396655,0.9,0.9,,,,
6634,31,95,0.00000782,0.718545,0.8,1,,,,
6635,31,96,0.00000781,0.650477,0.85,0.9,,,,
6636,31,97,0.00000781,0.861203,0.75,0.85,,,,
6637,31,98,0.0000078,0.729827,0.85,0.9,,,,
6638,31,99,0.0000078,0.681989,0.8,0.95,,,,
6639,31,100,0.00000779,0.595086,0.85,0.9,,,,
6640,31,101,0.00000779,0.834929,0.85,0.9,,,,
6641,31,102,0.00000778,0.241424,0.95,1,,,,
6642,31,103,0.00000778,0.845337,0.75,0.9,,,,
6643,31,104,0.00000777,0.840528,0.85,0.9,,,,
6644,31,105,0.00000777,0.520387,0.85,0.95,,,,
6645,31,106,0.00000776,0.528692,0.9,0.9,,,,
6646,31,107,0.00000776,0.859349,0.8,0.85,,,,
6647,31,108,0.00000775,1.011065,0.65,0.9,,,,
6648,31,109,0.00000775,0.334428,0.95,1,,,,
6649,31,110,0.00000774,0.460616,0.85,0.95,,,,
6650,31,111,0.00000774,0.675759,0.85,0.95,,,,
6651,31,112,0.00000773,0.820569,0.7,0.85,,,,
6652,31,113,0.00000773,0.91146,0.75,0.9,,,,
6653,31,114,0.00000772,0.472966,0.9,0.9,,,,
6654,31,115,0.00000772,1.074358,0.75,0.9,,,,
6655,31,116,0.00000771,1.535846,0.6,0.7,,,,
6656,31,117,0.00000771,0.841506,0.7,0.9,,,,
6657,31,118,0.0000077,1.123636,0.8,0.9,,,,
6658,31,119,0.0000077,0.875749,0.9,0.9,,,,
6659,31,120,0.00000769,0.43459,0.9,0.95,,,,
6660,31,121,0.00000769,0.677058,0.85,0.95,,,,
6661,31,122,0.00000768,0.928093,0.7,0.9,,,,
6662,31,123,0.00000768,0.583504,0.9,0.9,,,,
6663,31,124,0.00000767,0.96533,0.75,0.85,,,,
6664,31,125,0.00000767,0.536108,0.9,0.95,,,,
6665,31,126,0.00000766,0.202886,0.95,1,,,,
6666,31,127,0.00000766,0.384098,1,1,,,,
6667,31,128,0.00000765,0.514032,0.85,0.95,,,,
6668,31,129,0.00000765,0.813197,0.85,0.9,,,,
6669,31,130,0.00000764,0.732556,0.75,0.95,,,,
6670,31,131,0.00000764,0.859126,0.8,0.9,,,,
6671,31,132,0.00000763,0.678452,0.8,0.9,,,,
6672,31,133,0.00000763,0.664384,0.8,0.95,,,,
6673,31,134,0.00000762,0.598393,0.85,0.95,,,,
6674,31,135,0.00000762,0.623313,0.8,0.95,,,,
6675,31,136,0.00000761,0.544179,0.9,0.9,,,,
6676,31,137,0.00000761,1.167605,0.7,0.8,,,,
6677,31,138,0.0000076,0.086249,1,1,,,,
6678,31,139,0.0000076,0.667236,0.85,0.95,,,,
6679,31,140,0.00000759,0.537792,0.8,0.9,,,,
6680,31,141,0.00000759,0.626048,0.85,0.85,,,,
6681,31,142,0.00000758,0.789372,0.75,0.9,,,,
6682,31,143,0.00000758,0.658691,0.8,0.85,,,,
6683,31,144,0.00000757,0.529542,0.95,0.95,,,,
6684,31,145,0.00000757,0.566203,0.9,0.95,,,,
6685,31,146,0.00000756,1.059795,0.7,0.8,,,,
6686,31,147,0.00000756,0.432062,0.9,0.95,,,,
6687,31,148,0.00000755,0.961495,0.7,0.85,,,,
6688,31,149,0.00000755,1.155237,0.65,0.8,,,,
6689,31,150,0.00000754,0.645742,0.85,0.9,,,,
6690,31,151,0.00000754,0.523118,0.85,0.95,,,,
6691,31,152,0.00000753,0.494846,0.9,0.95,,,,
6692,31,153,0.00000753,0.113907,1,1,,,,
6693,31,154,0.00000752,0.982951,0.6,0.9,,,,
6694,31,155,0.00000752,0.824624,0.8,0.95,,,,
6695,31,156,0.00000751,0.490286,0.9,0.95,,,,
6696,31,157,0.00000751,0.545595,0.8,1,,,,
6697,31,158,0.0000075,0.133008,1,1,,,,
6698,31,159,0.0000075,0.37757,0.85,1,,,,
6699,31,160,0.00000749,0.709217,0.75,0.95,,,,
6700,31,161,0.00000749,0.463575,0.95,0.95,,,,
6701,31,162,0.00000748,0.696269,0.8,0.9,,,,
6702,31,163,0.00000748,0.3173,0.95,0.95,,,,
6703,31,164,0.00000747,0.356892,0.95,0.95,,,,
6704,31,165,0.00000747,0.707961,0.85,0.9,,,,
6705,31,166,0.00000746,0.48998,0.9,0.9,,,,
6706,31,167,0.00000746,0.843923,0.9,0.9,,,,
6707,31,168,0.00000745,0.545537,0.9,0.9,,,,
6708,31,169,0.00000745,0.427329,0.9,0.9,,,,
6709,31,170,0.00000744,0.631184,0.85,0.85,,,,
6710,31,171,0.00000744,0.83509,0.85,0.95,,,,
6711,31,172,0.00000743,0.317615,0.95,0.95,,,,
6712,31,173,0.00000743,0.272644,0.95,0.95,,,,
6713,31,174,0.00000742,0.374223,0.9,0.95,,,,
6714,31,175,0.00000742,0.663253,0.85,0.9,,,,
6715,31,176,0.00000741,0.535933,0.9,0.95,,,,
6716,31,177,0.00000741,0.683335,0.85,0.95,,,,
6717,31,178,0.0000074,0.33073,0.9,0.95,,,,
6718,31,179,0.0000074,0.494537,0.85,0.95,,,,
6719,31,180,0.00000739,0.447798,0.9,0.95,,,,
6720,31,181,0.00000739,0.322285,0.95,0.95,,,,
6721,31,182,0.00000738,0.430009,0.9,0.95,,,,
6722,31,183,0.00000738,0.712384,0.9,0.95,,,,
6723,31,184,0.00000737,1.012361,0.7,0.85,,,,
6724,31,185,0.00000737,0.311723,0.95,0.95,,,,
6725,31,186,0.00000736,0.912734,0.75,0.9,,,,
6726,31,187,0.00000736,0.762886,0.75,0.9,,,,
6727,31,188,0.00000735,0.923486,0.75,0.9,,,,
6728,31,189,0.00000735,1.182773,0.6,0.95,,,,
6729,31,190,0.00000734,0.261562,0.9,1,,,,
6730,31,191,0.00000734,0.243416,1,1,,,,
6731,31,192,0.00000733,0.094353,1,1,,,,
6732,31,193,0.00000733,0.627766,0.85,0.9,,,,
6733,31,194,0.00000732,0.646562,0.8,0.9,,,,
6734,31,195,0.00000732,1.323485,0.7,0.85,,,,
6735,31,196,0.00000731,0.304325,0.9,1,,,,
6736,31,197,0.00000731,0.628365,0.85,0.95,,,,
6737,31,198,0.0000073,0.39467,0.85,0.95,,,,
6738,31,199,0.0000073,0.880447,0.75,0.85,,,,
6739,31,200,0.00000729,0.525746,0.85,1,,,,
6740,31,201,0.00000729,0.317214,0.9,1,,,,
6741,31,202,0.00000728,0.351772,0.95,0.95,,,,
6742,31,203,0.00000728,0.641416,0.85,0.95,,,,
6743,31,204,0.00000727,0.17812,1,1,,,,
6744,31,205,0.00000727,0.522522,0.85,0.9,,,,
6745,31,206,0.00000726,0.73628,0.8,0.9,,,,
6746,31,207,0.00000726,1.000291,0.7,0.85,,,,
6747,31,208,0.00000725,0.244975,0.95,1,,,,
6748,31,209,0.00000725,0.60141,0.85,0.9,,,,
6749,31,210,0.00000724,0.202884,0.95,1,,,,
6750,31,211,0.00000724,0.768825,0.65,0.9,,,,
6751,31,212,0.00000723,0.162049,0.95,1,,,,
6752,31,213,0.00000723,1.101936,0.7,0.8,,,,
6753,31,214,0.00000722,0.387896,0.85,0.95,,,,
6754,31,215,0.00000722,1.00787,0.75,0.85,,,,
6755,31,216,0.00000721,0.489794,0.9,0.95,,,,
6756,31,217,0.00000721,1.08253,0.75,0.8,,,,
6757,31,218,0.0000072,0.887783,0.8,0.8,,,,
6758,32,1,0.0000072,0.549667,0.85,0.95,,,,
6759,32,2,0.00000719,0.302533,0.95,0.95,,,,
6760,32,3,0.00000719,0.208934,0.95,1,,,,
6761,32,4,0.00000718,0.1902,0.95,1,,,,
6762,32,5,0.00000718,0.620597,0.8,0.9,,,,
6763,32,6,0.00000717,0.241523,0.9,1,,,,
6764,32,7,0.00000717,0.504364,0.8,0.95,,,,
6765,32,8,0.00000716,0.653618,0.8,0.95,,,,
6766,32,9,0.00000716,0.531464,0.85,0.95,,,,
6767,32,10,0.00000715,0.572057,0.85,0.95,,,,
6768,32,11,0.00000715,1.253219,0.65,0.75,,,,
6769,32,12,0.00000714,0.100882,0.95,1,,,,
6770,32,13,0.00000714,0.495118,0.85,0.95,,,,
6771,32,14,0.00000713,0.703452,0.85,0.9,,,,
6772,32,15,0.00000713,0.553906,0.9,0.95,,,,
6773,32,16,0.00000712,0.996405,0.7,0.9,,,,
6774,32,17,0.00000712,0.518147,0.85,0.9,,,,
6775,32,18,0.00000711,0.723346,0.85,0.95,,,,
6776,32,19,0.00000711,0.503069,0.85,0.9,,,,
6777,32,20,0.00000711,0.483623,0.85,0.95,,,,
6778,32,21,0.0000071,0.552285,0.85,1,,,,
6779,32,22,0.0000071,0.686558,0.8,0.95,,,,
6780,32,23,0.00000709,0.771507,0.7,0.95,,,,
6781,32,24,0.00000709,0.585812,0.9,1,,,,
6782,32,25,0.00000708,0.492678,0.85,0.95,,,,
6783,32,26,0.00000708,0.547695,0.85,0.95,,,,
6784,32,27,0.00000707,0.273139,0.95,1,,,,
6785,32,28,0.00000707,0.8975,0.8,0.85,,,,
6786,32,29,0.00000706,1.082989,0.7,0.9,,,,
6787,32,30,0.00000706,0.673872,0.8,0.9,,,,
6788,32,31,0.00000705,0.871189,0.8,0.9,,,,
6789,32,32,0.00000705,0.68968,0.85,0.9,,,,
6790,32,33,0.00000704,0.64918,0.8,0.9,,,,
6791,32,34,0.00000704,0.325061,0.9,1,,,,
6792,32,35,0.00000703,0.828025,0.8,0.9,,,,
6793,32,36,0.00000703,0.901923,0.7,0.9,,,,
6794,32,37,0.00000702,0.546144,0.85,0.9,,,,
6795,32,38,0.00000702,1.198566,0.75,0.85,,,,
6796,32,39,0.00000701,0.85755,0.85,0.9,,,,
6797,32,40,0.00000701,0.718117,0.75,0.95,,,,
6798,32,41,0.000007,0.508918,0.9,0.9,,,,
6799,32,42,0.000007,0.738136,0.8,0.95,,,,
6800,32,43,0.00000699,0.189674,0.95,1,,,,
6801,32,44,0.00000699,0.595491,0.85,0.9,,,,
6802,32,45,0.00000698,0.345181,0.85,1,,,,
6803,32,46,0.00000698,0.813638,0.75,0.95,,,,
6804,32,47,0.00000697,0.806142,0.8,0.85,,,,
6805,32,48,0.00000697,0.605697,0.85,0.95,,,,
6806,32,49,0.00000696,0.484197,0.9,0.95,,,,
6807,32,50,0.00000696,0.631438,0.8,0.85,,,,
6808,32,51,0.00000695,0.995741,0.8,0.9,,,,
6809,32,52,0.00000695,0.524753,0.9,0.95,,,,
6810,32,53,0.00000694,0.228487,0.95,1,,,,
6811,32,54,0.00000694,0.4934,0.85,1,,,,
6812,32,55,0.00000693,0.276835,0.9,1,,,,
6813,32,56,0.00000693,0.451387,0.9,0.9,,,,
6814,32,57,0.00000693,1.269971,0.65,0.8,,,,
6815,32,58,0.00000692,0.869103,0.75,0.9,,,,
6816,32,59,0.00000692,0.398986,0.9,0.95,,,,
6817,32,60,0.00000691,0.323513,0.85,1,,,,
6818,32,61,0.00000691,0.631589,0.9,0.95,,,,
6819,32,62,0.0000069,0.372772,0.9,0.95,,,,
6820,32,63,0.0000069,0.535301,0.85,0.95,,,,
6821,32,64,0.00000689,0.530853,0.8,1,,,,
6822,32,65,0.00000689,1.014143,0.65,0.9,,,,
6823,32,66,0.00000688,0.279489,0.9,1,,,,
6824,32,67,0.00000688,0.816121,0.9,0.9,,,,
6825,32,68,0.00000687,0.55471,0.8,0.95,,,,
6826,32,69,0.00000687,0.908243,0.8,0.85,,,,
6827,32,70,0.00000686,0.743109,0.8,0.9,,,,
6828,32,71,0.00000686,0.536443,0.85,0.9,,,,
6829,32,72,0.00000685,0.379713,0.95,0.95,,,,
6830,32,73,0.00000685,0.188231,0.95,1,,,,
6831,32,74,0.00000684,0.79828,0.85,0.85,,,,
6832,32,75,0.00000684,0.829339,0.85,0.95,,,,
6833,32,76,0.00000683,0.480723,0.9,0.95,,,,
6834,32,77,0.00000683,0.794154,0.8,1,,,,
6835,32,78,0.00000682,0.401671,0.85,0.95,,,,
6836,32,79,0.00000682,0.489668,0.85,0.95,,,,
6837,32,80,0.00000681,0.510866,0.85,1,,,,
6838,32,81,0.00000681,1.163864,0.65,0.85,,,,
6839,32,82,0.0000068,0.73932,0.75,0.9,,,,
6840,32,83,0.0000068,0.488224,0.85,0.9,,,,
6841,32,84,0.0000068,0.109146,1,1,,,,
6842,32,85,0.00000679,0.355849,0.85,1,,,,
6843,32,86,0.00000679,0.276739,0.95,0.95,,,,
6844,32,87,0.00000678,0.734678,0.8,0.95,,,,
6845,32,88,0.00000678,0.630533,0.8,0.9,,,,
6846,32,89,0.00000677,0.598874,0.85,0.9,,,,
6847,32,90,0.00000677,0.384059,0.9,1,,,,
6848,32,91,0.00000676,1.226901,0.7,0.8,,,,
6849,32,92,0.00000676,0.708955,0.8,0.9,,,,
6850,32,93,0.00000675,0.211014,0.95,1,,,,
6851,32,94,0.00000675,0.948954,0.75,0.9,,,,
6852,32,95,0.00000674,0.279262,0.9,1,,,,
6853,32,96,0.00000674,0.705687,0.8,0.85,,,,
6854,32,97,0.00000673,0.941622,0.85,0.9,,,,
6855,32,98,0.00000673,0.58361,0.9,0.95,,,,
6856,32,99,0.00000672,0.660975,0.85,0.9,,,,
6857,32,100,0.00000672,0.592944,0.9,0.95,,,,
6858,32,101,0.00000671,0.672191,0.85,0.95,,,,
6859,32,102,0.00000671,0.210082,0.95,1,,,,
6860,32,103,0.0000067,0.323574,0.85,0.95,,,,
6861,32,104,0.0000067,0.470616,0.8,0.95,,,,
6862,32,105,0.00000669,0.259841,0.95,1,,,,
6863,32,106,0.00000669,0.780897,0.8,0.9,,,,
6864,32,107,0.00000668,0.489187,0.85,0.95,,,,
6865,32,108,0.00000668,0.437095,0.9,0.95,,,,
6866,32,109,0.00000668,0.848285,0.85,0.85,,,,
6867,32,110,0.00000667,0.446066,0.9,0.9,,,,
6868,32,111,0.00000667,0.695137,0.8,0.95,,,,
6869,32,112,0.00000666,1.142886,0.7,0.85,,,,
6870,32,113,0.00000666,0.517758,0.8,0.95,,,,
6871,32,114,0.00000665,0.544156,0.85,0.95,,,,
6872,32,115,0.00000665,0.666837,0.85,0.9,,,,
6873,32,116,0.00000664,0.372768,0.9,0.95,,,,
6874,32,117,0.00000664,0.573568,0.75,0.95,,,,
6875,32,118,0.00000663,1.376367,0.55,0.7,,,,
6876,32,119,0.00000663,0.915477,0.7,0.95,,,,
6877,32,120,0.00000662,0.737161,0.8,0.95,,,,
6878,32,121,0.00000662,0.561272,0.85,0.9,,,,
6879,32,122,0.00000661,0.768415,0.85,0.85,,,,
6880,32,123,0.00000661,0.846954,0.8,0.9,,,,
6881,32,124,0.0000066,0.378335,0.95,1,,,,
6882,32,125,0.0000066,0.771582,0.8,0.85,,,,
6883,32,126,0.00000659,0.422428,0.85,0.95,,,,
6884,32,127,0.00000659,0.56547,0.95,0.95,,,,
6885,32,128,0.00000659,0.328207,0.9,1,,,,
6886,32,129,0.00000658,0.442963,0.9,0.95,,,,
6887,32,130,0.00000658,0.062109,1,1,,,,
6888,32,131,0.00000657,0.776452,0.7,0.9,,,,
6889,32,132,0.00000657,0.788882,0.8,0.9,,,,
6890,32,133,0.00000656,0.295254,0.9,1,,,,
6891,32,134,0.00000656,1.060922,0.7,0.85,,,,
6892,32,135,0.00000655,0.565011,0.9,0.9,,,,
6893,32,136,0.00000655,0.895101,0.7,0.95,,,,
6894,32,137,0.00000654,0.345623,0.95,0.95,,,,
6895,32,138,0.00000654,0.630987,0.85,0.9,,,,
6896,32,139,0.00000653,0.270062,0.95,0.95,,,,
6897,32,140,0.00000653,0.569688,0.85,0.95,,,,
6898,32,141,0.00000652,0.250801,0.95,0.95,,,,
6899,32,142,0.00000652,0.547806,0.85,0.95,,,,
6900,32,143,0.00000651,0.750445,0.8,0.95,,,,
6901,32,144,0.00000651,0.767702,0.85,0.9,,,,
6902,32,145,0.0000065,0.197499,0.95,1,,,,
6903,32,146,0.0000065,0.517364,0.9,0.95,,,,
6904,32,147,0.0000065,1.140901,0.7,0.9,,,,
6905,32,148,0.00000649,0.705515,0.8,0.95,,,,
6906,32,149,0.00000649,0.805318,0.85,0.9,,,,
6907,32,150,0.00000648,0.873711,0.8,0.85,,,,
6908,32,151,0.00000648,0.774725,0.8,0.9,,,,
6909,32,152,0.00000647,1.282533,0.6,0.85,,,,
6910,32,153,0.00000647,0.958931,0.8,0.9,,,,
6911,32,154,0.00000646,0.850064,0.8,0.85,,,,
6912,32,155,0.00000646,0.180398,0.95,1,,,,
6913,32,156,0.00000645,1.470634,0.65,0.7,,,,
6914,32,157,0.00000645,0.525157,0.8,0.95,,,,
6915,32,158,0.00000644,0.515999,0.85,0.95,,,,
6916,32,159,0.00000644,0.401382,0.9,0.9,,,,
6917,32,160,0.00000643,0.326408,0.95,1,,,,
6918,32,161,0.00000643,0.445024,0.9,0.95,,,,
6919,32,162,0.00000642,0.366942,0.9,1,,,,
6920,32,163,0.00000642,0.721389,0.85,0.9,,,,
6921,32,164,0.00000642,0.596862,0.85,0.9,,,,
6922,32,165,0.00000641,0.593351,0.85,0.9,,,,
6923,32,166,0.00000641,0.611673,0.9,0.9,,,,
6924,32,167,0.0000064,0.177377,0.95,1,,,,
6925,32,168,0.0000064,0.633444,0.8,0.95,,,,
6926,32,169,0.00000639,0.398922,0.85,0.95,,,,
6927,32,170,0.00000639,0.4795,0.95,0.95,,,,
6928,32,171,0.00000638,0.762628,0.85,0.85,,,,
6929,32,172,0.00000638,0.30307,0.95,1,,,,
6930,32,173,0.00000637,0.858699,0.8,0.85,,,,
6931,32,174,0.00000637,0.517401,0.9,0.95,,,,
6932,32,175,0.00000636,0.440511,0.9,0.95,,,,
6933,32,176,0.00000636,0.697179,0.8,0.9,,,,
6934,32,177,0.00000635,0.574561,0.85,0.95,,,,
6935,32,178,0.00000635,0.725978,0.85,0.9,,,,
6936,32,179,0.00000635,0.734733,0.7,1,,,,
6937,32,180,0.00000634,0.360824,0.9,0.95,,,,
6938,32,181,0.00000634,0.37964,0.85,1,,,,
6939,32,182,0.00000633,0.704086,0.85,0.9,,,,
6940,32,183,0.00000633,0.698224,0.9,0.95,,,,
6941,32,184,0.00000632,0.218085,0.95,1,,,,
6942,32,185,0.00000632,0.503428,0.85,0.95,,,,
6943,32,186,0.00000631,0.45278,0.9,0.95,,,,
6944,32,187,0.00000631,0.87894,0.75,0.85,,,,
6945,32,188,0.0000063,0.368053,0.95,0.95,,,,
6946,32,189,0.0000063,0.56939,0.85,0.95,,,,
6947,32,190,0.00000629,1.334322,0.75,0.75,,,,
6948,32,191,0.00000629,0.485707,0.85,0.95,,,,
6949,32,192,0.00000628,0.784076,0.8,0.95,,,,
6950,32,193,0.00000628,0.443963,0.85,0.95,,,,
6951,32,194,0.00000628,0.852992,0.8,0.9,,,,
6952,32,195,0.00000627,0.234194,0.95,1,,,,
6953,32,196,0.00000627,0.397948,0.85,0.95,,,,
6954,32,197,0.00000626,0.305679,0.9,1,,,,
6955,32,198,0.00000626,0.493245,0.9,0.9,,,,
6956,32,199,0.00000625,0.800111,0.75,0.95,,,,
6957,32,200,0.00000625,0.137083,1,1,,,,
6958,32,201,0.00000624,0.253339,0.9,1,,,,
6959,32,202,0.00000624,0.138426,0.95,1,,,,
6960,32,203,0.00000623,0.150211,0.95,1,,,,
6961,32,204,0.00000623,0.585573,0.85,0.95,,,,
6962,32,205,0.00000622,0.630947,0.8,1,,,,
6963,32,206,0.00000622,0.415435,0.85,1,,,,
6964,32,207,0.00000621,0.551243,0.95,0.95,,,,
6965,32,208,0.00000621,0.580063,0.85,0.95,,,,
6966,32,209,0.00000621,0.342024,0.9,1,,,,
6967,32,210,0.0000062,0.577921,0.9,0.95,,,,
6968,32,211,0.0000062,0.862764,0.75,0.95,,,,
6969,32,212,0.00000619,0.291737,0.95,0.95,,,,
6970,32,213,0.00000619,0.693687,0.8,0.95,,,,
6971,32,214,0.00000618,0.712744,0.9,0.95,,,,
6972,32,215,0.00000618,0.613683,0.85,0.95,,,,
6973,32,216,0.00000617,0.492062,0.85,0.95,,,,
6974,32,217,0.00000617,0.759856,0.8,0.85,,,,
6975,32,218,0.00000616,0.864912,0.75,0.95,,,,
6976,33,1,0.00000616,0.245475,0.95,0.95,,,,
6977,33,2,0.00000615,0.478896,0.85,1,,,,
6978,33,3,0.00000615,1.140753,0.75,0.85,,,,
6979,33,4,0.00000615,0.769026,0.7,0.95,,,,
6980,33,5,0.00000614,0.521299,0.9,0.95,,,,
6981,33,6,0.00000614,0.612263,0.85,0.9,,,,
6982,33,7,0.00000613,0.606005,0.9,0.9,,,,
6983,33,8,0.00000613,0.597383,0.9,0.95,,,,
6984,33,9,0.00000612,0.369196,0.95,0.95,,,,
6985,33,10,0.00000612,0.383625,0.9,0.95,,,,
6986,33,11,0.00000611,0.457922,0.95,0.95,,,,
6987,33,12,0.00000611,0.322332,0.9,0.95,,,,
6988,33,13,0.0000061,0.562577,0.85,0.85,,,,
6989,33,14,0.0000061,0.419675,0.95,0.95,,,,
6990,33,15,0.00000609,0.567995,0.85,0.95,,,,
6991,33,16,0.00000609,0.841225,0.8,0.9,,,,
6992,33,17,0.00000609,0.210094,0.9,1,,,,
6993,33,18,0.00000608,0.256898,0.9,1,,,,
6994,33,19,0.00000608,1.167992,0.7,0.85,,,,
6995,33,20,0.00000607,0.568721,0.9,0.9,,,,
6996,33,21,0.00000607,0.264868,0.95,0.95,,,,
6997,33,22,0.00000606,0.224057,0.95,1,,,,
6998,33,23,0.00000606,0.525491,0.8,1,,,,
6999,33,24,0.00000605,0.168606,0.95,1,,,,
7000,33,25,0.00000605,0.670332,0.8,0.85,,,,
7001,33,26,0.00000604,0.352537,0.95,1,,,,
7002,33,27,0.00000604,0.530544,0.85,0.95,,,,
7003,33,28,0.00000604,0.445628,0.9,0.9,,,,
7004,33,29,0.00000603,0.709682,0.85,0.9,,,,
7005,33,30,0.00000603,0.528275,0.85,0.95,,,,
7006,33,31,0.00000602,0.686598,0.75,0.95,,,,
7007,33,32,0.00000602,0.600757,0.9,0.9,,,,
7008,33,33,0.00000601,0.58938,0.8,0.9,,,,
7009,33,34,0.00000601,0.636639,0.9,0.9,,,,
7010,33,35,0.000006,0.750363,0.8,0.9,,,,
7011,33,36,0.000006,0.615637,0.85,0.9,,,,
7012,33,37,0.00000599,0.83335,0.75,0.95,,,,
7013,33,38,0.00000599,0.567639,0.85,0.95,,,,
7014,33,39,0.00000599,0.629227,0.85,0.95,,,,
7015,33,40,0.00000598,0.640604,0.85,0.9,,,,
7016,33,41,0.00000598,0.480017,0.85,0.95,,,,
7017,33,42,0.00000597,0.341785,0.85,1,,,,
7018,33,43,0.00000597,0.705845,0.8,0.9,,,,
7019,33,44,0.00000596,0.308846,0.9,1,,,,
7020,33,45,0.00000596,0.327181,0.9,1,,,,
7021,33,46,0.00000595,1.074839,0.65,0.85,,,,
7022,33,47,0.00000595,0.780941,0.8,0.9,,,,
7023,33,48,0.00000594,0.542053,0.85,0.95,,,,
7024,33,49,0.00000594,0.574767,0.85,0.95,,,,
7025,33,50,0.00000593,0.580172,0.9,0.95,,,,
7026,33,51,0.00000593,0.433074,0.85,0.95,,,,
7027,33,52,0.00000593,0.646505,0.8,0.9,,,,
7028,33,53,0.00000592,0.185711,0.95,0.95,,,,
7029,33,54,0.00000592,0.387877,0.95,1,,,,
7030,33,55,0.00000591,0.688779,0.9,0.9,,,,
7031,33,56,0.00000591,0.54093,0.9,0.95,,,,
7032,33,57,0.0000059,0.672071,0.8,0.9,,,,
7033,33,58,0.0000059,0.980742,0.8,0.85,,,,
7034,33,59,0.00000589,0.332793,0.95,0.95,,,,
7035,33,60,0.00000589,0.774126,0.8,0.9,,,,
7036,33,61,0.00000589,0.86982,0.8,0.85,,,,
7037,33,62,0.00000588,0.933761,0.7,0.95,,,,
7038,33,63,0.00000588,0.128447,1,1,,,,
7039,33,64,0.00000587,0.562535,0.9,0.95,,,,
7040,33,65,0.00000587,0.302017,0.85,1,,,,
7041,33,66,0.00000586,0.490127,0.85,1,,,,
7042,33,67,0.00000586,0.480843,0.85,0.95,,,,
7043,33,68,0.00000585,0.422104,0.9,1,,,,
7044,33,69,0.00000585,0.647031,0.85,0.95,,,,
7045,33,70,0.00000584,0.755611,0.85,0.9,,,,
7046,33,71,0.00000584,0.538001,0.85,0.95,,,,
7047,33,72,0.00000584,0.272212,0.95,1,,,,
7048,33,73,0.00000583,0.937483,0.7,0.9,,,,
7049,33,74,0.00000583,0.093295,1,1,,,,
7050,33,75,0.00000582,0.630606,0.85,0.95,,,,
7051,33,76,0.00000582,0.317979,0.9,0.95,,,,
7052,33,77,0.00000581,0.578437,0.75,0.95,,,,
7053,33,78,0.00000581,0.202441,0.95,1,,,,
7054,33,79,0.0000058,0.470444,0.85,0.95,,,,
7055,33,80,0.0000058,0.802626,0.85,0.85,,,,
7056,33,81,0.00000579,0.796595,0.8,0.95,,,,
7057,33,82,0.00000579,0.753455,0.7,0.95,,,,
7058,33,83,0.00000579,0.126686,1,1,,,,
7059,33,84,0.00000578,0.786345,0.75,0.9,,,,
7060,33,85,0.00000578,0.32608,0.9,0.95,,,,
7061,33,86,0.00000577,0.288535,0.95,1,,,,
7062,33,87,0.00000577,0.914379,0.8,0.9,,,,
7063,33,88,0.00000576,0.57095,0.85,0.95,,,,
7064,33,89,0.00000576,0.523736,0.9,0.95,,,,
7065,33,90,0.00000575,0.826417,0.75,0.8,,,,
7066,33,91,0.00000575,0.736976,0.85,0.9,,,,
7067,33,92,0.00000575,0.597086,0.9,0.9,,,,
7068,33,93,0.00000574,0.912355,0.8,0.9,,,,
7069,33,94,0.00000574,0.346325,0.9,0.95,,,,
7070,33,95,0.00000573,0.484473,0.85,0.95,,,,
7071,33,96,0.00000573,0.352237,0.95,0.95,,,,
7072,33,97,0.00000572,0.461615,0.85,0.95,,,,
7073,33,98,0.00000572,0.454784,0.8,1,,,,
7074,33,99,0.00000571,0.455917,0.85,0.95,,,,
7075,33,100,0.00000571,0.335785,0.9,0.95,,,,
7076,33,101,0.00000571,0.315609,0.85,1,,,,
7077,33,102,0.0000057,0.238694,0.95,1,,,,
7078,33,103,0.0000057,0.422666,0.9,0.95,,,,
7079,33,104,0.00000569,0.048868,1,1,,,,
7080,33,105,0.00000569,1.056082,0.7,0.95,,,,
7081,33,106,0.00000568,0.624353,0.85,0.9,,,,
7082,33,107,0.00000568,0.397794,0.85,0.95,,,,
7083,33,108,0.00000567,1.202677,0.75,0.8,,,,
7084,33,109,0.00000567,0.542761,0.85,0.95,,,,
7085,33,110,0.00000566,0.690982,0.85,0.95,,,,
7086,33,111,0.00000566,0.509747,0.85,0.95,,,,
7087,33,112,0.00000566,0.267307,0.95,1,,,,
7088,33,113,0.00000565,0.923341,0.8,0.9,,,,
7089,33,114,0.00000565,0.670662,0.8,0.9,,,,
7090,33,115,0.00000564,0.484049,0.9,0.95,,,,
7091,33,116,0.00000564,0.480147,0.9,1,,,,
7092,33,117,0.00000563,0.838161,0.85,0.85,,,,
7093,33,118,0.00000563,0.060928,1,1,,,,
7094,33,119,0.00000562,0.794685,0.8,0.9,,,,
7095,33,120,0.00000562,0.598471,0.8,1,,,,
7096,33,121,0.00000562,0.657674,0.85,0.95,,,,
7097,33,122,0.00000561,0.75138,0.9,0.9,,,,
7098,33,123,0.00000561,0.240955,0.95,1,,,,
7099,33,124,0.0000056,0.413386,0.9,0.9,,,,
7100,33,125,0.0000056,0.42133,0.85,1,,,,
7101,33,126,0.00000559,0.912196,0.75,0.85,,,,
7102,33,127,0.00000559,0.611933,0.85,0.95,,,,
7103,33,128,0.00000558,0.107435,1,1,,,,
7104,33,129,0.00000558,0.369902,0.9,1,,,,
7105,33,130,0.00000558,0.320772,0.95,1,,,,
7106,33,131,0.00000557,0.786157,0.8,0.9,,,,
7107,33,132,0.00000557,0.913966,0.75,0.95,,,,
7108,33,133,0.00000556,0.418087,0.9,0.95,,,,
7109,33,134,0.00000556,0.681061,0.8,0.95,,,,
7110,33,135,0.00000555,0.453619,0.85,1,,,,
7111,33,136,0.00000555,0.749345,0.8,0.9,,,,
7112,33,137,0.00000554,0.51166,0.85,0.95,,,,
7113,33,138,0.00000554,0.960542,0.8,0.85,,,,
7114,33,139,0.00000554,0.350199,0.95,0.95,,,,
7115,33,140,0.00000553,0.604057,0.9,0.95,,,,
7116,33,141,0.00000553,0.597018,0.8,0.95,,,,
7117,33,142,0.00000552,0.956049,0.75,0.9,,,,
7118,33,143,0.00000552,0.814793,0.85,0.9,,,,
7119,33,144,0.00000551,0.837172,0.75,0.85,,,,
7120,33,145,0.00000551,0.159612,0.95,1,,,,
7121,33,146,0.00000551,0.521847,0.9,0.9,,,,
7122,33,147,0.0000055,0.717201,0.8,0.85,,,,
7123,33,148,0.0000055,0.140545,0.95,1,,,,
7124,33,149,0.00000549,0.818601,0.8,0.9,,,,
7125,33,150,0.00000549,0.122384,1,1,,,,
7126,33,151,0.00000548,0.619872,0.85,0.95,,,,
7127,33,152,0.00000548,0.733791,0.85,0.95,,,,
7128,33,153,0.00000547,0.359701,0.9,1,,,,
7129,33,154,0.00000547,0.776969,0.85,0.95,,,,
7130,33,155,0.00000547,0.58075,0.9,0.9,,,,
7131,33,156,0.00000546,0.950102,0.8,0.95,,,,
7132,33,157,0.00000546,0.442841,0.85,0.95,,,,
7133,33,158,0.00000545,0.390974,0.9,0.95,,,,
7134,33,159,0.00000545,0.767224,0.85,0.85,,,,
7135,33,160,0.00000544,0.177557,0.95,1,,,,
7136,33,161,0.00000544,0.310799,0.95,0.95,,,,
7137,33,162,0.00000543,0.518449,0.85,0.95,,,,
7138,33,163,0.00000543,0.857544,0.7,0.9,,,,
7139,33,164,0.00000543,0.19772,0.95,1,,,,
7140,33,165,0.00000542,0.629797,0.9,0.9,,,,
7141,33,166,0.00000542,0.428729,0.9,0.95,,,,
7142,33,167,0.00000541,1.293469,0.7,0.8,,,,
7143,33,168,0.00000541,0.38566,0.85,0.95,,,,
7144,33,169,0.0000054,0.833738,0.65,0.85,,,,
7145,33,170,0.0000054,0.551003,0.9,0.95,,,,
7146,33,171,0.0000054,0.790913,0.8,0.9,,,,
7147,33,172,0.00000539,0.505347,0.9,1,,,,
7148,33,173,0.00000539,0.903197,0.7,0.9,,,,
7149,33,174,0.00000538,0.457995,0.85,1,,,,
7150,33,175,0.00000538,0.764662,0.75,0.85,,,,
7151,33,176,0.00000537,0.182106,1,1,,,,
7152,33,177,0.00000537,0.892626,0.7,0.95,,,,
7153,33,178,0.00000537,0.343759,0.95,0.95,,,,
7154,33,179,0.00000536,0.389656,0.9,1,,,,
7155,33,180,0.00000536,0.623521,0.9,0.9,,,,
7156,33,181,0.00000535,0.54887,0.85,1,,,,
7157,33,182,0.00000535,0.542666,0.9,0.95,,,,
7158,33,183,0.00000534,0.57508,0.9,0.95,,,,
7159,33,184,0.00000534,0.51687,0.85,0.95,,,,
7160,33,185,0.00000533,0.737539,0.8,0.9,,,,
7161,33,186,0.00000533,0.891418,0.8,0.9,,,,
7162,33,187,0.00000533,0.877392,0.75,0.8,,,,
7163,33,188,0.00000532,1.283467,0.6,0.85,,,,
7164,33,189,0.00000532,1.169511,0.7,0.9,,,,
7165,33,190,0.00000531,1.205173,0.7,0.8,,,,
7166,33,191,0.00000531,0.656919,0.85,0.9,,,,
7167,33,192,0.0000053,0.974522,0.8,0.85,,,,
7168,33,193,0.0000053,0.296179,0.95,1,,,,
7169,33,194,0.0000053,0.576757,0.8,0.95,,,,
7170,33,195,0.00000529,0.797334,0.75,0.9,,,,
7171,33,196,0.00000529,0.734125,0.75,0.95,,,,
7172,33,197,0.00000528,0.362968,0.9,0.95,,,,
7173,33,198,0.00000528,0.895276,0.75,0.8,,,,
7174,33,199,0.00000527,0.595067,0.85,0.9,,,,
7175,33,200,0.00000527,0.908759,0.7,0.85,,,,
7176,33,201,0.00000527,0.817447,0.75,0.9,,,,
7177,33,202,0.00000526,0.512396,0.85,0.95,,,,
7178,33,203,0.00000526,0.399379,0.85,0.95,,,,
7179,33,204,0.00000525,0.500741,0.85,0.95,,,,
7180,33,205,0.00000525,1.539041,0.6,0.75,,,,
7181,33,206,0.00000524,0.230636,0.95,1,,,,
7182,33,207,0.00000524,0.515342,0.85,0.95,,,,
7183,33,208,0.00000524,1.024333,0.75,0.85,,,,
7184,33,209,0.00000523,1.015073,0.8,0.85,,,,
7185,33,210,0.00000523,0.830787,0.75,0.85,,,,
7186,33,211,0.00000522,0.678182,0.85,0.9,,,,
7187,33,212,0.00000522,0.500845,0.85,0.95,,,,
7188,33,213,0.00000521,0.372669,0.85,1,,,,
7189,33,214,0.00000521,0.702052,0.8,0.9,,,,
7190,33,215,0.0000052,0.452632,0.9,0.9,,,,
7191,33,216,0.0000052,0.948901,0.7,0.85,,,,
7192,33,217,0.0000052,1.086004,0.75,0.85,,,,
7193,33,218,0.00000519,0.335478,0.95,0.95,,,,
7194,34,1,0.00000519,0.211596,0.95,1,,,,
7195,34,2,0.00000518,0.385295,0.85,1,,,,
7196,34,3,0.00000518,0.787985,0.8,0.95,,,,
7197,34,4,0.00000517,0.550915,0.85,0.95,,,,
7198,34,5,0.00000517,0.565754,0.85,1,,,,
7199,34,6,0.00000517,0.439605,0.85,1,,,,
7200,34,7,0.00000516,0.708397,0.85,0.9,,,,
7201,34,8,0.00000516,0.714887,0.75,0.9,,,,
7202,34,9,0.00000515,0.676669,0.8,0.95,,,,
7203,34,10,0.00000515,0.584588,0.85,0.9,,,,
7204,34,11,0.00000514,0.690853,0.8,0.95,,,,
7205,34,12,0.00000514,0.81247,0.75,0.9,,,,
7206,34,13,0.00000514,1.226845,0.65,0.8,,,,
7207,34,14,0.00000513,0.353771,0.9,1,,,,
7208,34,15,0.00000513,0.348189,0.9,0.95,,,,
7209,34,16,0.00000512,0.719382,0.8,0.95,,,,
7210,34,17,0.00000512,0.358472,0.9,1,,,,
7211,34,18,0.00000511,0.647445,0.8,0.9,,,,
7212,34,19,0.00000511,0.943531,0.75,0.85,,,,
7213,34,20,0.00000511,0.596924,0.9,0.95,,,,
7214,34,21,0.0000051,1.022175,0.75,0.85,,,,
7215,34,22,0.0000051,0.675025,0.8,0.95,,,,
7216,34,23,0.00000509,0.496456,0.85,0.9,,,,
7217,34,24,0.00000509,0.744499,0.85,0.85,,,,
7218,34,25,0.00000509,0.297995,0.85,1,,,,
7219,34,26,0.00000508,0.362544,0.9,0.95,,,,
7220,34,27,0.00000508,0.708282,0.9,0.95,,,,
7221,34,28,0.00000507,0.084744,1,1,,,,
7222,34,29,0.00000507,0.485114,0.85,0.95,,,,
7223,34,30,0.00000506,0.588226,0.9,0.95,,,,
7224,34,31,0.00000506,0.594984,0.85,1,,,,
7225,34,32,0.00000506,0.685031,0.85,0.95,,,,
7226,34,33,0.00000505,1.027544,0.75,0.9,,,,
7227,34,34,0.00000505,1.101237,0.65,0.85,,,,
7228,34,35,0.00000504,1.052113,0.7,0.85,,,,
7229,34,36,0.00000504,0.495945,0.85,0.95,,,,
7230,34,37,0.00000503,0.200559,0.95,1,,,,
7231,34,38,0.00000503,0.66843,0.85,0.9,,,,
7232,34,39,0.00000503,1.230766,0.75,0.75,,,,
7233,34,40,0.00000502,0.9476,0.75,0.85,,,,
7234,34,41,0.00000502,0.572512,0.85,0.95,,,,
7235,34,42,0.00000501,0.42637,0.95,0.95,,,,
7236,34,43,0.00000501,0.653401,0.85,0.9,,,,
7237,34,44,0.000005,0.478495,0.95,0.95,,,,
7238,34,45,0.000005,0.556391,0.8,0.95,,,,
7239,34,46,0.000005,0.868343,0.75,0.85,,,,
7240,34,47,0.00000499,0.515428,0.9,0.95,,,,
7241,34,48,0.00000499,0.883348,0.7,0.95,,,,
7242,34,49,0.00000498,0.347426,1,1,,,,
7243,34,50,0.00000498,0.892844,0.8,0.85,,,,
7244,34,51,0.00000497,0.838992,0.85,0.85,,,,
7245,34,52,0.00000497,0.63321,0.85,0.9,,,,
7246,34,53,0.00000497,0.616146,0.8,1,,,,
7247,34,54,0.00000496,0.340196,0.9,0.95,,,,
7248,34,55,0.00000496,0.667756,0.85,0.85,,,,
7249,34,56,0.00000495,0.536322,0.85,1,,,,
7250,34,57,0.00000495,0.154898,1,1,,,,
7251,34,58,0.00000495,1.141851,0.65,0.85,,,,
7252,34,59,0.00000494,0.381421,0.9,0.95,,,,
7253,34,60,0.00000494,0.312044,0.95,1,,,,
7254,34,61,0.00000493,0.134867,1,1,,,,
7255,34,62,0.00000493,0.963378,0.75,0.8,,,,
7256,34,63,0.00000492,0.858378,0.8,0.9,,,,
7257,34,64,0.00000492,0.783038,0.75,0.95,,,,
7258,34,65,0.00000492,0.79585,0.8,0.85,,,,
7259,34,66,0.00000491,0.815362,0.8,0.85,,,,
7260,34,67,0.00000491,0.867682,0.8,0.9,,,,
7261,34,68,0.0000049,0.576088,0.8,0.95,,,,
7262,34,69,0.0000049,0.310408,0.95,1,,,,
7263,34,70,0.00000489,0.683912,0.85,0.95,,,,
7264,34,71,0.00000489,0.217751,0.95,1,,,,
7265,34,72,0.00000489,0.558265,0.8,0.95,,,,
7266,34,73,0.00000488,0.231705,0.95,1,,,,
7267,34,74,0.00000488,0.532801,0.9,0.95,,,,
7268,34,75,0.00000487,0.167514,0.95,1,,,,
7269,34,76,0.00000487,0.820961,0.8,0.8,,,,
7270,34,77,0.00000487,0.820476,0.8,0.9,,,,
7271,34,78,0.00000486,0.888929,0.75,0.85,,,,
7272,34,79,0.00000486,0.449073,0.9,0.95,,,,
7273,34,80,0.00000485,0.993086,0.75,0.8,,,,
7274,34,81,0.00000485,0.935247,0.85,0.85,,,,
7275,34,82,0.00000484,0.420026,0.9,0.95,,,,
7276,34,83,0.00000484,0.553459,0.9,0.95,,,,
7277,34,84,0.00000484,0.9431,0.7,0.85,,,,
7278,34,85,0.00000483,0.247012,0.9,1,,,,
7279,34,86,0.00000483,0.716755,0.8,0.95,,,,
7280,34,87,0.00000482,0.801494,0.7,0.95,,,,
7281,34,88,0.00000482,0.658637,0.85,0.9,,,,
7282,34,89,0.00000482,0.553232,0.85,0.9,,,,
7283,34,90,0.00000481,0.50374,0.9,0.95,,,,
7284,34,91,0.00000481,0.743783,0.8,0.85,,,,
7285,34,92,0.0000048,0.41565,0.85,1,,,,
7286,34,93,0.0000048,1.37903,0.65,0.8,,,,
7287,34,94,0.00000479,0.694413,0.9,0.9,,,,
7288,34,95,0.00000479,0.238755,0.95,1,,,,
7289,34,96,0.00000479,0.999352,0.75,0.85,,,,
7290,34,97,0.00000478,0.720235,0.75,0.9,,,,
7291,34,98,0.00000478,0.843873,0.8,0.85,,,,
7292,34,99,0.00000477,0.551171,0.85,0.95,,,,
7293,34,100,0.00000477,0.528043,0.85,0.9,,,,
7294,34,101,0.00000477,0.418598,0.9,0.95,,,,
7295,34,102,0.00000476,0.489319,0.9,0.95,,,,
7296,34,103,0.00000476,0.424207,0.9,0.9,,,,
7297,34,104,0.00000475,0.368443,0.9,0.95,,,,
7298,34,105,0.00000475,0.456704,0.9,0.95,,,,
7299,34,106,0.00000475,0.629076,0.75,0.9,,,,
7300,34,107,0.00000474,0.961465,0.7,0.9,,,,
7301,34,108,0.00000474,0.772792,0.8,0.85,,,,
7302,34,109,0.00000473,0.634729,0.8,0.9,,,,
7303,34,110,0.00000473,0.73481,0.75,0.85,,,,
7304,34,111,0.00000472,0.569232,0.8,0.95,,,,
7305,34,112,0.00000472,0.543628,0.8,0.95,,,,
7306,34,113,0.00000472,1.270838,0.7,0.7,,,,
7307,34,114,0.00000471,0.586183,0.85,0.95,,,,
7308,34,115,0.00000471,0.545188,0.85,0.95,,,,
7309,34,116,0.0000047,0.698411,0.8,0.95,,,,
7310,34,117,0.0000047,0.330247,0.9,1,,,,
7311,34,118,0.0000047,0.514968,0.8,0.95,,,,
7312,34,119,0.00000469,0.549067,0.85,0.95,,,,
7313,34,120,0.00000469,0.853544,0.8,0.9,,,,
7314,34,121,0.00000468,0.721805,0.85,0.95,,,,
7315,34,122,0.00000468,0.511682,0.9,0.9,,,,
7316,34,123,0.00000468,0.367046,0.9,1,,,,
7317,34,124,0.00000467,0.970596,0.75,0.9,,,,
7318,34,125,0.00000467,0.646097,0.85,0.85,,,,
7319,34,126,0.00000466,0.590223,0.8,0.9,,,,
7320,34,127,0.00000466,0.637604,0.85,0.9,,,,
7321,34,128,0.00000465,0.811284,0.7,0.95,,,,
7322,34,129,0.00000465,0.563401,0.85,0.9,,,,
7323,34,130,0.00000465,0.943184,0.7,0.95,,,,
7324,34,131,0.00000464,0.544842,0.8,0.95,,,,
7325,34,132,0.00000464,0.683756,0.9,0.95,,,,
7326,34,133,0.00000463,0.279406,0.9,1,,,,
7327,34,134,0.00000463,0.505953,0.9,0.95,,,,
7328,34,135,0.00000463,0.354498,0.95,0.95,,,,
7329,34,136,0.00000462,0.798342,0.75,0.9,,,,
7330,34,137,0.00000462,0.754075,0.85,0.9,,,,
7331,34,138,0.00000461,0.550424,0.85,0.9,,,,
7332,34,139,0.00000461,0.429347,0.85,1,,,,
7333,34,140,0.00000461,0.664437,0.8,0.95,,,,
7334,34,141,0.0000046,0.561525,0.85,0.95,,,,
7335,34,142,0.0000046,1.054676,0.7,0.85,,,,
7336,34,143,0.00000459,0.284364,0.95,1,,,,
7337,34,144,0.00000459,0.489661,0.85,0.9,,,,
7338,34,145,0.00000459,0.662848,0.9,0.9,,,,
7339,34,146,0.00000458,0.846821,0.8,0.85,,,,
7340,34,147,0.00000458,0.589033,0.8,0.95,,,,
7341,34,148,0.00000457,0.452188,0.9,0.95,,,,
7342,34,149,0.00000457,0.574484,0.85,0.9,,,,
7343,34,150,0.00000456,0.438757,0.9,1,,,,
7344,34,151,0.00000456,0.832979,0.7,0.9,,,,
7345,34,152,0.00000456,0.480883,0.9,0.95,,,,
7346,34,153,0.00000455,0.238875,0.95,1,,,,
7347,34,154,0.00000455,0.708187,0.8,0.9,,,,
7348,34,155,0.00000454,0.204491,0.95,1,,,,
7349,34,156,0.00000454,0.508275,0.85,0.95,,,,
7350,34,157,0.00000454,0.851015,0.8,0.9,,,,
7351,34,158,0.00000453,0.480789,0.85,0.9,,,,
7352,34,159,0.00000453,0.525363,0.9,0.95,,,,
7353,34,160,0.00000452,0.625605,0.85,0.9,,,,
7354,34,161,0.00000452,0.382415,0.95,0.95,,,,
7355,34,162,0.00000452,0.562851,0.9,0.9,,,,
7356,34,163,0.00000451,0.333444,0.9,1,,,,
7357,34,164,0.00000451,1.112398,0.75,0.9,,,,
7358,34,165,0.0000045,0.414725,0.9,0.95,,,,
7359,34,166,0.0000045,0.426622,0.9,0.9,,,,
7360,34,167,0.0000045,0.770726,0.9,0.95,,,,
7361,34,168,0.00000449,1.069276,0.75,0.85,,,,
7362,34,169,0.00000449,0.457796,0.9,0.95,,,,
7363,34,170,0.00000448,0.874939,0.8,0.85,,,,
7364,34,171,0.00000448,0.481114,0.9,1,,,,
7365,34,172,0.00000448,0.310089,0.95,1,,,,
7366,34,173,0.00000447,0.430152,0.85,1,,,,
7367,34,174,0.00000447,0.184988,0.95,1,,,,
7368,34,175,0.00000446,0.533716,0.8,0.95,,,,
7369,34,176,0.00000446,0.276232,0.95,1,,,,
7370,34,177,0.00000446,0.781535,0.8,0.85,,,,
7371,34,178,0.00000445,0.572958,0.8,0.95,,,,
7372,34,179,0.00000445,0.65696,0.8,0.9,,,,
7373,34,180,0.00000444,0.449124,0.9,0.95,,,,
7374,34,181,0.00000444,0.846587,0.75,0.9,,,,
7375,34,182,0.00000444,0.903979,0.8,0.8,,,,
7376,34,183,0.00000443,0.156753,0.95,1,,,,
7377,34,184,0.00000443,0.414044,0.85,1,,,,
7378,34,185,0.00000442,0.767079,0.85,0.9,,,,
7379,34,186,0.00000442,0.395519,0.95,0.95,,,,
7380,34,187,0.00000442,0.292773,0.85,1,,,,
7381,34,188,0.00000441,0.158169,0.95,1,,,,
7382,34,189,0.00000441,0.766676,0.7,0.95,,,,
7383,34,190,0.0000044,0.451219,0.85,0.9,,,,
7384,34,191,0.0000044,0.652881,0.85,0.9,,,,
7385,34,192,0.0000044,0.438058,0.9,1,,,,
7386,34,193,0.00000439,0.937213,0.75,0.9,,,,
7387,34,194,0.00000439,0.870984,0.65,0.9,,,,
7388,34,195,0.00000438,0.805959,0.8,0.9,,,,
7389,34,196,0.00000438,0.629983,0.8,0.95,,,,
7390,34,197,0.00000438,0.383202,0.95,0.95,,,,
7391,34,198,0.00000437,0.231673,0.95,1,,,,
7392,34,199,0.00000437,0.555623,0.9,0.9,,,,
7393,34,200,0.00000436,0.558171,0.85,1,,,,
7394,34,201,0.00000436,0.839985,0.8,0.95,,,,
7395,34,202,0.00000436,1.255903,0.75,0.75,,,,
7396,34,203,0.00000435,0.547662,0.75,0.95,,,,
7397,34,204,0.00000435,0.793718,0.8,0.9,,,,
7398,34,205,0.00000434,0.861225,0.8,0.8,,,,
7399,34,206,0.00000434,0.284571,0.95,1,,,,
7400,34,207,0.00000434,1.137704,0.75,0.8,,,,
7401,34,208,0.00000433,0.417992,0.9,0.95,,,,
7402,34,209,0.00000433,0.566321,0.85,1,,,,
7403,34,210,0.00000432,0.277196,0.95,1,,,,
7404,34,211,0.00000432,0.730126,0.75,0.85,,,,
7405,34,212,0.00000432,1.025747,0.75,0.9,,,,
7406,34,213,0.00000431,0.50498,0.8,1,,,,
7407,34,214,0.00000431,0.449244,0.85,0.95,,,,
7408,34,215,0.0000043,0.86352,0.7,0.9,,,,
7409,34,216,0.0000043,0.634085,0.75,0.9,,,,
7410,34,217,0.0000043,0.694354,0.85,0.9,,,,
7411,34,218,0.00000429,0.608728,0.85,0.9,,,,
7412,35,1,0.00000429,0.206165,0.9,1,,,,
7413,35,2,0.00000428,0.460984,0.85,0.95,,,,
7414,35,3,0.00000428,0.856496,0.75,0.9,,,,
7415,35,4,0.00000428,0.215196,0.95,1,,,,
7416,35,5,0.00000427,0.271281,0.95,1,,,,
7417,35,6,0.00000427,0.162538,0.95,1,,,,
7418,35,7,0.00000426,0.458786,0.9,0.95,,,,
7419,35,8,0.00000426,0.299444,0.95,0.95,,,,
7420,35,9,0.00000426,0.632415,0.8,0.95,,,,
7421,35,10,0.00000425,0.673483,0.75,0.95,,,,
7422,35,11,0.00000425,0.258635,0.9,0.95,,,,
7423,35,12,0.00000424,0.177741,0.95,1,,,,
7424,35,13,0.00000424,0.617268,0.9,0.95,,,,
7425,35,14,0.00000424,0.830703,0.8,0.9,,,,
7426,35,15,0.00000423,0.434302,0.9,0.95,,,,
7427,35,16,0.00000423,0.23322,0.95,1,,,,
7428,35,17,0.00000422,0.728963,0.8,0.9,,,,
7429,35,18,0.00000422,0.291089,0.95,0.95,,,,
7430,35,19,0.00000422,0.401249,0.9,0.95,,,,
7431,35,20,0.00000421,0.616064,0.85,0.95,,,,
7432,35,21,0.00000421,0.60368,0.85,0.95,,,,
7433,35,22,0.00000421,1.284342,0.7,0.75,,,,
7434,35,23,0.0000042,0.784068,0.75,0.9,,,,
7435,35,24,0.0000042,0.400061,0.9,0.9,,,,
7436,35,25,0.00000419,0.897728,0.8,0.95,,,,
7437,35,26,0.00000419,0.304992,0.85,0.95,,,,
7438,35,27,0.00000419,0.769103,0.75,0.9,,,,
7439,35,28,0.00000418,0.609385,0.75,0.95,,,,
7440,35,29,0.00000418,0.986678,0.75,0.9,,,,
7441,35,30,0.00000417,0.152101,1,1,,,,
7442,35,31,0.00000417,0.109945,1,1,,,,
7443,35,32,0.00000417,0.713265,0.8,0.95,,,,
7444,35,33,0.00000416,0.440361,0.85,1,,,,
7445,35,34,0.00000416,0.436013,0.85,0.95,,,,
7446,35,35,0.00000415,0.764647,0.8,0.8,,,,
7447,35,36,0.00000415,0.521904,0.8,1,,,,
7448,35,37,0.00000415,1.044979,0.7,0.85,,,,
7449,35,38,0.00000414,0.660349,0.85,0.9,,,,
7450,35,39,0.00000414,0.57974,0.9,0.95,,,,
7451,35,40,0.00000413,0.469791,0.85,1,,,,
7452,35,41,0.00000413,0.698592,0.8,1,,,,
7453,35,42,0.00000413,0.228492,0.95,1,,,,
7454,35,43,0.00000412,0.816364,0.8,0.85,,,,
7455,35,44,0.00000412,0.837353,0.8,0.85,,,,
7456,35,45,0.00000412,0.904011,0.8,0.9,,,,
7457,35,46,0.00000411,0.603264,0.8,0.9,,,,
7458,35,47,0.00000411,0.658917,0.8,0.95,,,,
7459,35,48,0.0000041,0.364772,0.95,1,,,,
7460,35,49,0.0000041,0.353861,0.95,0.95,,,,
7461,35,50,0.0000041,0.945999,0.7,0.9,,,,
7462,35,51,0.00000409,0.47315,0.9,0.95,,,,
7463,35,52,0.00000409,0.460125,0.9,0.95,,,,
7464,35,53,0.00000408,0.830791,0.85,0.9,,,,
7465,35,54,0.00000408,0.536211,0.85,0.95,,,,
7466,35,55,0.00000408,0.664301,0.8,0.9,,,,
7467,35,56,0.00000407,1.154416,0.75,0.85,,,,
7468,35,57,0.00000407,1.432085,0.65,0.75,,,,
7469,35,58,0.00000407,1.557392,0.6,0.75,,,,
7470,35,59,0.00000406,0.286555,0.95,0.95,,,,
7471,35,60,0.00000406,0.873196,0.75,0.9,,,,
7472,35,61,0.00000405,0.4397,0.85,1,,,,
7473,35,62,0.00000405,0.600006,0.8,0.95,,,,
7474,35,63,0.00000405,0.682129,0.75,0.9,,,,
7475,35,64,0.00000404,0.418788,0.9,0.9,,,,
7476,35,65,0.00000404,1.097302,0.75,0.8,,,,
7477,35,66,0.00000403,0.610774,0.85,0.9,,,,
7478,35,67,0.00000403,0.239642,0.95,1,,,,
7479,35,68,0.00000403,0.49109,0.9,0.9,,,,
7480,35,69,0.00000402,0.769953,0.8,0.95,,,,
7481,35,70,0.00000402,1.145063,0.7,0.85,,,,
7482,35,71,0.00000401,0.210704,0.95,1,,,,
7483,35,72,0.00000401,0.669935,0.85,0.9,,,,
7484,35,73,0.00000401,0.146662,1,1,,,,
7485,35,74,0.000004,0.468114,0.85,1,,,,
7486,35,75,0.000004,0.549085,0.8,1,,,,
7487,35,76,0.000004,0.584599,0.8,0.95,,,,
7488,35,77,0.00000399,0.507421,0.85,0.9,,,,
7489,35,78,0.00000399,0.897648,0.75,0.85,,,,
7490,35,79,0.00000398,0.540463,0.9,0.9,,,,
7491,35,80,0.00000398,0.822105,0.8,0.8,,,,
7492,35,81,0.00000398,0.847864,0.7,0.95,,,,
7493,35,82,0.00000397,0.30094,0.95,1,,,,
7494,35,83,0.00000397,0.790198,0.8,0.9,,,,
7495,35,84,0.00000397,0.782731,0.85,0.9,,,,
7496,35,85,0.00000396,1.188873,0.65,0.85,,,,
7497,35,86,0.00000396,0.156384,1,1,,,,
7498,35,87,0.00000395,0.670385,0.85,0.85,,,,
7499,35,88,0.00000395,0.280497,0.9,1,,,,
7500,35,89,0.00000395,0.903102,0.7,0.9,,,,
7501,35,90,0.00000394,0.911785,0.8,0.9,,,,
7502,35,91,0.00000394,0.432649,0.85,1,,,,
7503,35,92,0.00000393,0.240085,0.9,1,,,,
7504,35,93,0.00000393,0.688031,0.8,0.9,,,,
7505,35,94,0.00000393,0.60075,0.85,0.95,,,,
7506,35,95,0.00000392,0.807055,0.75,0.85,,,,
7507,35,96,0.00000392,0.497044,0.85,1,,,,
7508,35,97,0.00000392,0.502292,0.85,0.9,,,,
7509,35,98,0.00000391,0.535989,0.9,0.9,,,,
7510,35,99,0.00000391,0.397543,0.95,0.95,,,,
7511,35,100,0.0000039,0.453476,0.85,0.95,,,,
7512,35,101,0.0000039,1.00117,0.8,0.85,,,,
7513,35,102,0.0000039,0.475416,0.85,0.95,,,,
7514,35,103,0.00000389,0.576546,0.85,0.95,,,,
7515,35,104,0.00000389,0.343164,0.9,0.95,,,,
7516,35,105,0.00000389,0.667927,0.8,0.95,,,,
7517,35,106,0.00000388,0.290274,0.9,1,,,,
7518,35,107,0.00000388,0.790178,0.75,0.95,,,,
7519,35,108,0.00000387,0.755923,0.85,0.95,,,,
7520,35,109,0.00000387,0.455649,0.9,0.95,,,,
7521,35,110,0.00000387,0.475386,0.9,0.95,,,,
7522,35,111,0.00000386,0.722543,0.8,0.9,,,,
7523,35,112,0.00000386,0.232988,0.95,0.95,,,,
7524,35,113,0.00000386,0.721213,0.75,0.95,,,,
7525,35,114,0.00000385,0.641165,0.85,0.95,,,,
7526,35,115,0.00000385,0.539162,0.8,1,,,,
7527,35,116,0.00000384,0.901365,0.75,0.9,,,,
7528,35,117,0.00000384,0.508742,0.9,0.95,,,,
7529,35,118,0.00000384,0.790374,0.8,0.95,,,,
7530,35,119,0.00000383,0.893105,0.8,0.85,,,,
7531,35,120,0.00000383,1.095851,0.7,0.8,,,,
7532,35,121,0.00000382,0.86122,0.85,0.9,,,,
7533,35,122,0.00000382,0.891571,0.8,0.9,,,,
7534,35,123,0.00000382,0.50398,0.9,0.95,,,,
7535,35,124,0.00000381,0.272053,0.95,0.95,,,,
7536,35,125,0.00000381,0.421012,0.85,0.95,,,,
7537,35,126,0.00000381,0.641647,0.8,0.9,,,,
7538,35,127,0.0000038,0.919626,0.7,0.9,,,,
7539,35,128,0.0000038,0.198919,0.95,1,,,,
7540,35,129,0.00000379,1.059206,0.7,0.9,,,,
7541,35,130,0.00000379,0.281808,0.9,1,,,,
7542,35,131,0.00000379,0.367436,0.9,0.95,,,,
7543,35,132,0.00000378,0.547607,0.85,0.95,,,,
7544,35,133,0.00000378,0.519873,0.95,0.95,,,,
7545,35,134,0.00000378,0.129948,1,1,,,,
7546,35,135,0.00000377,0.779573,0.8,0.9,,,,
7547,35,136,0.00000377,1.059342,0.65,0.9,,,,
7548,35,137,0.00000376,0.571268,0.85,0.9,,,,
7549,35,138,0.00000376,0.356978,0.9,0.95,,,,
7550,35,139,0.00000376,0.467255,0.85,0.95,,,,
7551,35,140,0.00000375,0.322921,0.95,1,,,,
7552,35,141,0.00000375,0.323797,0.95,1,,,,
7553,35,142,0.00000375,0.475927,0.9,0.95,,,,
7554,35,143,0.00000374,0.166647,1,1,,,,
7555,35,144,0.00000374,0.449063,0.9,0.95,,,,
7556,35,145,0.00000374,0.6796,0.8,0.95,,,,
7557,35,146,0.00000373,0.309832,0.9,0.95,,,,
7558,35,147,0.00000373,0.548775,0.8,0.9,,,,
7559,35,148,0.00000372,0.343695,0.9,0.95,,,,
7560,35,149,0.00000372,1.161936,0.75,0.8,,,,
7561,35,150,0.00000372,0.336396,0.9,1,,,,
7562,35,151,0.00000371,0.480611,0.85,1,,,,
7563,35,152,0.00000371,0.607633,0.9,1,,,,
7564,35,153,0.00000371,0.756846,0.85,0.95,,,,
7565,35,154,0.0000037,0.26897,0.95,1,,,,
7566,35,155,0.0000037,0.32596,0.95,0.95,,,,
7567,35,156,0.00000369,0.293855,0.95,0.95,,,,
7568,35,157,0.00000369,0.47969,0.85,0.95,,,,
7569,35,158,0.00000369,0.851004,0.75,0.85,,,,
7570,35,159,0.00000368,0.735101,0.75,0.95,,,,
7571,35,160,0.00000368,0.146934,1,1,,,,
7572,35,161,0.00000368,0.493221,0.85,0.95,,,,
7573,35,162,0.00000367,0.368715,0.9,0.95,,,,
7574,35,163,0.00000367,0.213715,0.95,1,,,,
7575,35,164,0.00000366,0.333726,0.9,1,,,,
7576,35,165,0.00000366,0.809246,0.8,0.9,,,,
7577,35,166,0.00000366,0.38483,0.9,0.95,,,,
7578,35,167,0.00000365,0.392727,0.9,0.95,,,,
7579,35,168,0.00000365,0.233945,0.95,1,,,,
7580,35,169,0.00000365,0.206467,0.95,1,,,,
7581,35,170,0.00000364,0.772571,0.8,0.9,,,,
7582,35,171,0.00000364,0.272991,0.9,1,,,,
7583,35,172,0.00000364,0.697196,0.85,0.9,,,,
7584,35,173,0.00000363,0.784793,0.75,0.9,,,,
7585,35,174,0.00000363,0.188116,1,1,,,,
7586,35,175,0.00000362,1.035372,0.75,0.9,,,,
7587,35,176,0.00000362,1.062581,0.75,0.85,,,,
7588,35,177,0.00000362,0.918345,0.75,0.9,,,,
7589,35,178,0.00000361,0.312187,0.95,1,,,,
7590,35,179,0.00000361,0.813193,0.75,0.95,,,,
7591,35,180,0.00000361,0.463532,0.8,1,,,,
7592,35,181,0.0000036,0.667782,0.8,0.9,,,,
7593,35,182,0.0000036,0.486975,0.85,0.95,,,,
7594,35,183,0.00000359,0.209932,0.95,1,,,,
7595,35,184,0.00000359,0.215036,0.95,1,,,,
7596,35,185,0.00000359,0.29032,0.9,1,,,,
7597,35,186,0.00000358,0.88115,0.8,0.85,,,,
7598,35,187,0.00000358,0.465734,0.9,0.9,,,,
7599,35,188,0.00000358,0.329602,0.9,1,,,,
7600,35,189,0.00000357,1.034574,0.75,0.85,,,,
7601,35,190,0.00000357,1.051198,0.7,0.75,,,,
7602,35,191,0.00000357,0.277626,0.95,0.95,,,,
7603,35,192,0.00000356,0.750959,0.8,0.9,,,,
7604,35,193,0.00000356,0.580907,0.85,0.95,,,,
7605,35,194,0.00000355,0.379411,0.9,0.95,,,,
7606,35,195,0.00000355,0.264353,0.95,0.95,,,,
7607,35,196,0.00000355,0.70408,0.8,0.9,,,,
7608,35,197,0.00000354,0.954871,0.85,0.9,,,,
7609,35,198,0.00000354,0.077681,1,1,,,,
7610,35,199,0.00000354,0.076361,1,1,,,,
7611,35,200,0.00000353,0.502942,0.85,0.95,,,,
7612,35,201,0.00000353,0.61615,0.85,0.95,,,,
7613,35,202,0.00000353,1.42469,0.6,0.85,,,,
7614,35,203,0.00000352,0.641467,0.85,0.95,,,,
7615,35,204,0.00000352,0.696038,0.85,0.9,,,,
7616,35,205,0.00000351,0.184696,0.95,1,,,,
7617,35,206,0.00000351,0.301043,0.9,1,,,,
7618,35,207,0.00000351,1.418828,0.75,0.8,,,,
7619,35,208,0.0000035,0.565888,0.8,0.95,,,,
7620,35,209,0.0000035,0.367161,0.9,1,,,,
7621,35,210,0.0000035,0.485055,0.95,0.95,,,,
7622,35,211,0.00000349,0.373414,0.95,0.95,,,,
7623,35,212,0.00000349,0.499619,0.8,1,,,,
7624,35,213,0.00000349,1.404198,0.7,0.75,,,,
7625,35,214,0.00000348,0.55127,0.9,0.95,,,,
7626,35,215,0.00000348,0.854433,0.75,0.9,,,,
7627,35,216,0.00000348,0.256182,0.95,1,,,,
7628,35,217,0.00000347,0.16381,0.95,1,,,,
7629,35,218,0.00000347,0.330008,0.95,1,,,,
7630,36,1,0.00000346,1.12158,0.75,0.8,,,,
7631,36,2,0.00000346,0.730184,0.85,0.9,,,,
7632,36,3,0.00000346,1.461301,0.6,0.7,,,,
7633,36,4,0.00000345,0.5358,0.9,0.95,,,,
7634,36,5,0.00000345,0.655962,0.75,1,,,,
7635,36,6,0.00000345,0.559223,0.9,0.95,,,,
7636,36,7,0.00000344,1.4371,0.7,0.75,,,,
7637,36,8,0.00000344,0.501625,0.85,0.95,,,,
7638,36,9,0.00000344,0.521056,0.95,0.95,,,,
7639,36,10,0.00000343,0.389372,0.9,1,,,,
7640,36,11,0.00000343,0.070602,1,1,,,,
7641,36,12,0.00000342,0.280385,0.95,0.95,,,,
7642,36,13,0.00000342,0.808307,0.8,0.9,,,,
7643,36,14,0.00000342,1.063077,0.7,0.95,,,,
7644,36,15,0.00000341,0.237196,0.95,1,,,,
7645,36,16,0.00000341,0.095557,1,1,,,,
7646,36,17,0.00000341,0.206833,0.95,1,,,,
7647,36,18,0.0000034,0.484283,0.85,1,,,,
7648,36,19,0.0000034,0.984068,0.7,0.8,,,,
7649,36,20,0.0000034,0.457196,0.9,1,,,,
7650,36,21,0.00000339,0.546057,0.85,0.95,,,,
7651,36,22,0.00000339,0.78969,0.75,0.9,,,,
7652,36,23,0.00000339,0.663194,0.8,0.9,,,,
7653,36,24,0.00000338,0.838322,0.75,0.85,,,,
7654,36,25,0.00000338,0.746565,0.8,0.9,,,,
7655,36,26,0.00000338,0.971974,0.7,0.9,,,,
7656,36,27,0.00000337,1.155069,0.75,0.85,,,,
7657,36,28,0.00000337,0.414808,0.9,1,,,,
7658,36,29,0.00000336,0.491287,0.8,1,,,,
7659,36,30,0.00000336,0.501387,0.85,0.95,,,,
7660,36,31,0.00000336,0.680077,0.8,0.95,,,,
7661,36,32,0.00000335,0.353423,0.95,0.95,,,,
7662,36,33,0.00000335,0.847113,0.85,0.9,,,,
7663,36,34,0.00000335,0.492005,0.85,0.95,,,,
7664,36,35,0.00000334,0.338701,0.9,1,,,,
7665,36,36,0.00000334,0.217212,0.95,1,,,,
7666,36,37,0.00000334,0.460105,0.9,0.95,,,,
7667,36,38,0.00000333,0.100128,1,1,,,,
7668,36,39,0.00000333,0.471865,0.85,0.95,,,,
7669,36,40,0.00000333,0.868653,0.8,0.95,,,,
7670,36,41,0.00000332,0.492559,0.9,0.9,,,,
7671,36,42,0.00000332,0.829425,0.85,0.9,,,,
7672,36,43,0.00000331,0.351926,0.9,1,,,,
7673,36,44,0.00000331,0.782466,0.85,0.9,,,,
7674,36,45,0.00000331,0.420621,0.9,0.95,,,,
7675,36,46,0.0000033,0.430841,0.85,1,,,,
7676,36,47,0.0000033,0.125426,1,1,,,,
7677,36,48,0.0000033,0.703211,0.85,0.9,,,,
7678,36,49,0.00000329,0.429892,0.85,1,,,,
7679,36,50,0.00000329,0.295654,0.9,0.95,,,,
7680,36,51,0.00000329,0.528489,0.85,0.9,,,,
7681,36,52,0.00000328,0.633703,0.85,0.9,,,,
7682,36,53,0.00000328,0.362109,0.9,0.95,,,,
7683,36,54,0.00000328,1.280368,0.75,0.85,,,,
7684,36,55,0.00000327,0.457909,0.8,1,,,,
7685,36,56,0.00000327,1.050112,0.75,0.85,,,,
7686,36,57,0.00000327,0.550657,0.9,0.9,,,,
7687,36,58,0.00000326,0.430095,0.85,0.95,,,,
7688,36,59,0.00000326,0.346325,0.8,1,,,,
7689,36,60,0.00000326,0.289453,0.9,0.95,,,,
7690,36,61,0.00000325,0.682567,0.85,0.85,,,,
7691,36,62,0.00000325,0.686753,0.85,0.9,,,,
7692,36,63,0.00000324,0.76533,0.85,0.9,,,,
7693,36,64,0.00000324,1.050834,0.7,0.9,,,,
7694,36,65,0.00000324,0.716314,0.9,0.9,,,,
7695,36,66,0.00000323,0.501179,0.9,0.95,,,,
7696,36,67,0.00000323,0.530207,0.9,0.9,,,,
7697,36,68,0.00000323,0.371582,0.9,0.95,,,,
7698,36,69,0.00000322,0.642946,0.8,0.95,,,,
7699,36,70,0.00000322,0.684622,0.8,1,,,,
7700,36,71,0.00000322,0.34941,0.9,0.95,,,,
7701,36,72,0.00000321,0.268732,0.95,0.95,,,,
7702,36,73,0.00000321,0.584929,0.9,0.9,,,,
7703,36,74,0.00000321,0.380639,0.9,0.95,,,,
7704,36,75,0.0000032,0.757374,0.7,0.95,,,,
7705,36,76,0.0000032,0.131614,1,1,,,,
7706,36,77,0.0000032,1.290321,0.55,0.8,,,,
7707,36,78,0.00000319,0.761449,0.8,0.9,,,,
7708,36,79,0.00000319,0.354883,0.9,0.95,,,,
7709,36,80,0.00000319,0.730028,0.8,0.95,,,,
7710,36,81,0.00000318,0.837328,0.75,0.9,,,,
7711,36,82,0.00000318,0.490148,0.9,0.9,,,,
7712,36,83,0.00000318,0.712805,0.85,0.9,,,,
7713,36,84,0.00000317,0.511558,0.8,1,,,,
7714,36,85,0.00000317,0.653426,0.8,0.9,,,,
7715,36,86,0.00000316,0.482615,0.85,0.95,,,,
7716,36,87,0.00000316,1.215245,0.75,0.85,,,,
7717,36,88,0.00000316,1.001133,0.75,0.95,,,,
7718,36,89,0.00000315,0.257621,0.95,1,,,,
7719,36,90,0.00000315,0.320932,0.95,0.95,,,,
7720,36,91,0.00000315,1.091499,0.75,0.8,,,,
7721,36,92,0.00000314,0.902452,0.65,0.95,,,,
7722,36,93,0.00000314,0.621186,0.8,0.95,,,,
7723,36,94,0.00000314,0.643346,0.85,0.9,,,,
7724,36,95,0.00000313,0.49808,0.85,1,,,,
7725,36,96,0.00000313,0.946167,0.8,0.85,,,,
7726,36,97,0.00000313,0.868952,0.8,0.9,,,,
7727,36,98,0.00000312,0.331335,0.9,0.95,,,,
7728,36,99,0.00000312,1.037075,0.8,0.9,,,,
7729,36,100,0.00000312,0.607846,0.85,0.9,,,,
7730,36,101,0.00000311,0.668098,0.8,0.9,,,,
7731,36,102,0.00000311,0.455249,0.9,0.95,,,,
7732,36,103,0.00000311,0.660987,0.85,0.9,,,,
7733,36,104,0.0000031,0.507587,0.85,1,,,,
7734,36,105,0.0000031,0.938742,0.8,0.9,,,,
7735,36,106,0.0000031,0.510803,0.9,0.9,,,,
7736,36,107,0.00000309,0.524917,0.85,1,,,,
7737,36,108,0.00000309,0.664841,0.9,0.95,,,,
7738,36,109,0.00000309,0.62457,0.9,0.9,,,,
7739,36,110,0.00000308,0.602634,0.85,0.9,,,,
7740,36,111,0.00000308,0.43393,0.9,0.95,,,,
7741,36,112,0.00000308,0.973452,0.65,0.9,,,,
7742,36,113,0.00000307,0.703144,0.8,0.95,,,,
7743,36,114,0.00000307,0.325086,0.9,0.95,,,,
7744,36,115,0.00000307,0.657637,0.8,0.95,,,,
7745,36,116,0.00000306,0.525674,0.85,0.9,,,,
7746,36,117,0.00000306,2.057818,0.65,0.65,,,,
7747,36,118,0.00000306,1.331094,0.65,0.85,,,,
7748,36,119,0.00000305,0.465258,0.85,0.95,,,,
7749,36,120,0.00000305,0.519866,0.85,0.95,,,,
7750,36,121,0.00000305,0.329719,0.9,1,,,,
7751,36,122,0.00000304,1.577257,0.55,0.8,,,,
7752,36,123,0.00000304,1.412776,0.7,0.75,,,,
7753,36,124,0.00000303,0.313912,0.9,1,,,,
7754,36,125,0.00000303,0.852623,0.75,0.9,,,,
7755,36,126,0.00000303,0.664969,0.75,0.95,,,,
7756,36,127,0.00000302,0.701784,0.8,0.9,,,,
7757,36,128,0.00000302,0.893832,0.85,0.85,,,,
7758,36,129,0.00000302,0.853506,0.8,0.85,,,,
7759,36,130,0.00000301,0.404202,0.95,0.95,,,,
7760,36,131,0.00000301,0.707586,0.8,0.9,,,,
7761,36,132,0.00000301,0.712224,0.85,0.9,,,,
7762,36,133,0.000003,0.901071,0.8,0.9,,,,
7763,36,134,0.000003,0.251989,0.95,1,,,,
7764,36,135,0.000003,0.783588,0.75,0.9,,,,
7765,36,136,0.00000299,0.576436,0.8,0.95,,,,
7766,36,137,0.00000299,1.444941,0.65,0.85,,,,
7767,36,138,0.00000299,1.097342,0.7,0.8,,,,
7768,36,139,0.00000298,0.621925,0.75,0.95,,,,
7769,36,140,0.00000298,0.449905,0.95,0.95,,,,
7770,36,141,0.00000298,1.030956,0.85,0.85,,,,
7771,36,142,0.00000297,0.693219,0.85,0.95,,,,
7772,36,143,0.00000297,0.648226,0.85,0.95,,,,
7773,36,144,0.00000297,0.290052,0.95,1,,,,
7774,36,145,0.00000296,0.743457,0.8,0.95,,,,
7775,36,146,0.00000296,0.476999,0.9,0.9,,,,
7776,36,147,0.00000296,0.546071,0.9,0.95,,,,
7777,36,148,0.00000295,0.297825,0.9,0.95,,,,
7778,36,149,0.00000295,0.550458,0.9,0.95,,,,
7779,36,150,0.00000295,0.54371,0.85,0.95,,,,
7780,36,151,0.00000294,0.494092,0.85,0.95,,,,
7781,36,152,0.00000294,0.430421,0.95,0.95,,,,
7782,36,153,0.00000294,0.646537,0.85,0.9,,,,
7783,36,154,0.00000293,0.272391,0.95,0.95,,,,
7784,36,155,0.00000293,0.328761,0.9,1,,,,
7785,36,156,0.00000293,0.468336,0.9,0.95,,,,
7786,36,157,0.00000292,0.525153,0.9,0.95,,,,
7787,36,158,0.00000292,0.286162,0.85,1,,,,
7788,36,159,0.00000292,0.825573,0.85,0.9,,,,
7789,36,160,0.00000291,0.173518,0.9,1,,,,
7790,36,161,0.00000291,0.470654,0.85,0.95,,,,
7791,36,162,0.00000291,0.346495,0.9,0.95,,,,
7792,36,163,0.0000029,0.243449,0.85,1,,,,
7793,36,164,0.0000029,0.536251,0.85,0.95,,,,
7794,36,165,0.0000029,0.666854,0.75,1,,,,
7795,36,166,0.00000289,0.399814,0.85,0.95,,,,
7796,36,167,0.00000289,0.753284,0.8,0.95,,,,
7797,36,168,0.00000289,0.732271,0.85,0.95,,,,
7798,36,169,0.00000288,0.610982,0.75,0.95,,,,
7799,36,170,0.00000288,0.786737,0.75,0.9,,,,
7800,36,171,0.00000288,0.268569,0.95,1,,,,
7801,36,172,0.00000287,0.974647,0.7,0.85,,,,
7802,36,173,0.00000287,0.360766,0.95,1,,,,
7803,36,174,0.00000287,0.174919,0.95,1,,,,
7804,36,175,0.00000286,0.714193,0.8,0.9,,,,
7805,36,176,0.00000286,0.225171,0.9,1,,,,
7806,36,177,0.00000286,0.343301,0.95,0.95,,,,
7807,36,178,0.00000285,0.595528,0.9,0.95,,,,
7808,36,179,0.00000285,0.467885,0.9,0.95,,,,
7809,36,180,0.00000285,0.275383,0.95,0.95,,,,
7810,36,181,0.00000284,0.382274,0.95,0.95,,,,
7811,36,182,0.00000284,0.342868,0.95,0.95,,,,
7812,36,183,0.00000284,0.685244,0.9,0.9,,,,
7813,36,184,0.00000283,0.7277,0.75,0.9,,,,
7814,36,185,0.00000283,0.525573,0.8,0.95,,,,
7815,36,186,0.00000283,0.786513,0.8,0.95,,,,
7816,36,187,0.00000283,0.233607,0.95,1,,,,
7817,36,188,0.00000282,0.976065,0.65,0.9,,,,
7818,36,189,0.00000282,0.347547,0.95,1,,,,
7819,36,190,0.00000282,0.323509,0.9,1,,,,
7820,36,191,0.00000281,0.340843,0.95,1,,,,
7821,36,192,0.00000281,0.807096,0.85,0.85,,,,
7822,36,193,0.00000281,0.767893,0.8,0.85,,,,
7823,36,194,0.0000028,0.49391,0.85,1,,,,
7824,36,195,0.0000028,0.647357,0.8,0.9,,,,
7825,36,196,0.0000028,0.181632,1,1,,,,
7826,36,197,0.00000279,0.851412,0.7,0.9,,,,
7827,36,198,0.00000279,0.092777,1,1,,,,
7828,36,199,0.00000279,0.376434,0.85,1,,,,
7829,36,200,0.00000278,0.618629,0.9,0.9,,,,
7830,36,201,0.00000278,0.490968,0.85,0.95,,,,
7831,36,202,0.00000278,0.430942,0.9,0.9,,,,
7832,36,203,0.00000277,0.56078,0.85,0.95,,,,
7833,36,204,0.00000277,0.499945,0.9,0.95,,,,
7834,36,205,0.00000277,0.250285,0.95,0.95,,,,
7835,36,206,0.00000276,0.61851,0.85,0.85,,,,
7836,36,207,0.00000276,0.273778,0.95,0.95,,,,
7837,36,208,0.00000276,1.156324,0.75,0.85,,,,
7838,36,209,0.00000275,0.739787,0.8,0.95,,,,
7839,36,210,0.00000275,0.983099,0.8,0.85,,,,
7840,36,211,0.00000275,0.319459,0.95,1,,,,
7841,36,212,0.00000274,0.331173,1,1,,,,
7842,36,213,0.00000274,0.531743,0.85,0.95,,,,
7843,36,214,0.00000274,0.275604,0.95,1,,,,
7844,36,215,0.00000273,0.616616,0.9,0.95,,,,
7845,36,216,0.00000273,0.074743,1,1,,,,
7846,36,217,0.00000273,0.491314,0.85,0.9,,,,
7847,36,218,0.00000272,1.144607,0.75,0.8,,,,
7848,37,1,0.00000272,0.667525,0.85,0.95,,,,
7849,37,2,0.00000272,0.42572,0.85,0.95,,,,
7850,37,3,0.00000271,0.198163,0.95,1,,,,
7851,37,4,0.00000271,0.972088,0.7,0.8,,,,
7852,37,5,0.00000271,0.656033,0.85,0.9,,,,
7853,37,6,0.00000271,0.688456,0.85,0.95,,,,
7854,37,7,0.0000027,0.669995,0.85,0.9,,,,
7855,37,8,0.0000027,0.965704,0.75,0.85,,,,
7856,37,9,0.0000027,0.973372,0.65,0.9,,,,
7857,37,10,0.00000269,0.616785,0.8,0.85,,,,
7858,37,11,0.00000269,0.49786,0.9,0.95,,,,
7859,37,12,0.00000269,0.329424,0.95,0.95,,,,
7860,37,13,0.00000268,0.680367,0.75,0.9,,,,
7861,37,14,0.00000268,0.973184,0.75,0.85,,,,
7862,37,15,0.00000268,1.191599,0.6,0.8,,,,
7863,37,16,0.00000267,0.21771,1,1,,,,
7864,37,17,0.00000267,0.74499,0.85,0.9,,,,
7865,37,18,0.00000267,0.806485,0.8,0.85,,,,
7866,37,19,0.00000266,0.831184,0.8,0.85,,,,
7867,37,20,0.00000266,0.719005,0.85,0.95,,,,
7868,37,21,0.00000266,0.544807,0.85,0.95,,,,
7869,37,22,0.00000265,1.423123,0.65,0.75,,,,
7870,37,23,0.00000265,0.813004,0.8,0.95,,,,
7871,37,24,0.00000265,0.723148,0.85,0.9,,,,
7872,37,25,0.00000264,0.644019,0.85,0.9,,,,
7873,37,26,0.00000264,0.564823,0.85,0.95,,,,
7874,37,27,0.00000264,1.045248,0.75,0.85,,,,
7875,37,28,0.00000263,0.466218,0.9,0.95,,,,
7876,37,29,0.00000263,0.738397,0.75,0.9,,,,
7877,37,30,0.00000263,1.229307,0.65,0.8,,,,
7878,37,31,0.00000263,0.303613,0.95,0.95,,,,
7879,37,32,0.00000262,0.86375,0.75,0.85,,,,
7880,37,33,0.00000262,0.163289,1,1,,,,
7881,37,34,0.00000262,0.886635,0.75,0.85,,,,
7882,37,35,0.00000261,0.423507,0.9,0.95,,,,
7883,37,36,0.00000261,0.111513,1,1,,,,
7884,37,37,0.00000261,0.167067,1,1,,,,
7885,37,38,0.0000026,0.429819,0.9,0.95,,,,
7886,37,39,0.0000026,0.581526,0.85,0.95,,,,
7887,37,40,0.0000026,0.59723,0.9,0.9,,,,
7888,37,41,0.00000259,0.425054,0.9,0.95,,,,
7889,37,42,0.00000259,0.596651,0.85,0.95,,,,
7890,37,43,0.00000259,0.428569,0.9,0.9,,,,
7891,37,44,0.00000258,0.855592,0.8,0.8,,,,
7892,37,45,0.00000258,0.565056,0.8,0.95,,,,
7893,37,46,0.00000258,0.311984,1,1,,,,
7894,37,47,0.00000257,0.572934,0.8,0.95,,,,
7895,37,48,0.00000257,0.331061,0.9,0.95,,,,
7896,37,49,0.00000257,0.527306,0.85,0.95,,,,
7897,37,50,0.00000257,0.124704,1,1,,,,
7898,37,51,0.00000256,0.75327,0.85,0.85,,,,
7899,37,52,0.00000256,0.570764,0.9,0.9,,,,
7900,37,53,0.00000256,0.748806,0.8,0.9,,,,
7901,37,54,0.00000255,0.126307,0.95,1,,,,
7902,37,55,0.00000255,0.696979,0.8,0.95,,,,
7903,37,56,0.00000255,0.79447,0.8,0.95,,,,
7904,37,57,0.00000254,0.622193,0.8,0.9,,,,
7905,37,58,0.00000254,0.732503,0.8,0.9,,,,
7906,37,59,0.00000254,0.878421,0.8,0.9,,,,
7907,37,60,0.00000253,0.736683,0.75,0.95,,,,
7908,37,61,0.00000253,1.090019,0.75,0.8,,,,
7909,37,62,0.00000253,0.842842,0.8,0.85,,,,
7910,37,63,0.00000252,0.337987,0.9,0.95,,,,
7911,37,64,0.00000252,0.268515,0.95,1,,,,
7912,37,65,0.00000252,0.167389,0.95,1,,,,
7913,37,66,0.00000252,0.501839,0.85,1,,,,
7914,37,67,0.00000251,0.445745,0.9,0.95,,,,
7915,37,68,0.00000251,0.523372,0.9,0.95,,,,
7916,37,69,0.00000251,0.891955,0.75,0.8,,,,
7917,37,70,0.0000025,0.104263,1,1,,,,
7918,37,71,0.0000025,0.857954,0.85,0.9,,,,
7919,37,72,0.0000025,0.287612,0.9,1,,,,
7920,37,73,0.00000249,0.616439,0.85,0.9,,,,
7921,37,74,0.00000249,0.203894,0.95,1,,,,
7922,37,75,0.00000249,0.421638,0.85,1,,,,
7923,37,76,0.00000248,0.903101,0.8,0.85,,,,
7924,37,77,0.00000248,0.805737,0.8,0.9,,,,
7925,37,78,0.00000248,0.409723,0.9,0.95,,,,
7926,37,79,0.00000248,0.717088,0.85,0.85,,,,
7927,37,80,0.00000247,0.825846,0.85,0.9,,,,
7928,37,81,0.00000247,0.3908,0.85,1,,,,
7929,37,82,0.00000247,0.127562,0.95,1,,,,
7930,37,83,0.00000246,0.110199,1,1,,,,
7931,37,84,0.00000246,0.383692,0.85,1,,,,
7932,37,85,0.00000246,0.327566,0.95,0.95,,,,
7933,37,86,0.00000245,0.980519,0.75,0.9,,,,
7934,37,87,0.00000245,0.366141,0.9,1,,,,
7935,37,88,0.00000245,0.44143,0.85,0.95,,,,
7936,37,89,0.00000244,0.582453,0.9,0.95,,,,
7937,37,90,0.00000244,0.343696,0.95,0.95,,,,
7938,37,91,0.00000244,0.399317,0.9,0.95,,,,
7939,37,92,0.00000244,0.3315,0.8,1,,,,
7940,37,93,0.00000243,0.178147,0.9,1,,,,
7941,37,94,0.00000243,0.4215,0.95,0.95,,,,
7942,37,95,0.00000243,0.429069,0.9,0.95,,,,
7943,37,96,0.00000242,0.897504,0.7,0.9,,,,
7944,37,97,0.00000242,0.559071,0.9,0.9,,,,
7945,37,98,0.00000242,0.729504,0.85,0.9,,,,
7946,37,99,0.00000241,0.510987,0.9,0.95,,,,
7947,37,100,0.00000241,0.319872,0.9,1,,,,
7948,37,101,0.00000241,0.442087,0.85,1,,,,
7949,37,102,0.00000241,0.513246,0.85,0.95,,,,
7950,37,103,0.0000024,0.420113,0.85,1,,,,
7951,37,104,0.0000024,0.228162,0.95,0.95,,,,
7952,37,105,0.0000024,0.541681,0.9,0.95,,,,
7953,37,106,0.00000239,0.741716,0.75,0.95,,,,
7954,37,107,0.00000239,0.601543,0.85,0.9,,,,
7955,37,108,0.00000239,0.630906,0.85,0.9,,,,
7956,37,109,0.00000238,0.625861,0.8,0.9,,,,
7957,37,110,0.00000238,1.066278,0.75,0.8,,,,
7958,37,111,0.00000238,0.120304,1,1,,,,
7959,37,112,0.00000237,0.316973,0.9,1,,,,
7960,37,113,0.00000237,0.439332,0.9,0.95,,,,
7961,37,114,0.00000237,0.325901,0.95,0.95,,,,
7962,37,115,0.00000237,0.456077,0.85,1,,,,
7963,37,116,0.00000236,0.533231,0.85,0.95,,,,
7964,37,117,0.00000236,0.599207,0.85,0.9,,,,
7965,37,118,0.00000236,1.102794,0.7,0.8,,,,
7966,37,119,0.00000235,0.72475,0.8,0.9,,,,
7967,37,120,0.00000235,0.700718,0.9,0.9,,,,
7968,37,121,0.00000235,0.752596,0.8,0.95,,,,
7969,37,122,0.00000234,0.19305,0.95,1,,,,
7970,37,123,0.00000234,0.482435,0.9,0.9,,,,
7971,37,124,0.00000234,0.969011,0.75,0.9,,,,
7972,37,125,0.00000234,0.827731,0.85,0.85,,,,
7973,37,126,0.00000233,0.908924,0.75,0.95,,,,
7974,37,127,0.00000233,0.964237,0.75,0.85,,,,
7975,37,128,0.00000233,0.742471,0.8,0.9,,,,
7976,37,129,0.00000232,0.355722,0.9,1,,,,
7977,37,130,0.00000232,0.805499,0.85,0.85,,,,
7978,37,131,0.00000232,0.496817,0.8,1,,,,
7979,37,132,0.00000231,0.91064,0.75,0.85,,,,
7980,37,133,0.00000231,0.186743,0.95,1,,,,
7981,37,134,0.00000231,0.355904,0.8,1,,,,
7982,37,135,0.00000231,0.296727,0.9,1,,,,
7983,37,136,0.0000023,1.249582,0.75,0.85,,,,
7984,37,137,0.0000023,0.638954,0.9,0.9,,,,
7985,37,138,0.0000023,0.984219,0.75,0.95,,,,
7986,37,139,0.00000229,0.144209,1,1,,,,
7987,37,140,0.00000229,1.231148,0.75,0.85,,,,
7988,37,141,0.00000229,1.150149,0.75,0.85,,,,
7989,37,142,0.00000228,0.537818,0.8,0.9,,,,
7990,37,143,0.00000228,0.663927,0.8,0.95,,,,
7991,37,144,0.00000228,0.68523,0.7,1,,,,
7992,37,145,0.00000228,0.996334,0.8,0.85,,,,
7993,37,146,0.00000227,0.320161,0.9,1,,,,
7994,37,147,0.00000227,1.03423,0.8,0.85,,,,
7995,37,148,0.00000227,0.446225,0.85,1,,,,
7996,37,149,0.00000226,0.438252,0.9,0.9,,,,
7997,37,150,0.00000226,0.731852,0.8,0.9,,,,
7998,37,151,0.00000226,0.265965,0.9,1,,,,
7999,37,152,0.00000226,0.699958,0.85,0.9,,,,
8000,37,153,0.00000225,0.556718,0.85,0.95,,,,
8001,37,154,0.00000225,0.610777,0.85,0.9,,,,
8002,37,155,0.00000225,0.44485,0.9,0.95,,,,
8003,37,156,0.00000224,0.313237,0.9,1,,,,
8004,37,157,0.00000224,0.905663,0.7,0.9,,,,
8005,37,158,0.00000224,0.343793,0.95,0.95,,,,
8006,37,159,0.00000223,0.563492,0.8,0.95,,,,
8007,37,160,0.00000223,0.829045,0.75,0.9,,,,
8008,37,161,0.00000223,0.754568,0.9,0.9,,,,
8009,37,162,0.00000223,0.531542,0.9,0.95,,,,
8010,37,163,0.00000222,0.457124,0.85,0.95,,,,
8011,37,164,0.00000222,0.310554,0.9,1,,,,
8012,37,165,0.00000222,0.493814,0.85,0.9,,,,
8013,37,166,0.00000221,0.637654,0.8,0.95,,,,
8014,37,167,0.00000221,0.782728,0.8,0.9,,,,
8015,37,168,0.00000221,0.399079,0.95,0.95,,,,
8016,37,169,0.00000221,0.311531,0.95,0.95,,,,
8017,37,170,0.0000022,0.702242,0.85,0.85,,,,
8018,37,171,0.0000022,0.396871,0.9,0.95,,,,
8019,37,172,0.0000022,0.792505,0.8,0.85,,,,
8020,37,173,0.00000219,0.701184,0.8,0.9,,,,
8021,37,174,0.00000219,0.052094,1,1,,,,
8022,37,175,0.00000219,0.467862,0.9,0.9,,,,
8023,37,176,0.00000219,0.563116,0.85,0.95,,,,
8024,37,177,0.00000218,0.546053,0.85,0.9,,,,
8025,37,178,0.00000218,0.46746,0.9,1,,,,
8026,37,179,0.00000218,0.059601,1,1,,,,
8027,37,180,0.00000217,0.829198,0.75,0.85,,,,
8028,37,181,0.00000217,0.167149,0.95,1,,,,
8029,37,182,0.00000217,0.571216,0.9,0.95,,,,
8030,37,183,0.00000216,0.346201,0.85,1,,,,
8031,37,184,0.00000216,0.25313,0.95,0.95,,,,
8032,37,185,0.00000216,0.538262,0.9,0.9,,,,
8033,37,186,0.00000216,0.302966,0.95,0.95,,,,
8034,37,187,0.00000215,0.633805,0.8,0.95,,,,
8035,37,188,0.00000215,0.202776,0.95,0.95,,,,
8036,37,189,0.00000215,0.460569,0.9,0.95,,,,
8037,37,190,0.00000214,0.629898,0.8,1,,,,
8038,37,191,0.00000214,0.609534,0.85,0.9,,,,
8039,37,192,0.00000214,0.829309,0.8,0.85,,,,
8040,37,193,0.00000214,0.313035,0.9,1,,,,
8041,37,194,0.00000213,0.377474,0.9,0.95,,,,
8042,37,195,0.00000213,0.165177,0.95,1,,,,
8043,37,196,0.00000213,0.262574,0.95,1,,,,
8044,37,197,0.00000212,0.783235,0.85,0.9,,,,
8045,37,198,0.00000212,0.908226,0.8,0.9,,,,
8046,37,199,0.00000212,0.968389,0.75,0.8,,,,
8047,37,200,0.00000212,0.767326,0.8,0.85,,,,
8048,37,201,0.00000211,0.047542,1,1,,,,
8049,37,202,0.00000211,0.362922,0.85,0.95,,,,
8050,37,203,0.00000211,0.596075,0.85,0.9,,,,
8051,37,204,0.0000021,0.548091,0.85,0.95,,,,
8052,37,205,0.0000021,0.839838,0.8,0.9,,,,
8053,37,206,0.0000021,0.901471,0.75,0.85,,,,
8054,37,207,0.0000021,0.402741,0.95,0.95,,,,
8055,37,208,0.00000209,0.662514,0.8,0.95,,,,
8056,37,209,0.00000209,0.619411,0.8,0.9,,,,
8057,37,210,0.00000209,0.515019,0.9,0.9,,,,
8058,37,211,0.00000208,0.274687,0.95,0.95,,,,
8059,37,212,0.00000208,0.774591,0.8,0.9,,,,
8060,37,213,0.00000208,0.480364,0.8,1,,,,
8061,37,214,0.00000208,0.508972,0.9,0.95,,,,
8062,37,215,0.00000207,0.143949,0.95,1,,,,
8063,37,216,0.00000207,0.499244,0.9,0.95,,,,
8064,37,217,0.00000207,0.572943,0.8,1,,,,
8065,37,218,0.00000206,0.959276,0.7,0.8,,,,
8066,38,1,0.00000206,1.087017,0.7,0.85,,,,
8067,38,2,0.00000206,0.823321,0.7,0.95,,,,
8068,38,3,0.00000206,0.928693,0.75,0.9,,,,
8069,38,4,0.00000205,1.042017,0.75,0.85,,,,
8070,38,5,0.00000205,0.457942,0.85,1,,,,
8071,38,6,0.00000205,0.907979,0.7,0.85,,,,
8072,38,7,0.00000204,0.517102,0.85,0.95,,,,
8073,38,8,0.00000204,0.520303,0.8,0.95,,,,
8074,38,9,0.00000204,0.689392,0.85,0.95,,,,
8075,38,10,0.00000204,0.746914,0.75,0.9,,,,
8076,38,11,0.00000203,0.670819,0.85,0.9,,,,
8077,38,12,0.00000203,0.517313,0.85,0.95,,,,
8078,38,13,0.00000203,0.53351,0.85,0.95,,,,
8079,38,14,0.00000203,0.654977,0.8,0.9,,,,
8080,38,15,0.00000202,0.464203,0.9,0.9,,,,
8081,38,16,0.00000202,0.692616,0.85,0.9,,,,
8082,38,17,0.00000202,1.334837,0.55,0.85,,,,
8083,38,18,0.00000201,0.821384,0.85,0.9,,,,
8084,38,19,0.00000201,0.468288,0.9,0.95,,,,
8085,38,20,0.00000201,0.717366,0.75,1,,,,
8086,38,21,0.00000201,1.007991,0.75,0.9,,,,
8087,38,22,0.000002,0.621966,0.9,0.95,,,,
8088,38,23,0.000002,0.434472,0.9,0.9,,,,
8089,38,24,0.000002,0.86201,0.8,0.9,,,,
8090,38,25,0.00000199,0.581145,0.85,0.95,,,,
8091,38,26,0.00000199,0.813362,0.75,0.9,,,,
8092,38,27,0.00000199,0.137575,1,1,,,,
8093,38,28,0.00000199,0.843312,0.7,0.95,,,,
8094,38,29,0.00000198,0.770155,0.85,0.85,,,,
8095,38,30,0.00000198,0.396687,0.9,0.95,,,,
8096,38,31,0.00000198,0.356668,0.95,1,,,,
8097,38,32,0.00000198,0.484308,0.9,0.9,,,,
8098,38,33,0.00000197,0.877799,0.8,0.9,,,,
8099,38,34,0.00000197,0.599171,0.85,0.95,,,,
8100,38,35,0.00000197,0.876765,0.7,0.85,,,,
8101,38,36,0.00000196,0.490887,0.8,1,,,,
8102,38,37,0.00000196,0.693255,0.85,0.95,,,,
8103,38,38,0.00000196,1.253726,0.7,0.85,,,,
8104,38,39,0.00000196,0.418856,0.9,1,,,,
8105,38,40,0.00000195,0.659764,0.85,0.9,,,,
8106,38,41,0.00000195,0.371451,0.9,1,,,,
8107,38,42,0.00000195,0.413073,0.9,0.95,,,,
8108,38,43,0.00000194,0.484252,0.8,1,,,,
8109,38,44,0.00000194,0.718916,0.8,0.9,,,,
8110,38,45,0.00000194,0.757169,0.85,0.9,,,,
8111,38,46,0.00000194,1.190768,0.6,0.8,,,,
8112,38,47,0.00000193,0.785889,0.8,0.95,,,,
8113,38,48,0.00000193,0.648256,0.85,0.95,,,,
8114,38,49,0.00000193,1.033385,0.8,0.8,,,,
8115,38,50,0.00000193,0.250368,0.95,1,,,,
8116,38,51,0.00000192,0.677915,0.85,0.9,,,,
8117,38,52,0.00000192,0.686674,0.8,0.9,,,,
8118,38,53,0.00000192,0.371497,0.9,0.95,,,,
8119,38,54,0.00000191,0.400203,0.9,1,,,,
8120,38,55,0.00000191,0.519459,0.9,0.9,,,,
8121,38,56,0.00000191,0.093979,1,1,,,,
8122,38,57,0.00000191,0.672947,0.85,0.85,,,,
8123,38,58,0.0000019,0.273593,0.95,0.95,,,,
8124,38,59,0.0000019,1.5988,0.5,0.8,,,,
8125,38,60,0.0000019,0.802221,0.85,0.9,,,,
8126,38,61,0.0000019,0.689418,0.9,0.95,,,,
8127,38,62,0.00000189,0.203475,0.95,1,,,,
8128,38,63,0.00000189,0.55219,0.85,0.9,,,,
8129,38,64,0.00000189,0.333546,0.85,1,,,,
8130,38,65,0.00000188,0.378939,0.9,0.95,,,,
8131,38,66,0.00000188,0.17881,1,1,,,,
8132,38,67,0.00000188,0.618854,0.9,0.9,,,,
8133,38,68,0.00000188,0.714853,0.9,0.9,,,,
8134,38,69,0.00000187,0.770495,0.85,0.9,,,,
8135,38,70,0.00000187,1.049309,0.7,0.85,,,,
8136,38,71,0.00000187,0.19862,0.95,1,,,,
8137,38,72,0.00000187,0.455885,0.95,0.95,,,,
8138,38,73,0.00000186,0.679242,0.85,0.85,,,,
8139,38,74,0.00000186,0.518167,0.85,0.95,,,,
8140,38,75,0.00000186,0.589392,0.8,0.95,,,,
8141,38,76,0.00000185,0.451407,0.85,0.95,,,,
8142,38,77,0.00000185,0.453233,0.9,0.95,,,,
8143,38,78,0.00000185,0.284513,0.9,1,,,,
8144,38,79,0.00000185,0.208317,0.95,1,,,,
8145,38,80,0.00000184,0.884292,0.6,0.95,,,,
8146,38,81,0.00000184,0.152272,0.9,1,,,,
8147,38,82,0.00000184,0.206656,1,1,,,,
8148,38,83,0.00000184,0.835027,0.85,0.85,,,,
8149,38,84,0.00000183,0.578379,0.75,0.95,,,,
8150,38,85,0.00000183,0.917163,0.75,0.85,,,,
8151,38,86,0.00000183,0.585545,0.85,0.95,,,,
8152,38,87,0.00000183,0.984047,0.75,0.85,,,,
8153,38,88,0.00000182,0.304395,0.95,0.95,,,,
8154,38,89,0.00000182,0.507395,0.85,1,,,,
8155,38,90,0.00000182,0.437205,0.9,0.9,,,,
8156,38,91,0.00000181,0.417394,0.9,0.95,,,,
8157,38,92,0.00000181,0.477803,0.9,0.95,,,,
8158,38,93,0.00000181,0.779433,0.8,0.85,,,,
8159,38,94,0.00000181,0.593388,0.85,0.9,,,,
8160,38,95,0.0000018,0.994816,0.8,0.85,,,,
8161,38,96,0.0000018,0.607433,0.85,0.9,,,,
8162,38,97,0.0000018,0.182057,0.95,1,,,,
8163,38,98,0.0000018,0.800844,0.75,0.95,,,,
8164,38,99,0.00000179,0.485939,0.9,0.95,,,,
8165,38,100,0.00000179,0.782481,0.75,0.95,,,,
8166,38,101,0.00000179,0.459015,0.9,0.95,,,,
8167,38,102,0.00000179,0.905537,0.75,0.9,,,,
8168,38,103,0.00000178,0.464845,0.85,0.95,,,,
8169,38,104,0.00000178,0.327334,0.9,1,,,,
8170,38,105,0.00000178,0.572213,0.85,0.95,,,,
8171,38,106,0.00000178,0.699929,0.7,0.95,,,,
8172,38,107,0.00000177,1.108843,0.7,0.85,,,,
8173,38,108,0.00000177,0.873936,0.8,0.9,,,,
8174,38,109,0.00000177,0.576291,0.85,0.95,,,,
8175,38,110,0.00000176,0.75795,0.8,0.95,,,,
8176,38,111,0.00000176,0.837496,0.8,0.9,,,,
8177,38,112,0.00000176,0.749749,0.8,0.85,,,,
8178,38,113,0.00000176,0.429899,0.85,0.95,,,,
8179,38,114,0.00000175,0.932985,0.75,0.85,,,,
8180,38,115,0.00000175,0.863541,0.85,0.85,,,,
8181,38,116,0.00000175,0.327907,0.9,1,,,,
8182,38,117,0.00000175,0.409592,0.9,1,,,,
8183,38,118,0.00000174,0.824491,0.8,0.9,,,,
8184,38,119,0.00000174,0.767639,0.8,0.95,,,,
8185,38,120,0.00000174,1.081274,0.7,0.85,,,,
8186,38,121,0.00000174,0.438224,0.9,0.95,,,,
8187,38,122,0.00000173,0.490965,0.9,0.95,,,,
8188,38,123,0.00000173,0.323424,0.9,1,,,,
8189,38,124,0.00000173,0.997227,0.7,0.9,,,,
8190,38,125,0.00000173,0.918378,0.8,0.9,,,,
8191,38,126,0.00000172,0.964397,0.8,0.85,,,,
8192,38,127,0.00000172,0.321992,0.95,0.95,,,,
8193,38,128,0.00000172,0.247815,0.9,1,,,,
8194,38,129,0.00000172,0.813632,0.8,0.85,,,,
8195,38,130,0.00000171,0.182914,1,1,,,,
8196,38,131,0.00000171,0.5065,0.8,0.95,,,,
8197,38,132,0.00000171,0.317174,0.85,1,,,,
8198,38,133,0.0000017,0.616233,0.85,0.9,,,,
8199,38,134,0.0000017,0.189987,1,1,,,,
8200,38,135,0.0000017,0.461902,0.9,0.9,,,,
8201,38,136,0.0000017,1.222904,0.7,0.8,,,,
8202,38,137,0.00000169,0.908445,0.75,0.85,,,,
8203,38,138,0.00000169,0.982567,0.8,0.85,,,,
8204,38,139,0.00000169,0.183386,0.95,1,,,,
8205,38,140,0.00000169,1.36858,0.65,0.7,,,,
8206,38,141,0.00000168,0.966875,0.8,0.85,,,,
8207,38,142,0.00000168,0.303716,0.9,1,,,,
8208,38,143,0.00000168,1.066651,0.75,0.8,,,,
8209,38,144,0.00000168,0.288809,0.95,0.95,,,,
8210,38,145,0.00000167,0.193905,1,1,,,,
8211,38,146,0.00000167,1.067522,0.75,0.85,,,,
8212,38,147,0.00000167,0.166616,1,1,,,,
8213,38,148,0.00000167,0.607223,0.9,0.9,,,,
8214,38,149,0.00000166,0.379623,0.9,0.95,,,,
8215,38,150,0.00000166,0.559136,0.9,0.9,,,,
8216,38,151,0.00000166,0.662158,0.75,0.9,,,,
8217,38,152,0.00000166,0.490387,0.9,0.95,,,,
8218,38,153,0.00000165,0.531144,0.85,0.95,,,,
8219,38,154,0.00000165,0.30073,0.95,0.95,,,,
8220,38,155,0.00000165,0.475221,0.9,0.95,,,,
8221,38,156,0.00000165,0.302988,0.95,0.95,,,,
8222,38,157,0.00000164,0.625186,0.8,0.95,,,,
8223,38,158,0.00000164,0.046541,1,1,,,,
8224,38,159,0.00000164,1.617927,0.65,0.7,,,,
8225,38,160,0.00000164,0.708557,0.8,0.95,,,,
8226,38,161,0.00000163,0.676205,0.8,0.95,,,,
8227,38,162,0.00000163,0.457061,0.9,0.9,,,,
8228,38,163,0.00000163,0.623899,0.85,0.9,,,,
8229,38,164,0.00000163,0.640842,0.85,0.9,,,,
8230,38,165,0.00000162,0.473382,0.9,0.9,,,,
8231,38,166,0.00000162,0.719958,0.75,0.9,,,,
8232,38,167,0.00000162,1.195669,0.75,0.75,,,,
8233,38,168,0.00000162,0.348798,0.9,1,,,,
8234,38,169,0.00000161,0.17232,0.95,1,,,,
8235,38,170,0.00000161,0.679938,0.8,0.9,,,,
8236,38,171,0.00000161,0.689668,0.8,1,,,,
8237,38,172,0.00000161,0.724612,0.75,0.9,,,,
8238,38,173,0.0000016,0.459909,0.9,0.95,,,,
8239,38,174,0.0000016,0.7258,0.8,0.9,,,,
8240,38,175,0.0000016,0.662185,0.8,0.95,,,,
8241,38,176,0.0000016,0.812257,0.75,0.95,,,,
8242,38,177,0.00000159,0.554969,0.85,0.9,,,,
8243,38,178,0.00000159,0.158918,1,1,,,,
8244,38,179,0.00000159,0.847877,0.8,0.9,,,,
8245,38,180,0.00000159,0.239247,1,1,,,,
8246,38,181,0.00000158,0.694947,0.8,0.95,,,,
8247,38,182,0.00000158,0.397508,0.95,0.95,,,,
8248,38,183,0.00000158,1.031953,0.75,0.85,,,,
8249,38,184,0.00000158,0.245832,1,1,,,,
8250,38,185,0.00000157,0.051637,1,1,,,,
8251,38,186,0.00000157,0.20873,0.95,0.95,,,,
8252,38,187,0.00000157,0.371166,1,1,,,,
8253,38,188,0.00000157,0.097868,1,1,,,,
8254,38,189,0.00000156,0.993937,0.75,0.85,,,,
8255,38,190,0.00000156,0.846621,0.8,0.95,,,,
8256,38,191,0.00000156,0.337576,0.9,0.95,,,,
8257,38,192,0.00000156,0.050225,1,1,,,,
8258,38,193,0.00000155,0.532414,0.9,0.95,,,,
8259,38,194,0.00000155,0.131595,0.95,1,,,,
8260,38,195,0.00000155,0.256878,0.9,0.95,,,,
8261,38,196,0.00000155,0.17041,1,1,,,,
8262,38,197,0.00000154,0.32758,0.9,1,,,,
8263,38,198,0.00000154,0.364554,0.9,0.95,,,,
8264,38,199,0.00000154,0.271664,0.9,1,,,,
8265,38,200,0.00000154,0.604947,0.75,0.95,,,,
8266,38,201,0.00000153,0.574421,0.9,0.9,,,,
8267,38,202,0.00000153,0.231212,0.95,0.95,,,,
8268,38,203,0.00000153,0.445473,0.8,1,,,,
8269,38,204,0.00000153,1.008532,0.75,0.8,,,,
8270,38,205,0.00000152,0.305712,0.95,0.95,,,,
8271,38,206,0.00000152,0.591543,0.85,0.9,,,,
8272,38,207,0.00000152,0.852812,0.75,0.85,,,,
8273,38,208,0.00000152,0.411527,0.9,0.95,,,,
8274,38,209,0.00000151,0.807017,0.85,0.95,,,,
8275,38,210,0.00000151,0.782942,0.8,0.85,,,,
8276,38,211,0.00000151,0.708464,0.85,0.9,,,,
8277,38,212,0.00000151,0.814425,0.8,0.9,,,,
8278,38,213,0.0000015,0.229451,0.9,1,,,,
8279,38,214,0.0000015,0.398333,0.85,1,,,,
8280,38,215,0.0000015,0.510491,0.8,1,,,,
8281,38,216,0.0000015,0.732921,0.8,0.85,,,,
8282,38,217,0.00000149,0.546458,0.85,0.9,,,,
8283,38,218,0.00000149,0.407097,0.95,1,,,,
8284,39,1,0.00000149,0.436411,0.85,0.95,,,,
8285,39,2,0.00000149,0.473621,0.85,0.9,,,,
8286,39,3,0.00000148,0.458321,0.9,0.95,,,,
8287,39,4,0.00000148,0.359411,0.9,1,,,,
8288,39,5,0.00000148,0.733899,0.8,0.85,,,,
8289,39,6,0.00000148,0.33445,0.9,1,,,,
8290,39,7,0.00000148,0.235752,0.95,1,,,,
8291,39,8,0.00000147,0.680819,0.8,0.95,,,,
8292,39,9,0.00000147,0.279033,0.9,1,,,,
8293,39,10,0.00000147,0.281737,0.9,1,,,,
8294,39,11,0.00000147,0.534714,0.9,0.95,,,,
8295,39,12,0.00000146,0.404394,0.9,1,,,,
8296,39,13,0.00000146,0.569982,0.85,0.95,,,,
8297,39,14,0.00000146,0.396512,0.85,1,,,,
8298,39,15,0.00000146,0.396945,0.95,0.95,,,,
8299,39,16,0.00000145,0.945475,0.85,0.9,,,,
8300,39,17,0.00000145,0.253409,0.95,1,,,,
8301,39,18,0.00000145,0.611146,0.8,0.95,,,,
8302,39,19,0.00000145,0.164584,1,1,,,,
8303,39,20,0.00000144,0.407193,0.9,0.95,,,,
8304,39,21,0.00000144,0.827861,0.75,0.85,,,,
8305,39,22,0.00000144,0.718019,0.85,0.95,,,,
8306,39,23,0.00000144,0.743405,0.85,0.9,,,,
8307,39,24,0.00000143,0.774245,0.8,0.85,,,,
8308,39,25,0.00000143,0.218177,0.95,1,,,,
8309,39,26,0.00000143,0.898568,0.8,0.85,,,,
8310,39,27,0.00000143,0.532066,0.8,1,,,,
8311,39,28,0.00000142,0.294748,0.95,0.95,,,,
8312,39,29,0.00000142,0.378677,0.9,0.95,,,,
8313,39,30,0.00000142,0.36398,0.85,1,,,,
8314,39,31,0.00000142,0.360747,0.8,1,,,,
8315,39,32,0.00000142,0.699892,0.7,0.9,,,,
8316,39,33,0.00000141,0.653159,0.8,0.9,,,,
8317,39,34,0.00000141,0.939228,0.7,0.9,,,,
8318,39,35,0.00000141,0.353833,0.9,1,,,,
8319,39,36,0.00000141,0.314019,0.9,1,,,,
8320,39,37,0.0000014,0.721367,0.8,0.9,,,,
8321,39,38,0.0000014,0.287569,0.85,1,,,,
8322,39,39,0.0000014,0.549665,0.85,1,,,,
8323,39,40,0.0000014,0.586696,0.85,0.95,,,,
8324,39,41,0.00000139,0.707243,0.75,0.95,,,,
8325,39,42,0.00000139,1.002781,0.8,0.85,,,,
8326,39,43,0.00000139,0.603959,0.9,0.9,,,,
8327,39,44,0.00000139,0.523981,0.9,0.95,,,,
8328,39,45,0.00000138,0.813252,0.8,0.9,,,,
8329,39,46,0.00000138,0.651895,0.9,0.95,,,,
8330,39,47,0.00000138,0.248821,0.9,1,,,,
8331,39,48,0.00000138,0.536307,0.85,0.9,,,,
8332,39,49,0.00000138,0.535854,0.85,0.95,,,,
8333,39,50,0.00000137,0.395185,0.9,0.95,,,,
8334,39,51,0.00000137,0.409646,0.95,0.95,,,,
8335,39,52,0.00000137,0.355417,0.9,1,,,,
8336,39,53,0.00000137,0.148275,1,1,,,,
8337,39,54,0.00000136,0.212418,0.95,1,,,,
8338,39,55,0.00000136,0.474223,0.75,1,,,,
8339,39,56,0.00000136,0.510365,0.85,0.95,,,,
8340,39,57,0.00000136,0.639773,0.85,0.9,,,,
8341,39,58,0.00000135,0.105163,0.95,1,,,,
8342,39,59,0.00000135,0.281792,0.9,1,,,,
8343,39,60,0.00000135,0.761781,0.85,0.95,,,,
8344,39,61,0.00000135,0.316334,0.9,1,,,,
8345,39,62,0.00000135,0.578893,0.85,1,,,,
8346,39,63,0.00000134,0.565679,0.9,0.95,,,,
8347,39,64,0.00000134,0.040239,1,1,,,,
8348,39,65,0.00000134,1.0687,0.7,0.85,,,,
8349,39,66,0.00000134,0.395701,0.9,1,,,,
8350,39,67,0.00000133,0.440363,0.85,1,,,,
8351,39,68,0.00000133,0.094889,1,1,,,,
8352,39,69,0.00000133,0.413777,0.85,1,,,,
8353,39,70,0.00000133,0.231795,0.95,1,,,,
8354,39,71,0.00000132,0.319449,0.85,1,,,,
8355,39,72,0.00000132,0.271051,0.95,0.95,,,,
8356,39,73,0.00000132,0.75827,0.85,0.85,,,,
8357,39,74,0.00000132,0.445642,0.85,1,,,,
8358,39,75,0.00000132,0.791045,0.7,0.95,,,,
8359,39,76,0.00000131,0.394399,0.95,0.95,,,,
8360,39,77,0.00000131,0.16746,0.95,1,,,,
8361,39,78,0.00000131,0.97037,0.8,0.8,,,,
8362,39,79,0.00000131,0.634518,0.8,0.9,,,,
8363,39,80,0.0000013,0.905906,0.7,0.85,,,,
8364,39,81,0.0000013,0.695509,0.75,1,,,,
8365,39,82,0.0000013,0.72534,0.85,0.9,,,,
8366,39,83,0.0000013,0.723762,0.8,0.9,,,,
8367,39,84,0.0000013,0.508548,0.85,0.95,,,,
8368,39,85,0.00000129,0.402301,0.95,1,,,,
8369,39,86,0.00000129,1.057662,0.7,0.85,,,,
8370,39,87,0.00000129,0.639829,0.85,0.85,,,,
8371,39,88,0.00000129,0.864454,0.75,0.85,,,,
8372,39,89,0.00000128,0.377589,0.85,0.95,,,,
8373,39,90,0.00000128,1.003181,0.7,0.85,,,,
8374,39,91,0.00000128,1.154746,0.7,0.8,,,,
8375,39,92,0.00000128,0.336792,0.9,0.95,,,,
8376,39,93,0.00000127,0.348535,0.9,0.95,,,,
8377,39,94,0.00000127,0.635209,0.8,1,,,,
8378,39,95,0.00000127,0.406232,0.9,1,,,,
8379,39,96,0.00000127,0.378147,0.9,1,,,,
8380,39,97,0.00000127,1.095783,0.7,0.9,,,,
8381,39,98,0.00000126,0.110803,0.95,1,,,,
8382,39,99,0.00000126,0.589518,0.9,0.9,,,,
8383,39,100,0.00000126,0.952822,0.7,0.9,,,,
8384,39,101,0.00000126,0.461004,0.85,0.95,,,,
8385,39,102,0.00000125,0.889995,0.8,0.8,,,,
8386,39,103,0.00000125,0.286201,0.95,0.95,,,,
8387,39,104,0.00000125,0.743288,0.8,0.9,,,,
8388,39,105,0.00000125,0.280115,0.95,0.95,,,,
8389,39,106,0.00000125,0.360691,0.9,1,,,,
8390,39,107,0.00000124,0.776544,0.8,0.85,,,,
8391,39,108,0.00000124,0.448386,0.95,0.95,,,,
8392,39,109,0.00000124,0.616989,0.8,0.95,,,,
8393,39,110,0.00000124,0.59372,0.8,0.9,,,,
8394,39,111,0.00000123,0.338448,0.85,0.95,,,,
8395,39,112,0.00000123,0.088443,1,1,,,,
8396,39,113,0.00000123,0.425568,0.8,1,,,,
8397,39,114,0.00000123,0.314665,0.95,0.95,,,,
8398,39,115,0.00000123,0.224342,0.95,1,,,,
8399,39,116,0.00000122,0.242214,0.95,1,,,,
8400,39,117,0.00000122,0.511639,0.95,0.95,,,,
8401,39,118,0.00000122,0.516804,0.9,0.9,,,,
8402,39,119,0.00000122,0.501689,0.8,0.95,,,,
8403,39,120,0.00000121,0.405385,0.9,0.95,,,,
8404,39,121,0.00000121,0.535082,0.9,0.95,,,,
8405,39,122,0.00000121,0.413454,0.85,0.95,,,,
8406,39,123,0.00000121,0.537843,0.8,0.9,,,,
8407,39,124,0.00000121,0.213779,1,1,,,,
8408,39,125,0.0000012,0.825249,0.9,0.9,,,,
8409,39,126,0.0000012,0.683592,0.85,0.9,,,,
8410,39,127,0.0000012,0.487241,0.9,0.95,,,,
8411,39,128,0.0000012,0.623206,0.8,0.9,,,,
8412,39,129,0.0000012,0.435996,0.85,1,,,,
8413,39,130,0.00000119,0.447384,0.9,0.95,,,,
8414,39,131,0.00000119,0.680367,0.85,0.9,,,,
8415,39,132,0.00000119,0.202675,0.95,0.95,,,,
8416,39,133,0.00000119,0.62802,0.85,0.95,,,,
8417,39,134,0.00000118,0.889535,0.8,0.85,,,,
8418,39,135,0.00000118,0.172039,1,1,,,,
8419,39,136,0.00000118,0.582781,0.9,0.9,,,,
8420,39,137,0.00000118,0.925778,0.75,0.85,,,,
8421,39,138,0.00000118,0.528041,0.85,1,,,,
8422,39,139,0.00000117,0.322313,0.95,0.95,,,,
8423,39,140,0.00000117,0.643169,0.8,0.95,,,,
8424,39,141,0.00000117,0.36558,0.95,0.95,,,,
8425,39,142,0.00000117,0.349687,0.9,1,,,,
8426,39,143,0.00000116,0.250883,0.95,0.95,,,,
8427,39,144,0.00000116,0.555104,0.9,0.9,,,,
8428,39,145,0.00000116,0.370382,0.95,0.95,,,,
8429,39,146,0.00000116,0.36078,0.9,0.95,,,,
8430,39,147,0.00000116,0.879916,0.7,0.95,,,,
8431,39,148,0.00000115,0.674606,0.75,0.95,,,,
8432,39,149,0.00000115,0.586712,0.9,0.9,,,,
8433,39,150,0.00000115,1.226924,0.7,0.8,,,,
8434,39,151,0.00000115,0.865679,0.8,0.85,,,,
8435,39,152,0.00000115,0.215107,0.95,1,,,,
8436,39,153,0.00000114,0.386825,0.85,0.95,,,,
8437,39,154,0.00000114,0.67234,0.8,0.95,,,,
8438,39,155,0.00000114,0.81117,0.85,0.85,,,,
8439,39,156,0.00000114,0.788129,0.8,0.85,,,,
8440,39,157,0.00000114,0.504016,0.85,0.95,,,,
8441,39,158,0.00000113,0.644402,0.85,0.9,,,,
8442,39,159,0.00000113,0.3525,0.9,0.95,,,,
8443,39,160,0.00000113,0.669353,0.8,1,,,,
8444,39,161,0.00000113,0.255062,0.9,1,,,,
8445,39,162,0.00000112,0.522114,0.85,0.95,,,,
8446,39,163,0.00000112,0.448465,0.85,0.95,,,,
8447,39,164,0.00000112,0.253611,0.95,1,,,,
8448,39,165,0.00000112,0.669194,0.9,0.95,,,,
8449,39,166,0.00000112,0.502771,0.85,0.95,,,,
8450,39,167,0.00000111,0.687968,0.8,0.9,,,,
8451,39,168,0.00000111,0.590719,0.85,0.95,,,,
8452,39,169,0.00000111,0.474286,0.95,0.95,,,,
8453,39,170,0.00000111,0.34309,0.9,0.95,,,,
8454,39,171,0.00000111,0.188088,0.95,1,,,,
8455,39,172,0.0000011,1.062785,0.75,0.85,,,,
8456,39,173,0.0000011,0.907477,0.75,0.85,,,,
8457,39,174,0.0000011,0.210235,0.95,1,,,,
8458,39,175,0.0000011,0.168564,0.95,1,,,,
8459,39,176,0.0000011,0.924212,0.75,0.9,,,,
8460,39,177,0.00000109,0.817579,0.8,0.85,,,,
8461,39,178,0.00000109,0.566928,0.85,0.9,,,,
8462,39,179,0.00000109,0.433269,0.85,1,,,,
8463,39,180,0.00000109,0.455027,0.9,1,,,,
8464,39,181,0.00000108,0.199485,0.95,1,,,,
8465,39,182,0.00000108,0.562466,0.9,0.95,,,,
8466,39,183,0.00000108,0.820475,0.8,0.95,,,,
8467,39,184,0.00000108,0.393331,0.9,0.9,,,,
8468,39,185,0.00000108,0.232112,0.9,1,,,,
8469,39,186,0.00000107,0.706377,0.85,0.9,,,,
8470,39,187,0.00000107,0.418817,0.9,0.95,,,,
8471,39,188,0.00000107,0.373019,0.95,1,,,,
8472,39,189,0.00000107,0.562327,0.85,0.9,,,,
8473,39,190,0.00000107,0.409525,0.95,0.95,,,,
8474,39,191,0.00000106,0.334589,0.95,0.95,,,,
8475,39,192,0.00000106,0.789361,0.8,0.9,,,,
8476,39,193,0.00000106,1.12693,0.65,0.9,,,,
8477,39,194,0.00000106,0.501136,0.9,0.95,,,,
8478,39,195,0.00000106,0.493178,0.9,1,,,,
8479,39,196,0.00000105,0.595598,0.8,0.9,,,,
8480,39,197,0.00000105,0.351259,0.9,0.9,,,,
8481,39,198,0.00000105,0.536588,0.85,0.95,,,,
8482,39,199,0.00000105,0.772372,0.8,0.85,,,,
8483,39,200,0.00000105,0.226166,0.95,1,,,,
8484,39,201,0.00000104,0.406831,0.9,1,,,,
8485,39,202,0.00000104,0.846874,0.75,0.9,,,,
8486,39,203,0.00000104,0.751,0.75,0.9,,,,
8487,39,204,0.00000104,0.709085,0.8,0.85,,,,
8488,39,205,0.00000104,0.7799,0.8,0.95,,,,
8489,39,206,0.00000103,1.039271,0.75,0.85,,,,
8490,39,207,0.00000103,0.435147,0.9,0.95,,,,
8491,39,208,0.00000103,0.638349,0.9,0.95,,,,
8492,39,209,0.00000103,0.464298,0.85,1,,,,
8493,39,210,0.00000103,0.186884,0.95,1,,,,
8494,39,211,0.00000102,0.482272,0.9,1,,,,
8495,39,212,0.00000102,0.294537,0.9,0.95,,,,
8496,39,213,0.00000102,0.39395,0.9,1,,,,
8497,39,214,0.00000102,0.855545,0.75,0.8,,,,
8498,39,215,0.00000102,0.607065,0.85,0.9,,,,
8499,39,216,0.00000101,0.520098,0.85,0.95,,,,
8500,39,217,0.00000101,0.665001,0.85,0.85,,,,
8501,39,218,0.00000101,0.069421,1,1,,,,
8502,40,1,0.00000101,0.339335,0.95,0.95,,,,
8503,40,2,0.00000101,0.213329,0.95,1,,,,
8504,40,3,0.000001,0.42271,0.85,0.95,,,,
8505,40,4,0.000001,0.980095,0.8,0.8,,,,
8506,40,5,0.000001,0.779695,0.85,0.9,,,,
8507,40,6,0.000001,0.452239,0.85,0.95,,,,
8508,40,7,0.000001,0.788723,0.75,0.9,,,,
8509,40,8,0.00000099,0.286345,0.95,1,,,,
8510,40,9,0.00000099,0.253897,0.95,1,,,,
8511,40,10,0.00000099,0.920585,0.8,0.85,,,,
8512,40,11,0.00000099,0.377341,0.85,1,,,,
8513,40,12,0.00000099,0.799422,0.75,0.9,,,,
8514,40,13,0.00000098,1.011077,0.8,0.85,,,,
8515,40,14,0.00000098,0.35192,0.9,1,,,,
8516,40,15,0.00000098,0.670933,0.8,0.95,,,,
8517,40,16,0.00000098,1.328507,0.65,0.85,,,,
8518,40,17,0.00000098,0.164556,1,1,,,,
8519,40,18,0.00000097,0.68856,0.85,0.9,,,,
8520,40,19,0.00000097,1.102474,0.8,0.9,,,,
8521,40,20,0.00000097,0.692843,0.8,0.9,,,,
8522,40,21,0.00000097,0.285152,0.95,1,,,,
8523,40,22,0.00000097,0.205734,0.95,1,,,,
8524,40,23,0.00000096,0.468793,0.9,0.95,,,,
8525,40,24,0.00000096,1.035433,0.8,0.9,,,,
8526,40,25,0.00000096,0.476905,0.9,0.9,,,,
8527,40,26,0.00000096,1.021833,0.8,0.85,,,,
8528,40,27,0.00000096,0.715869,0.85,0.95,,,,
8529,40,28,0.00000095,0.647475,0.8,0.9,,,,
8530,40,29,0.00000095,0.506926,0.8,0.95,,,,
8531,40,30,0.00000095,0.409037,0.9,0.95,,,,
8532,40,31,0.00000095,0.59046,0.9,0.9,,,,
8533,40,32,0.00000095,0.551675,0.9,0.95,,,,
8534,40,33,0.00000094,0.145767,0.95,1,,,,
8535,40,34,0.00000094,1.066916,0.75,0.8,,,,
8536,40,35,0.00000094,0.402202,0.85,1,,,,
8537,40,36,0.00000094,0.43809,0.9,1,,,,
8538,40,37,0.00000094,0.559623,0.85,0.95,,,,
8539,40,38,0.00000093,0.390609,1,1,,,,
8540,40,39,0.00000093,0.500561,0.85,0.9,,,,
8541,40,40,0.00000093,0.459102,0.8,1,,,,
8542,40,41,0.00000093,0.467054,0.9,0.95,,,,
8543,40,42,0.00000093,0.62001,0.85,0.9,,,,
8544,40,43,0.00000092,0.571794,0.85,0.95,,,,
8545,40,44,0.00000092,0.380121,0.95,0.95,,,,
8546,40,45,0.00000092,0.50113,0.8,1,,,,
8547,40,46,0.00000092,0.872154,0.75,0.85,,,,
8548,40,47,0.00000092,0.946031,0.75,0.85,,,,
8549,40,48,0.00000092,0.436854,0.85,1,,,,
8550,40,49,0.00000091,0.68357,0.85,0.9,,,,
8551,40,50,0.00000091,1.129897,0.75,0.85,,,,
8552,40,51,0.00000091,0.32797,0.9,1,,,,
8553,40,52,0.00000091,0.355303,0.95,1,,,,
8554,40,53,0.00000091,1.189146,0.65,0.85,,,,
8555,40,54,0.0000009,0.711654,0.85,0.9,,,,
8556,40,55,0.0000009,0.797695,0.7,0.9,,,,
8557,40,56,0.0000009,0.590971,0.9,0.9,,,,
8558,40,57,0.0000009,0.482405,0.85,0.95,,,,
8559,40,58,0.0000009,0.523009,0.9,1,,,,
8560,40,59,0.00000089,0.570489,0.85,0.95,,,,
8561,40,60,0.00000089,0.583586,0.85,0.85,,,,
8562,40,61,0.00000089,0.620953,0.85,0.95,,,,
8563,40,62,0.00000089,0.975828,0.75,0.85,,,,
8564,40,63,0.00000089,0.532708,0.95,0.95,,,,
8565,40,64,0.00000088,0.517351,0.9,0.95,,,,
8566,40,65,0.00000088,0.343262,0.9,1,,,,
8567,40,66,0.00000088,0.51297,0.9,0.95,,,,
8568,40,67,0.00000088,0.340356,0.95,1,,,,
8569,40,68,0.00000088,0.61211,0.85,0.9,,,,
8570,40,69,0.00000088,0.30504,0.9,1,,,,
8571,40,70,0.00000087,0.913174,0.7,0.9,,,,
8572,40,71,0.00000087,0.294399,0.9,1,,,,
8573,40,72,0.00000087,0.663898,0.7,1,,,,
8574,40,73,0.00000087,0.414897,0.9,0.95,,,,
8575,40,74,0.00000087,0.649582,0.85,0.9,,,,
8576,40,75,0.00000086,0.678046,0.8,0.9,,,,
8577,40,76,0.00000086,0.525856,0.85,1,,,,
8578,40,77,0.00000086,0.83354,0.8,0.85,,,,
8579,40,78,0.00000086,0.886687,0.8,0.85,,,,
8580,40,79,0.00000086,0.308988,0.9,1,,,,
8581,40,80,0.00000085,0.690135,0.8,0.9,,,,
8582,40,81,0.00000085,0.49325,0.9,0.95,,,,
8583,40,82,0.00000085,0.963854,0.75,0.8,,,,
8584,40,83,0.00000085,0.473007,0.85,0.95,,,,
8585,40,84,0.00000085,1.165639,0.7,0.85,,,,
8586,40,85,0.00000085,0.682459,0.9,0.9,,,,
8587,40,86,0.00000084,0.190769,0.95,1,,,,
8588,40,87,0.00000084,0.344689,0.85,1,,,,
8589,40,88,0.00000084,0.693255,0.85,0.85,,,,
8590,40,89,0.00000084,0.875627,0.7,0.85,,,,
8591,40,90,0.00000084,0.342388,0.85,1,,,,
8592,40,91,0.00000083,0.250126,0.95,0.95,,,,
8593,40,92,0.00000083,0.876296,0.75,0.85,,,,
8594,40,93,0.00000083,0.498856,0.85,1,,,,
8595,40,94,0.00000083,0.290421,0.95,0.95,,,,
8596,40,95,0.00000083,1.077093,0.7,0.85,,,,
8597,40,96,0.00000083,0.954535,0.7,0.9,,,,
8598,40,97,0.00000082,0.343523,0.85,1,,,,
8599,40,98,0.00000082,0.647229,0.9,0.95,,,,
8600,40,99,0.00000082,0.928167,0.75,0.85,,,,
8601,40,100,0.00000082,0.756579,0.8,0.9,,,,
8602,40,101,0.00000082,0.745904,0.85,0.9,,,,
8603,40,102,0.00000081,0.399843,0.95,0.95,,,,
8604,40,103,0.00000081,0.487626,0.9,0.95,,,,
8605,40,104,0.00000081,0.644188,0.8,0.95,,,,
8606,40,105,0.00000081,0.861464,0.75,0.85,,,,
8607,40,106,0.00000081,0.280206,0.9,0.95,,,,
8608,40,107,0.00000081,0.53296,0.85,0.95,,,,
8609,40,108,0.0000008,0.313257,0.95,1,,,,
8610,40,109,0.0000008,0.688049,0.85,0.9,,,,
8611,40,110,0.0000008,0.966517,0.7,0.85,,,,
8612,40,111,0.0000008,0.226065,0.95,1,,,,
8613,40,112,0.0000008,0.667225,0.9,0.9,,,,
8614,40,113,0.00000079,0.877786,0.65,0.95,,,,
8615,40,114,0.00000079,0.258252,0.95,1,,,,
8616,40,115,0.00000079,0.652374,0.85,0.9,,,,
8617,40,116,0.00000079,0.383305,0.9,1,,,,
8618,40,117,0.00000079,0.904978,0.75,0.9,,,,
8619,40,118,0.00000079,0.660765,0.9,0.95,,,,
8620,40,119,0.00000078,0.556245,0.75,1,,,,
8621,40,120,0.00000078,0.527001,0.85,0.95,,,,
8622,40,121,0.00000078,0.62266,0.8,0.95,,,,
8623,40,122,0.00000078,0.546887,0.8,0.9,,,,
8624,40,123,0.00000078,0.03999,1,1,,,,
8625,40,124,0.00000078,0.654271,0.8,0.95,,,,
8626,40,125,0.00000077,0.647445,0.9,0.9,,,,
8627,40,126,0.00000077,0.614348,0.85,0.9,,,,
8628,40,127,0.00000077,0.706467,0.8,0.9,,,,
8629,40,128,0.00000077,0.485365,0.85,1,,,,
8630,40,129,0.00000077,0.488396,0.9,0.9,,,,
8631,40,130,0.00000076,0.909387,0.75,0.8,,,,
8632,40,131,0.00000076,0.663163,0.8,0.95,,,,
8633,40,132,0.00000076,0.885074,0.75,0.85,,,,
8634,40,133,0.00000076,0.696605,0.75,0.95,,,,
8635,40,134,0.00000076,0.363222,0.9,0.95,,,,
8636,40,135,0.00000076,1.185416,0.7,0.85,,,,
8637,40,136,0.00000075,0.931994,0.65,0.85,,,,
8638,40,137,0.00000075,0.853377,0.8,0.9,,,,
8639,40,138,0.00000075,0.423955,0.9,0.95,,,,
8640,40,139,0.00000075,0.46929,0.85,1,,,,
8641,40,140,0.00000075,0.245642,0.95,1,,,,
8642,40,141,0.00000075,0.936476,0.7,0.9,,,,
8643,40,142,0.00000074,1.010277,0.7,0.9,,,,
8644,40,143,0.00000074,0.622889,0.85,0.95,,,,
8645,40,144,0.00000074,0.527547,0.85,0.9,,,,
8646,40,145,0.00000074,0.695695,0.85,0.95,,,,
8647,40,146,0.00000074,0.232381,0.95,0.95,,,,
8648,40,147,0.00000074,0.330051,0.9,1,,,,
8649,40,148,0.00000073,0.235914,0.95,0.95,,,,
8650,40,149,0.00000073,0.367404,0.9,1,,,,
8651,40,150,0.00000073,0.73171,0.8,0.9,,,,
8652,40,151,0.00000073,1.069221,0.75,0.85,,,,
8653,40,152,0.00000073,0.108142,1,1,,,,
8654,40,153,0.00000073,0.414933,0.95,0.95,,,,
8655,40,154,0.00000072,0.160435,1,1,,,,
8656,40,155,0.00000072,1.342748,0.7,0.8,,,,
8657,40,156,0.00000072,0.442095,0.9,0.95,,,,
8658,40,157,0.00000072,0.339272,0.85,0.95,,,,
8659,40,158,0.00000072,0.153318,0.95,1,,,,
8660,40,159,0.00000071,0.436133,0.9,0.95,,,,
8661,40,160,0.00000071,0.703731,0.8,0.95,,,,
8662,40,161,0.00000071,0.81271,0.8,0.85,,,,
8663,40,162,0.00000071,0.630734,0.8,0.95,,,,
8664,40,163,0.00000071,0.650647,0.8,0.95,,,,
8665,40,164,0.00000071,0.434028,0.85,0.95,,,,
8666,40,165,0.0000007,0.598565,0.85,0.95,,,,
8667,40,166,0.0000007,0.578925,0.9,0.95,,,,
8668,40,167,0.0000007,0.716273,0.75,0.9,,,,
8669,40,168,0.0000007,0.362377,0.9,1,,,,
8670,40,169,0.0000007,0.401704,0.9,1,,,,
8671,40,170,0.0000007,0.687864,0.8,0.9,,,,
8672,40,171,0.00000069,0.92628,0.7,0.95,,,,
8673,40,172,0.00000069,0.602567,0.85,0.9,,,,
8674,40,173,0.00000069,0.45002,0.85,0.95,,,,
8675,40,174,0.00000069,0.713103,0.85,0.95,,,,
8676,40,175,0.00000069,0.96803,0.75,0.85,,,,
8677,40,176,0.00000069,0.820458,0.75,0.95,,,,
8678,40,177,0.00000068,0.470451,0.9,0.9,,,,
8679,40,178,0.00000068,0.089187,1,1,,,,
8680,40,179,0.00000068,0.705702,0.8,0.9,,,,
8681,40,180,0.00000068,0.299202,0.95,0.95,,,,
8682,40,181,0.00000068,0.725653,0.8,0.9,,,,
8683,40,182,0.00000068,0.277282,0.95,0.95,,,,
8684,40,183,0.00000067,0.522161,0.9,0.95,,,,
8685,40,184,0.00000067,0.516593,0.9,0.9,,,,
8686,40,185,0.00000067,1.038033,0.75,0.75,,,,
8687,40,186,0.00000067,0.439356,0.85,0.95,,,,
8688,40,187,0.00000067,0.337043,0.9,1,,,,
8689,40,188,0.00000067,0.382568,0.9,0.95,,,,
8690,40,189,0.00000067,0.300394,0.9,1,,,,
8691,40,190,0.00000066,0.602369,0.9,0.9,,,,
8692,40,191,0.00000066,0.361475,0.85,1,,,,
8693,40,192,0.00000066,0.37909,0.9,0.95,,,,
8694,40,193,0.00000066,0.741167,0.8,0.85,,,,
8695,40,194,0.00000066,0.541382,0.8,0.95,,,,
8696,40,195,0.00000066,0.486526,0.8,0.95,,,,
8697,40,196,0.00000065,0.612332,0.8,0.95,,,,
8698,40,197,0.00000065,0.655589,0.8,0.9,,,,
8699,40,198,0.00000065,0.473949,0.9,0.95,,,,
8700,40,199,0.00000065,0.151248,1,1,,,,
8701,40,200,0.00000065,0.721167,0.75,0.9,,,,
8702,40,201,0.00000065,0.712769,0.8,0.9,,,,
8703,40,202,0.00000064,0.468326,0.85,0.9,,,,
8704,40,203,0.00000064,0.879923,0.7,0.85,,,,
8705,40,204,0.00000064,0.620234,0.75,0.95,,,,
8706,40,205,0.00000064,0.650763,0.85,0.9,,,,
8707,40,206,0.00000064,0.829185,0.8,0.95,,,,
8708,40,207,0.00000064,0.312315,1,1,,,,
8709,40,208,0.00000063,0.848413,0.8,0.9,,,,
8710,40,209,0.00000063,1.11095,0.8,0.8,,,,
8711,40,210,0.00000063,0.636672,0.8,0.9,,,,
8712,40,211,0.00000063,0.675118,0.8,0.95,,,,
8713,40,212,0.00000063,0.755826,0.8,0.9,,,,
8714,40,213,0.00000063,0.765097,0.8,0.9,,,,
8715,40,214,0.00000062,0.621362,0.8,1,,,,
8716,40,215,0.00000062,0.388359,0.9,1,,,,
8717,40,216,0.00000062,1.004303,0.75,0.9,,,,
8718,40,217,0.00000062,0.251362,0.9,1,,,,
8719,40,218,0.00000062,0.488116,0.85,0.95,,,,
8720,41,1,0.00000062,0.548909,0.85,0.95,,,,
8721,41,2,0.00000062,0.303644,0.85,1,,,,
8722,41,3,0.00000061,0.138215,1,1,,,,
8723,41,4,0.00000061,0.38559,0.9,0.95,,,,
8724,41,5,0.00000061,1.250091,0.75,0.85,,,,
8725,41,6,0.00000061,0.825853,0.75,0.95,,,,
8726,41,7,0.00000061,0.799935,0.8,0.9,,,,
8727,41,8,0.00000061,0.201655,0.95,1,,,,
8728,41,9,0.0000006,0.37237,0.85,1,,,,
8729,41,10,0.0000006,0.849024,0.85,0.85,,,,
8730,41,11,0.0000006,0.350283,0.85,1,,,,
8731,41,12,0.0000006,0.734403,0.75,0.95,,,,
8732,41,13,0.0000006,0.238621,0.9,1,,,,
8733,41,14,0.0000006,0.748751,0.8,0.9,,,,
8734,41,15,0.0000006,0.51997,0.95,0.95,,,,
8735,41,16,0.00000059,0.794795,0.7,0.9,,,,
8736,41,17,0.00000059,0.589619,0.85,0.9,,,,
8737,41,18,0.00000059,0.442176,0.9,0.9,,,,
8738,41,19,0.00000059,0.676377,0.8,1,,,,
8739,41,20,0.00000059,0.275316,0.95,1,,,,
8740,41,21,0.00000059,0.581169,0.85,0.95,,,,
8741,41,22,0.00000058,0.679884,0.8,0.95,,,,
8742,41,23,0.00000058,0.185177,0.95,1,,,,
8743,41,24,0.00000058,0.520067,0.8,0.95,,,,
8744,41,25,0.00000058,1.040513,0.65,0.85,,,,
8745,41,26,0.00000058,0.807242,0.75,0.9,,,,
8746,41,27,0.00000058,0.61905,0.8,1,,,,
8747,41,28,0.00000058,0.56734,0.85,0.95,,,,
8748,41,29,0.00000057,0.51534,0.9,0.95,,,,
8749,41,30,0.00000057,0.609823,0.9,0.95,,,,
8750,41,31,0.00000057,0.924227,0.75,0.85,,,,
8751,41,32,0.00000057,0.63563,0.85,0.95,,,,
8752,41,33,0.00000057,0.561257,0.8,0.95,,,,
8753,41,34,0.00000057,0.793142,0.8,0.9,,,,
8754,41,35,0.00000056,0.895634,0.7,0.95,,,,
8755,41,36,0.00000056,0.793802,0.8,0.9,,,,
8756,41,37,0.00000056,0.284445,0.9,0.95,,,,
8757,41,38,0.00000056,0.331038,0.95,0.95,,,,
8758,41,39,0.00000056,0.32006,0.95,1,,,,
8759,41,40,0.00000056,0.610791,0.95,0.95,,,,
8760,41,41,0.00000056,1.106062,0.75,0.85,,,,
8761,41,42,0.00000055,0.388494,0.85,0.95,,,,
8762,41,43,0.00000055,0.819539,0.8,0.9,,,,
8763,41,44,0.00000055,0.365182,0.9,0.95,,,,
8764,41,45,0.00000055,0.344841,0.9,0.95,,,,
8765,41,46,0.00000055,0.692215,0.8,0.9,,,,
8766,41,47,0.00000055,0.625275,0.85,0.95,,,,
8767,41,48,0.00000055,0.676815,0.9,0.9,,,,
8768,41,49,0.00000054,0.897706,0.75,0.9,,,,
8769,41,50,0.00000054,0.446438,0.95,0.95,,,,
8770,41,51,0.00000054,0.603848,0.8,0.95,,,,
8771,41,52,0.00000054,0.838267,0.8,0.9,,,,
8772,41,53,0.00000054,1.501907,0.6,0.75,,,,
8773,41,54,0.00000054,0.541235,0.9,0.95,,,,
8774,41,55,0.00000053,0.689765,0.8,0.95,,,,
8775,41,56,0.00000053,0.492741,0.85,0.95,,,,
8776,41,57,0.00000053,0.416785,0.9,0.95,,,,
8777,41,58,0.00000053,0.596104,0.75,0.9,,,,
8778,41,59,0.00000053,0.515574,0.8,0.95,,,,
8779,41,60,0.00000053,0.340495,0.85,1,,,,
8780,41,61,0.00000053,0.185189,0.9,1,,,,
8781,41,62,0.00000052,0.644802,0.75,0.95,,,,
8782,41,63,0.00000052,0.566366,0.85,0.95,,,,
8783,41,64,0.00000052,0.788731,0.8,0.9,,,,
8784,41,65,0.00000052,0.253819,0.95,1,,,,
8785,41,66,0.00000052,0.253786,0.95,0.95,,,,
8786,41,67,0.00000052,0.455968,0.85,0.95,,,,
8787,41,68,0.00000052,0.924521,0.8,0.85,,,,
8788,41,69,0.00000051,1.112992,0.75,0.8,,,,
8789,41,70,0.00000051,0.329938,0.95,1,,,,
8790,41,71,0.00000051,0.27841,0.95,1,,,,
8791,41,72,0.00000051,0.736007,0.9,0.9,,,,
8792,41,73,0.00000051,0.584741,0.9,0.95,,,,
8793,41,74,0.00000051,0.778742,0.8,0.9,,,,
8794,41,75,0.00000051,0.568278,0.85,0.9,,,,
8795,41,76,0.0000005,0.745658,0.8,0.9,,,,
8796,41,77,0.0000005,0.342558,0.9,0.95,,,,
8797,41,78,0.0000005,0.501237,0.9,0.95,,,,
8798,41,79,0.0000005,0.383471,0.9,0.95,,,,
8799,41,80,0.0000005,0.780525,0.75,0.95,,,,
8800,41,81,0.0000005,0.983271,0.75,0.9,,,,
8801,41,82,0.0000005,0.583529,0.8,0.95,,,,
8802,41,83,0.00000049,0.406957,0.9,0.95,,,,
8803,41,84,0.00000049,0.0749,1,1,,,,
8804,41,85,0.00000049,0.650343,0.7,0.9,,,,
8805,41,86,0.00000049,0.229965,0.95,0.95,,,,
8806,41,87,0.00000049,0.375139,0.9,0.95,,,,
8807,41,88,0.00000049,0.174418,0.95,1,,,,
8808,41,89,0.00000049,0.729148,0.85,0.9,,,,
8809,41,90,0.00000048,0.278437,0.9,1,,,,
8810,41,91,0.00000048,0.447849,0.9,0.95,,,,
8811,41,92,0.00000048,0.346269,0.95,1,,,,
8812,41,93,0.00000048,0.947671,0.85,0.9,,,,
8813,41,94,0.00000048,0.209599,0.95,1,,,,
8814,41,95,0.00000048,0.902209,0.75,0.9,,,,
8815,41,96,0.00000048,0.312702,0.95,0.95,,,,
8816,41,97,0.00000047,0.93697,0.75,0.9,,,,
8817,41,98,0.00000047,0.891764,0.8,0.9,,,,
8818,41,99,0.00000047,0.847239,0.8,0.9,,,,
8819,41,100,0.00000047,0.378781,0.85,1,,,,
8820,41,101,0.00000047,0.233227,0.95,0.95,,,,
8821,41,102,0.00000047,0.375939,0.85,1,,,,
8822,41,103,0.00000047,0.640511,0.85,0.9,,,,
8823,41,104,0.00000047,0.495693,0.8,0.95,,,,
8824,41,105,0.00000046,0.535172,0.85,0.95,,,,
8825,41,106,0.00000046,0.729604,0.85,0.85,,,,
8826,41,107,0.00000046,0.416984,0.9,1,,,,
8827,41,108,0.00000046,1.016885,0.65,0.9,,,,
8828,41,109,0.00000046,0.507018,0.9,0.95,,,,
8829,41,110,0.00000046,0.390388,0.9,0.95,,,,
8830,41,111,0.00000046,0.836269,0.85,0.9,,,,
8831,41,112,0.00000045,0.3199,0.9,0.95,,,,
8832,41,113,0.00000045,0.835831,0.75,0.9,,,,
8833,41,114,0.00000045,0.29668,0.95,0.95,,,,
8834,41,115,0.00000045,0.440945,0.9,0.95,,,,
8835,41,116,0.00000045,1.45417,0.7,0.85,,,,
8836,41,117,0.00000045,0.157988,1,1,,,,
8837,41,118,0.00000045,0.315848,0.9,1,,,,
8838,41,119,0.00000044,0.048675,1,1,,,,
8839,41,120,0.00000044,0.573375,0.85,0.9,,,,
8840,41,121,0.00000044,0.562912,0.9,0.9,,,,
8841,41,122,0.00000044,0.682865,0.85,0.9,,,,
8842,41,123,0.00000044,0.335099,0.9,1,,,,
8843,41,124,0.00000044,0.573496,0.8,0.9,,,,
8844,41,125,0.00000044,0.613631,0.8,0.95,,,,
8845,41,126,0.00000044,0.438658,0.9,0.9,,,,
8846,41,127,0.00000043,0.697557,0.8,0.95,,,,
8847,41,128,0.00000043,0.691409,0.85,0.85,,,,
8848,41,129,0.00000043,0.6471,0.8,0.95,,,,
8849,41,130,0.00000043,0.506982,0.9,0.95,,,,
8850,41,131,0.00000043,0.406715,0.9,0.95,,,,
8851,41,132,0.00000043,0.610566,0.9,0.95,,,,
8852,41,133,0.00000043,0.285461,0.95,1,,,,
8853,41,134,0.00000042,0.316372,0.9,1,,,,
8854,41,135,0.00000042,1.000611,0.6,0.9,,,,
8855,41,136,0.00000042,0.723884,0.85,0.9,,,,
8856,41,137,0.00000042,0.337854,0.9,1,,,,
8857,41,138,0.00000042,0.755752,0.85,0.85,,,,
8858,41,139,0.00000042,0.913669,0.8,0.8,,,,
8859,41,140,0.00000042,0.890335,0.75,0.85,,,,
8860,41,141,0.00000042,0.905324,0.75,0.9,,,,
8861,41,142,0.00000041,1.08125,0.7,0.9,,,,
8862,41,143,0.00000041,0.141219,1,1,,,,
8863,41,144,0.00000041,0.227939,0.95,1,,,,
8864,41,145,0.00000041,0.171789,0.95,1,,,,
8865,41,146,0.00000041,0.545415,0.85,1,,,,
8866,41,147,0.00000041,0.415188,0.9,0.95,,,,
8867,41,148,0.00000041,0.430487,0.85,0.95,,,,
8868,41,149,0.00000041,0.875892,0.75,0.8,,,,
8869,41,150,0.0000004,0.544983,0.85,0.9,,,,
8870,41,151,0.0000004,0.490508,0.9,0.9,,,,
8871,41,152,0.0000004,0.8038,0.75,0.9,,,,
8872,41,153,0.0000004,0.52491,0.85,0.9,,,,
8873,41,154,0.0000004,0.688631,0.8,0.95,,,,
8874,41,155,0.0000004,1.062426,0.8,0.85,,,,
8875,41,156,0.0000004,0.647695,0.85,0.95,,,,
8876,41,157,0.0000004,0.821243,0.8,0.9,,,,
8877,41,158,0.00000039,0.491585,0.9,0.95,,,,
8878,41,159,0.00000039,0.34035,0.95,0.95,,,,
8879,41,160,0.00000039,0.384926,0.9,0.95,,,,
8880,41,161,0.00000039,0.253399,0.95,1,,,,
8881,41,162,0.00000039,0.630213,0.85,1,,,,
8882,41,163,0.00000039,0.542347,0.8,0.95,,,,
8883,41,164,0.00000039,0.197624,0.95,1,,,,
8884,41,165,0.00000039,1.071247,0.75,0.85,,,,
8885,41,166,0.00000038,0.642208,0.85,0.9,,,,
8886,41,167,0.00000038,0.659988,0.8,0.9,,,,
8887,41,168,0.00000038,0.552704,0.9,0.95,,,,
8888,41,169,0.00000038,0.203088,0.95,1,,,,
8889,41,170,0.00000038,0.481725,0.85,0.95,,,,
8890,41,171,0.00000038,0.867185,0.75,0.85,,,,
8891,41,172,0.00000038,0.531424,0.9,0.95,,,,
8892,41,173,0.00000038,0.802455,0.8,0.85,,,,
8893,41,174,0.00000037,0.507187,0.8,0.95,,,,
8894,41,175,0.00000037,0.238924,0.9,1,,,,
8895,41,176,0.00000037,0.354521,0.95,0.95,,,,
8896,41,177,0.00000037,0.61918,0.85,0.9,,,,
8897,41,178,0.00000037,0.51607,0.9,0.95,,,,
8898,41,179,0.00000037,0.25258,0.95,0.95,,,,
8899,41,180,0.00000037,0.672295,0.8,0.9,,,,
8900,41,181,0.00000037,0.196955,0.95,1,,,,
8901,41,182,0.00000036,0.821373,0.8,0.95,,,,
8902,41,183,0.00000036,0.234138,0.95,1,,,,
8903,41,184,0.00000036,0.356146,0.95,0.95,,,,
8904,41,185,0.00000036,0.430209,0.85,1,,,,
8905,41,186,0.00000036,0.445959,0.8,0.95,,,,
8906,41,187,0.00000036,0.817348,0.8,0.9,,,,
8907,41,188,0.00000036,0.863816,0.75,0.9,,,,
8908,41,189,0.00000036,0.830411,0.75,0.9,,,,
8909,41,190,0.00000035,0.418029,0.95,0.95,,,,
8910,41,191,0.00000035,0.669443,0.85,0.85,,,,
8911,41,192,0.00000035,0.637988,0.85,0.9,,,,
8912,41,193,0.00000035,0.581844,0.8,1,,,,
8913,41,194,0.00000035,0.282321,0.95,1,,,,
8914,41,195,0.00000035,0.706345,0.75,0.95,,,,
8915,41,196,0.00000035,0.563419,0.85,0.9,,,,
8916,41,197,0.00000035,0.636683,0.85,0.9,,,,
8917,41,198,0.00000035,0.259942,0.9,1,,,,
8918,41,199,0.00000034,0.357502,0.95,0.95,,,,
8919,41,200,0.00000034,0.185015,0.95,1,,,,
8920,41,201,0.00000034,0.428972,0.85,0.95,,,,
8921,41,202,0.00000034,0.473757,0.8,1,,,,
8922,41,203,0.00000034,0.354131,0.95,0.95,,,,
8923,41,204,0.00000034,0.37252,0.9,0.95,,,,
8924,41,205,0.00000034,0.431415,0.9,0.95,,,,
8925,41,206,0.00000034,0.321986,0.9,1,,,,
8926,41,207,0.00000033,0.176903,1,1,,,,
8927,41,208,0.00000033,0.277586,0.9,0.95,,,,
8928,41,209,0.00000033,0.628292,0.85,0.95,,,,
8929,41,210,0.00000033,0.75188,0.75,0.9,,,,
8930,41,211,0.00000033,0.980953,0.65,0.95,,,,
8931,41,212,0.00000033,0.27096,0.95,1,,,,
8932,41,213,0.00000033,0.612329,0.85,0.9,,,,
8933,41,214,0.00000033,0.660354,0.75,1,,,,
8934,41,215,0.00000033,0.259816,0.95,1,,,,
8935,41,216,0.00000032,0.696044,0.85,0.95,,,,
8936,41,217,0.00000032,0.198013,0.9,1,,,,
8937,41,218,0.00000032,0.642109,0.85,0.85,,,,
8938,42,1,0.00000032,0.912607,0.8,0.85,,,,
8939,42,2,0.00000032,0.340711,0.9,1,,,,
8940,42,3,0.00000032,0.625646,0.85,0.85,,,,
8941,42,4,0.00000032,0.37191,0.85,0.95,,,,
8942,42,5,0.00000032,0.372638,0.95,1,,,,
8943,42,6,0.00000032,0.537573,0.9,0.9,,,,
8944,42,7,0.00000031,0.146006,0.95,1,,,,
8945,42,8,0.00000031,0.74217,0.8,0.95,,,,
8946,42,9,0.00000031,0.603078,0.85,0.9,,,,
8947,42,10,0.00000031,0.826367,0.8,0.95,,,,
8948,42,11,0.00000031,0.237528,0.95,1,,,,
8949,42,12,0.00000031,0.284283,0.9,1,,,,
8950,42,13,0.00000031,0.462879,0.85,0.95,,,,
8951,42,14,0.00000031,0.864396,0.8,0.9,,,,
8952,42,15,0.0000003,0.878136,0.75,0.9,,,,
8953,42,16,0.0000003,0.339306,0.9,1,,,,
8954,42,17,0.0000003,0.344292,0.85,1,,,,
8955,42,18,0.0000003,0.721478,0.8,0.9,,,,
8956,42,19,0.0000003,1.018379,0.8,0.85,,,,
8957,42,20,0.0000003,0.637025,0.85,0.95,,,,
8958,42,21,0.0000003,0.51209,0.85,0.9,,,,
8959,42,22,0.0000003,0.299694,0.95,1,,,,
8960,42,23,0.0000003,0.316363,0.9,0.95,,,,
8961,42,24,0.0000003,0.720666,0.75,0.9,,,,
8962,42,25,0.00000029,0.779247,0.8,0.95,,,,
8963,42,26,0.00000029,0.633767,0.85,0.9,,,,
8964,42,27,0.00000029,1.153311,0.65,0.9,,,,
8965,42,28,0.00000029,0.694483,0.8,0.9,,,,
8966,42,29,0.00000029,0.136893,0.95,1,,,,
8967,42,30,0.00000029,0.442571,0.9,0.9,,,,
8968,42,31,0.00000029,0.477324,0.9,0.9,,,,
8969,42,32,0.00000029,0.451004,0.85,0.95,,,,
8970,42,33,0.00000029,0.563035,0.85,0.9,,,,
8971,42,34,0.00000028,0.748567,0.75,0.95,,,,
8972,42,35,0.00000028,0.683205,0.9,0.9,,,,
8973,42,36,0.00000028,0.243487,1,1,,,,
8974,42,37,0.00000028,0.564013,0.85,0.95,,,,
8975,42,38,0.00000028,0.406541,0.9,1,,,,
8976,42,39,0.00000028,0.729691,0.8,0.9,,,,
8977,42,40,0.00000028,1.011375,0.75,0.9,,,,
8978,42,41,0.00000028,0.786591,0.75,0.85,,,,
8979,42,42,0.00000028,0.893746,0.85,0.85,,,,
8980,42,43,0.00000027,0.237998,0.9,1,,,,
8981,42,44,0.00000027,0.24716,0.9,0.95,,,,
8982,42,45,0.00000027,0.217245,1,1,,,,
8983,42,46,0.00000027,0.492288,0.9,0.95,,,,
8984,42,47,0.00000027,0.276487,0.95,0.95,,,,
8985,42,48,0.00000027,0.348634,0.9,0.95,,,,
8986,42,49,0.00000027,0.449665,0.9,0.95,,,,
8987,42,50,0.00000027,0.101081,0.95,1,,,,
8988,42,51,0.00000027,0.747455,0.75,0.9,,,,
8989,42,52,0.00000027,0.808303,0.85,0.9,,,,
8990,42,53,0.00000026,1.079771,0.7,0.95,,,,
8991,42,54,0.00000026,0.400462,0.9,1,,,,
8992,42,55,0.00000026,0.419369,0.9,0.95,,,,
8993,42,56,0.00000026,0.459418,0.85,1,,,,
8994,42,57,0.00000026,1.441827,0.65,0.8,,,,
8995,42,58,0.00000026,0.729736,0.85,0.95,,,,
8996,42,59,0.00000026,0.623616,0.85,0.95,,,,
8997,42,60,0.00000026,0.497209,0.9,1,,,,
8998,42,61,0.00000026,0.590153,0.85,0.95,,,,
8999,42,62,0.00000025,0.427295,0.9,0.95,,,,
9000,42,63,0.00000025,0.407123,0.95,0.95,,,,
9001,42,64,0.00000025,0.787311,0.75,0.95,,,,
9002,42,65,0.00000025,0.54541,0.9,0.9,,,,
9003,42,66,0.00000025,0.297253,0.95,1,,,,
9004,42,67,0.00000025,0.482622,0.85,1,,,,
9005,42,68,0.00000025,0.461961,0.85,1,,,,
9006,42,69,0.00000025,0.428774,0.85,0.95,,,,
9007,42,70,0.00000025,0.701336,0.85,0.9,,,,
9008,42,71,0.00000025,0.671318,0.9,0.95,,,,
9009,42,72,0.00000024,0.403854,0.9,0.95,,,,
9010,42,73,0.00000024,0.571857,0.85,0.95,,,,
9011,42,74,0.00000024,0.502635,0.85,1,,,,
9012,42,75,0.00000024,0.578369,0.75,1,,,,
9013,42,76,0.00000024,0.543504,0.85,0.95,,,,
9014,42,77,0.00000024,1.173817,0.7,0.9,,,,
9015,42,78,0.00000024,0.296563,0.95,1,,,,
9016,42,79,0.00000024,0.230169,0.95,0.95,,,,
9017,42,80,0.00000024,0.413506,0.9,0.95,,,,
9018,42,81,0.00000024,0.723612,0.85,0.9,,,,
9019,42,82,0.00000023,0.913931,0.75,0.9,,,,
9020,42,83,0.00000023,0.684617,0.8,0.9,,,,
9021,42,84,0.00000023,0.481902,0.9,0.95,,,,
9022,42,85,0.00000023,0.658642,0.8,0.9,,,,
9023,42,86,0.00000023,0.62546,0.9,0.9,,,,
9024,42,87,0.00000023,1.076936,0.7,0.85,,,,
9025,42,88,0.00000023,0.465354,0.9,1,,,,
9026,42,89,0.00000023,0.560077,0.8,1,,,,
9027,42,90,0.00000023,0.288629,0.85,1,,,,
9028,42,91,0.00000023,0.31732,0.9,1,,,,
9029,42,92,0.00000023,0.641369,0.8,0.85,,,,
9030,42,93,0.00000022,0.179791,0.95,1,,,,
9031,42,94,0.00000022,0.923735,0.85,0.85,,,,
9032,42,95,0.00000022,0.573112,0.75,0.95,,,,
9033,42,96,0.00000022,0.682893,0.8,0.85,,,,
9034,42,97,0.00000022,0.836736,0.8,0.9,,,,
9035,42,98,0.00000022,0.667706,0.8,0.9,,,,
9036,42,99,0.00000022,0.695932,0.8,0.95,,,,
9037,42,100,0.00000022,0.368326,0.9,1,,,,
9038,42,101,0.00000022,0.645587,0.85,0.95,,,,
9039,42,102,0.00000022,0.463007,0.85,1,,,,
9040,42,103,0.00000021,0.128389,1,1,,,,
9041,42,104,0.00000021,0.155681,0.95,1,,,,
9042,42,105,0.00000021,0.661541,0.85,0.9,,,,
9043,42,106,0.00000021,0.437394,0.9,0.95,,,,
9044,42,107,0.00000021,0.804516,0.75,0.9,,,,
9045,42,108,0.00000021,0.474655,0.9,0.9,,,,
9046,42,109,0.00000021,0.672551,0.85,0.9,,,,
9047,42,110,0.00000021,0.293877,0.95,0.95,,,,
9048,42,111,0.00000021,0.647087,0.85,0.9,,,,
9049,42,112,0.00000021,0.463662,0.9,1,,,,
9050,42,113,0.00000021,0.944483,0.8,0.8,,,,
9051,42,114,0.0000002,0.43262,0.85,0.95,,,,
9052,42,115,0.0000002,0.64068,0.75,0.95,,,,
9053,42,116,0.0000002,0.31403,0.95,1,,,,
9054,42,117,0.0000002,0.340499,0.9,0.95,,,,
9055,42,118,0.0000002,0.409179,0.9,1,,,,
9056,42,119,0.0000002,0.414492,0.85,0.95,,,,
9057,42,120,0.0000002,1.266761,0.75,0.8,,,,
9058,42,121,0.0000002,0.373502,0.95,0.95,,,,
9059,42,122,0.0000002,0.35643,0.9,0.95,,,,
9060,42,123,0.0000002,0.464565,0.9,1,,,,
9061,42,124,0.0000002,1.064839,0.8,0.85,,,,
9062,42,125,0.00000019,0.266475,0.95,1,,,,
9063,42,126,0.00000019,0.878422,0.75,0.9,,,,
9064,42,127,0.00000019,0.73929,0.8,0.9,,,,
9065,42,128,0.00000019,0.892056,0.85,0.85,,,,
9066,42,129,0.00000019,0.690232,0.75,0.95,,,,
9067,42,130,0.00000019,0.331855,0.95,0.95,,,,
9068,42,131,0.00000019,0.414531,0.9,0.95,,,,
9069,42,132,0.00000019,1.016713,0.8,0.85,,,,
9070,42,133,0.00000019,0.529617,0.8,0.95,,,,
9071,42,134,0.00000019,0.939474,0.8,0.9,,,,
9072,42,135,0.00000019,0.832364,0.8,0.95,,,,
9073,42,136,0.00000019,0.254705,0.95,1,,,,
9074,42,137,0.00000018,0.571523,0.9,0.95,,,,
9075,42,138,0.00000018,0.34512,0.85,1,,,,
9076,42,139,0.00000018,0.666991,0.85,0.95,,,,
9077,42,140,0.00000018,0.371114,0.85,1,,,,
9078,42,141,0.00000018,0.84883,0.85,0.9,,,,
9079,42,142,0.00000018,0.740502,0.85,0.9,,,,
9080,42,143,0.00000018,0.376044,0.9,0.95,,,,
9081,42,144,0.00000018,1.078073,0.75,0.9,,,,
9082,42,145,0.00000018,0.150576,0.9,1,,,,
9083,42,146,0.00000018,0.512419,0.85,0.9,,,,
9084,42,147,0.00000018,0.536858,0.9,0.95,,,,
9085,42,148,0.00000017,0.703121,0.75,0.9,,,,
9086,42,149,0.00000017,0.651473,0.85,0.9,,,,
9087,42,150,0.00000017,1.001309,0.8,0.85,,,,
9088,42,151,0.00000017,0.448716,0.85,0.95,,,,
9089,42,152,0.00000017,0.218729,0.95,1,,,,
9090,42,153,0.00000017,0.190195,0.95,1,,,,
9091,42,154,0.00000017,0.636598,0.85,0.95,,,,
9092,42,155,0.00000017,0.449892,0.9,0.95,,,,
9093,42,156,0.00000017,0.410461,0.9,1,,,,
9094,42,157,0.00000017,0.921908,0.75,0.85,,,,
9095,42,158,0.00000017,0.654507,0.85,0.9,,,,
9096,42,159,0.00000017,0.352403,0.9,1,,,,
9097,42,160,0.00000016,0.533363,0.8,0.95,,,,
9098,42,161,0.00000016,0.532879,0.85,1,,,,
9099,42,162,0.00000016,0.251092,0.95,1,,,,
9100,42,163,0.00000016,0.237069,0.95,1,,,,
9101,42,164,0.00000016,0.375959,0.9,1,,,,
9102,42,165,0.00000016,0.52903,0.85,0.95,,,,
9103,42,166,0.00000016,0.42961,0.9,0.95,,,,
9104,42,167,0.00000016,1.228377,0.65,0.9,,,,
9105,42,168,0.00000016,0.875321,0.75,0.95,,,,
9106,42,169,0.00000016,1.127374,0.75,0.85,,,,
9107,42,170,0.00000016,0.538048,0.85,0.9,,,,
9108,42,171,0.00000016,0.604628,0.9,0.9,,,,
9109,42,172,0.00000016,0.279537,0.9,1,,,,
9110,42,173,0.00000015,0.872145,0.75,0.9,,,,
9111,42,174,0.00000015,0.27155,0.95,1,,,,
9112,42,175,0.00000015,0.840406,0.75,0.85,,,,
9113,42,176,0.00000015,0.669563,0.9,0.9,,,,
9114,42,177,0.00000015,0.416495,0.9,0.95,,,,
9115,42,178,0.00000015,0.904243,0.8,0.9,,,,
9116,42,179,0.00000015,0.20194,0.95,1,,,,
9117,42,180,0.00000015,1.044365,0.65,0.85,,,,
9118,42,181,0.00000015,0.358468,0.9,1,,,,
9119,42,182,0.00000015,0.375822,0.9,0.95,,,,
9120,42,183,0.00000015,0.642581,0.9,0.9,,,,
9121,42,184,0.00000015,0.803227,0.85,0.85,,,,
9122,42,185,0.00000015,0.657373,0.85,0.9,,,,
9123,42,186,0.00000014,0.28418,0.9,0.95,,,,
9124,42,187,0.00000014,0.618365,0.9,0.95,,,,
9125,42,188,0.00000014,0.666448,0.85,0.95,,,,
9126,42,189,0.00000014,0.668954,0.8,0.95,,,,
9127,42,190,0.00000014,0.445507,0.85,1,,,,
9128,42,191,0.00000014,0.379925,0.85,1,,,,
9129,42,192,0.00000014,0.404109,0.9,0.95,,,,
9130,42,193,0.00000014,0.608069,0.9,0.95,,,,
9131,42,194,0.00000014,0.138392,1,1,,,,
9132,42,195,0.00000014,0.37475,0.95,0.95,,,,
9133,42,196,0.00000014,0.392109,0.9,1,,,,
9134,42,197,0.00000014,0.412737,0.9,1,,,,
9135,42,198,0.00000014,0.401472,0.9,0.95,,,,
9136,42,199,0.00000013,0.259192,0.95,1,,,,
9137,42,200,0.00000013,1.163563,0.8,0.8,,,,
9138,42,201,0.00000013,1.017966,0.75,0.85,,,,
9139,42,202,0.00000013,1.145059,0.8,0.85,,,,
9140,42,203,0.00000013,0.750011,0.75,0.85,,,,
9141,42,204,0.00000013,0.681085,0.85,0.9,,,,
9142,42,205,0.00000013,0.337896,0.9,0.95,,,,
9143,42,206,0.00000013,0.394118,0.9,0.95,,,,
9144,42,207,0.00000013,0.550785,0.9,0.9,,,,
9145,42,208,0.00000013,0.666155,0.8,0.95,,,,
9146,42,209,0.00000013,1.041027,0.75,0.9,,,,
9147,42,210,0.00000013,0.506384,0.9,0.95,,,,
9148,42,211,0.00000013,0.464918,0.8,1,,,,
9149,42,212,0.00000013,0.717318,0.85,0.95,,,,
9150,42,213,0.00000012,0.85752,0.75,0.9,,,,
9151,42,214,0.00000012,0.4722,0.95,0.95,,,,
9152,42,215,0.00000012,0.779756,0.75,0.95,,,,
9153,42,216,0.00000012,1.005835,0.75,0.85,,,,
9154,42,217,0.00000012,0.283989,0.95,0.95,,,,
9155,42,218,0.00000012,0.134062,1,1,,,,
9156,43,1,0.00000012,0.350158,0.9,0.95,,,,
9157,43,2,0.00000012,0.483686,0.9,0.95,,,,
9158,43,3,0.00000012,0.803648,0.75,0.95,,,,
9159,43,4,0.00000012,0.573725,0.85,1,,,,
9160,43,5,0.00000012,0.199752,0.95,0.95,,,,
9161,43,6,0.00000012,0.465038,0.85,0.95,,,,
9162,43,7,0.00000012,0.724359,0.8,0.9,,,,
9163,43,8,0.00000012,0.61603,0.85,0.9,,,,
9164,43,9,0.00000011,0.652756,0.85,0.9,,,,
9165,43,10,0.00000011,0.566625,0.9,0.9,,,,
9166,43,11,0.00000011,0.5979,0.85,0.9,,,,
9167,43,12,0.00000011,1.353294,0.65,0.8,,,,
9168,43,13,0.00000011,0.930868,0.8,0.8,,,,
9169,43,14,0.00000011,0.640801,0.8,0.95,,,,
9170,43,15,0.00000011,0.878692,0.75,0.95,,,,
9171,43,16,0.00000011,0.456055,0.9,0.95,,,,
9172,43,17,0.00000011,0.604752,0.75,0.95,,,,
9173,43,18,0.00000011,0.266239,0.95,1,,,,
9174,43,19,0.00000011,0.590676,0.8,0.95,,,,
9175,43,20,0.00000011,0.330883,0.9,0.95,,,,
9176,43,21,0.00000011,0.602079,0.9,0.95,,,,
9177,43,22,0.00000011,0.282674,0.95,1,,,,
9178,43,23,0.00000011,0.95283,0.75,0.9,,,,
9179,43,24,0.0000001,0.766023,0.8,0.9,,,,
9180,43,25,0.0000001,0.563174,0.85,0.9,,,,
9181,43,26,0.0000001,0.871808,0.75,0.9,,,,
9182,43,27,0.0000001,0.788555,0.8,0.9,,,,
9183,43,28,0.0000001,0.277804,0.95,1,,,,
9184,43,29,0.0000001,0.29652,0.9,0.95,,,,
9185,43,30,0.0000001,0.646203,0.85,0.9,,,,
9186,43,31,0.0000001,0.464634,0.9,0.95,,,,
9187,43,32,0.0000001,0.33692,0.85,1,,,,
9188,43,33,0.0000001,0.538825,0.85,0.95,,,,
9189,43,34,0.0000001,0.640196,0.85,0.9,,,,
9190,43,35,0.0000001,0.375025,0.9,1,,,,
9191,43,36,0.0000001,0.264206,0.95,0.95,,,,
9192,43,37,0.0000001,0.331299,0.9,0.95,,,,
9193,43,38,0.0000001,0.392918,0.9,0.95,,,,
9194,43,39,0.00000009,0.295267,0.9,1,,,,
9195,43,40,0.00000009,1.041745,0.75,0.8,,,,
9196,43,41,0.00000009,0.22426,0.95,1,,,,
9197,43,42,0.00000009,0.767965,0.85,0.95,,,,
9198,43,43,0.00000009,0.931116,0.75,0.85,,,,
9199,43,44,0.00000009,0.764109,0.8,0.9,,,,
9200,43,45,0.00000009,0.261957,0.9,1,,,,
9201,43,46,0.00000009,0.667564,0.8,1,,,,
9202,43,47,0.00000009,1.271276,0.7,0.8,,,,
9203,43,48,0.00000009,0.620153,0.8,0.95,,,,
9204,43,49,0.00000009,0.630266,0.85,0.9,,,,
9205,43,50,0.00000009,0.663766,0.9,0.9,,,,
9206,43,51,0.00000009,0.735549,0.85,0.9,,,,
9207,43,52,0.00000009,0.347165,0.9,1,,,,
9208,43,53,0.00000009,0.606011,0.85,0.9,,,,
9209,43,54,0.00000009,0.633897,0.75,1,,,,
9210,43,55,0.00000009,0.358469,0.9,0.95,,,,
9211,43,56,0.00000008,0.45538,0.9,0.95,,,,
9212,43,57,0.00000008,0.433932,0.9,0.95,,,,
9213,43,58,0.00000008,0.612253,0.8,0.9,,,,
9214,43,59,0.00000008,0.278402,0.95,1,,,,
9215,43,60,0.00000008,0.525327,0.8,0.95,,,,
9216,43,61,0.00000008,0.631284,0.8,0.9,,,,
9217,43,62,0.00000008,0.406084,0.9,0.95,,,,
9218,43,63,0.00000008,0.35818,0.95,0.95,,,,
9219,43,64,0.00000008,0.668378,0.85,0.9,,,,
9220,43,65,0.00000008,0.53073,0.85,0.9,,,,
9221,43,66,0.00000008,0.697963,0.8,0.9,,,,
9222,43,67,0.00000008,0.839154,0.75,0.9,,,,
9223,43,68,0.00000008,0.36461,0.85,1,,,,
9224,43,69,0.00000008,0.798026,0.8,0.85,,,,
9225,43,70,0.00000008,0.267514,0.95,0.95,,,,
9226,43,71,0.00000008,0.464071,0.9,0.95,,,,
9227,43,72,0.00000008,0.51325,0.95,0.95,,,,
9228,43,73,0.00000007,0.733056,0.85,0.85,,,,
9229,43,74,0.00000007,0.574211,0.8,0.9,,,,
9230,43,75,0.00000007,0.981827,0.7,0.95,,,,
9231,43,76,0.00000007,0.536433,0.9,0.9,,,,
9232,43,77,0.00000007,0.492182,0.85,0.95,,,,
9233,43,78,0.00000007,0.798611,0.8,0.9,,,,
9234,43,79,0.00000007,0.875104,0.8,0.9,,,,
9235,43,80,0.00000007,0.448474,0.85,1,,,,
9236,43,81,0.00000007,0.344251,0.9,0.9,,,,
9237,43,82,0.00000007,0.375329,0.9,0.95,,,,
9238,43,83,0.00000007,0.508517,0.95,1,,,,
9239,43,84,0.00000007,0.537985,0.85,0.9,,,,
9240,43,85,0.00000007,0.748124,0.85,0.85,,,,
9241,43,86,0.00000007,1.119163,0.7,0.8,,,,
9242,43,87,0.00000007,0.500327,0.85,0.95,,,,
9243,43,88,0.00000007,0.26858,0.9,1,,,,
9244,43,89,0.00000007,0.555164,0.85,0.95,,,,
9245,43,90,0.00000007,0.499025,0.9,0.95,,,,
9246,43,91,0.00000007,0.459519,0.85,1,,,,
9247,43,92,0.00000006,0.202316,0.9,1,,,,
9248,43,93,0.00000006,0.420535,0.85,0.95,,,,
9249,43,94,0.00000006,0.219957,0.95,1,,,,
9250,43,95,0.00000006,0.726965,0.75,0.9,,,,
9251,43,96,0.00000006,0.113134,1,1,,,,
9252,43,97,0.00000006,0.820489,0.85,0.9,,,,
9253,43,98,0.00000006,0.510238,0.9,1,,,,
9254,43,99,0.00000006,0.735388,0.8,0.9,,,,
9255,43,100,0.00000006,0.504066,0.8,1,,,,
9256,43,101,0.00000006,0.465309,0.9,0.95,,,,
9257,43,102,0.00000006,0.702985,0.85,0.85,,,,
9258,43,103,0.00000006,0.785532,0.8,0.9,,,,
9259,43,104,0.00000006,0.66618,0.85,0.9,,,,
9260,43,105,0.00000006,0.261685,0.95,1,,,,
9261,43,106,0.00000006,1.044914,0.8,0.85,,,,
9262,43,107,0.00000006,0.480601,0.85,0.95,,,,
9263,43,108,0.00000006,0.927116,0.8,0.85,,,,
9264,43,109,0.00000006,0.34875,0.95,1,,,,
9265,43,110,0.00000006,0.247282,0.95,1,,,,
9266,43,111,0.00000006,0.58211,0.9,0.95,,,,
9267,43,112,0.00000005,0.682085,0.9,0.9,,,,
9268,43,113,0.00000005,0.467802,0.85,0.9,,,,
9269,43,114,0.00000005,0.612467,0.85,1,,,,
9270,43,115,0.00000005,0.288668,0.95,0.95,,,,
9271,43,116,0.00000005,0.450097,0.9,0.95,,,,
9272,43,117,0.00000005,0.522074,0.85,0.95,,,,
9273,43,118,0.00000005,0.792758,0.7,0.95,,,,
9274,43,119,0.00000005,0.634228,0.8,0.95,,,,
9275,43,120,0.00000005,0.658577,0.85,0.9,,,,
9276,43,121,0.00000005,0.107784,0.95,1,,,,
9277,43,122,0.00000005,0.47381,0.85,0.95,,,,
9278,43,123,0.00000005,0.153164,0.95,1,,,,
9279,43,124,0.00000005,0.666946,0.85,0.9,,,,
9280,43,125,0.00000005,0.587631,0.85,0.9,,,,
9281,43,126,0.00000005,0.389622,0.95,0.95,,,,
9282,43,127,0.00000005,0.301663,0.9,1,,,,
9283,43,128,0.00000005,0.187122,0.95,1,,,,
9284,43,129,0.00000005,0.827193,0.85,0.9,,,,
9285,43,130,0.00000005,1.017599,0.7,0.85,,,,
9286,43,131,0.00000005,0.930073,0.75,0.95,,,,
9287,43,132,0.00000005,0.571508,0.85,0.95,,,,
9288,43,133,0.00000005,0.537933,0.9,0.95,,,,
9289,43,134,0.00000005,0.197399,0.95,1,,,,
9290,43,135,0.00000004,0.581494,0.8,1,,,,
9291,43,136,0.00000004,0.400745,0.9,0.95,,,,
9292,43,137,0.00000004,0.465364,0.85,1,,,,
9293,43,138,0.00000004,0.672756,0.8,0.9,,,,
9294,43,139,0.00000004,0.759587,0.75,0.9,,,,
9295,43,140,0.00000004,0.33516,0.9,1,,,,
9296,43,141,0.00000004,1.053385,0.7,0.8,,,,
9297,43,142,0.00000004,0.646665,0.9,0.95,,,,
9298,43,143,0.00000004,0.605202,0.75,1,,,,
9299,43,144,0.00000004,0.124561,0.95,1,,,,
9300,43,145,0.00000004,0.133925,1,1,,,,
9301,43,146,0.00000004,0.514492,0.85,0.95,,,,
9302,43,147,0.00000004,0.56505,0.8,0.95,,,,
9303,43,148,0.00000004,0.313867,0.9,1,,,,
9304,43,149,0.00000004,0.22282,0.95,0.95,,,,
9305,43,150,0.00000004,0.404884,0.9,0.95,,,,
9306,43,151,0.00000004,0.380449,0.85,0.95,,,,
9307,43,152,0.00000004,0.858008,0.85,0.85,,,,
9308,43,153,0.00000004,1.236409,0.7,0.8,,,,
9309,43,154,0.00000004,0.581292,0.8,0.9,,,,
9310,43,155,0.00000004,0.313167,0.95,0.95,,,,
9311,43,156,0.00000004,0.712123,0.75,0.95,,,,
9312,43,157,0.00000004,0.383975,0.9,1,,,,
9313,43,158,0.00000004,0.668618,0.85,0.85,,,,
9314,43,159,0.00000003,0.460264,0.85,1,,,,
9315,43,160,0.00000003,0.263035,0.95,0.95,,,,
9316,43,161,0.00000003,0.695796,0.85,0.9,,,,
9317,43,162,0.00000003,0.444159,0.9,0.95,,,,
9318,43,163,0.00000003,0.447354,0.9,0.95,,,,
9319,43,164,0.00000003,0.531945,0.85,0.9,,,,
9320,43,165,0.00000003,0.461475,0.9,0.95,,,,
9321,43,166,0.00000003,0.591582,0.85,0.9,,,,
9322,43,167,0.00000003,0.99657,0.75,0.8,,,,
9323,43,168,0.00000003,0.491589,0.9,0.95,,,,
9324,43,169,0.00000003,0.657679,0.85,0.95,,,,
9325,43,170,0.00000003,0.494231,0.85,0.95,,,,
9326,43,171,0.00000003,0.242284,0.95,1,,,,
9327,43,172,0.00000003,0.599513,0.8,0.9,,,,
9328,43,173,0.00000003,1.556716,0.65,0.75,,,,
9329,43,174,0.00000003,0.428,0.9,1,,,,
9330,43,175,0.00000003,0.544453,0.8,0.95,,,,
9331,43,176,0.00000003,0.365616,0.9,1,,,,
9332,43,177,0.00000003,1.119833,0.75,0.8,,,,
9333,43,178,0.00000003,0.26402,0.9,1,,,,
9334,43,179,0.00000003,1.19028,0.7,0.75,,,,
9335,43,180,0.00000003,0.524889,0.85,1,,,,
9336,43,181,0.00000003,0.659491,0.85,0.95,,,,
9337,43,182,0.00000003,0.413036,0.85,1,,,,
9338,43,183,0.00000003,0.431844,0.9,0.95,,,,
9339,43,184,0.00000003,0.146268,0.95,1,,,,
9340,43,185,0.00000003,0.404003,0.9,0.95,,,,
9341,43,186,0.00000003,0.286753,0.95,0.95,,,,
9342,43,187,0.00000003,0.412776,0.9,0.95,,,,
9343,43,188,0.00000002,0.715829,0.75,0.9,,,,
9344,43,189,0.00000002,0.483779,0.9,0.95,,,,
9345,43,190,0.00000002,0.771039,0.8,0.85,,,,
9346,43,191,0.00000002,0.745861,0.8,0.9,,,,
9347,43,192,0.00000002,0.482996,0.9,0.95,,,,
9348,43,193,0.00000002,0.638777,0.85,0.95,,,,
9349,43,194,0.00000002,0.614773,0.8,0.95,,,,
9350,43,195,0.00000002,1.170755,0.75,0.85,,,,
9351,43,196,0.00000002,0.79507,0.7,0.95,,,,
9352,43,197,0.00000002,0.527627,0.8,0.95,,,,
9353,43,198,0.00000002,0.832026,0.85,0.9,,,,
9354,43,199,0.00000002,0.509321,0.8,0.95,,,,
9355,43,200,0.00000002,0.645639,0.85,0.9,,,,
9356,43,201,0.00000002,0.707814,0.85,0.95,,,,
9357,43,202,0.00000002,0.543022,0.85,0.95,,,,
9358,43,203,0.00000002,0.965274,0.8,0.85,,,,
9359,43,204,0.00000002,0.239676,0.9,1,,,,
9360,43,205,0.00000002,0.086997,1,1,,,,
9361,43,206,0.00000002,0.730795,0.85,0.95,,,,
9362,43,207,0.00000002,0.607686,0.85,0.9,,,,
9363,43,208,0.00000002,0.128389,1,1,,,,
9364,43,209,0.00000002,0.647527,0.75,1,,,,
9365,43,210,0.00000002,0.468545,0.9,0.9,,,,
9366,43,211,0.00000002,0.945915,0.7,0.9,,,,
9367,43,212,0.00000002,0.88263,0.75,0.9,,,,
9368,43,213,0.00000002,0.504019,0.85,0.95,,,,
9369,43,214,0.00000002,0.748651,0.9,0.9,,,,
9370,43,215,0.00000002,0.268233,0.95,0.95,,,,
9371,43,216,0.00000002,0.939474,0.75,0.9,,,,
9372,43,217,0.00000002,0.628912,0.85,0.95,,,,
9373,43,218,0.00000002,0.517863,0.95,0.95,,,,
9374,44,1,0.00000002,0.172503,1,1,,,,
9375,44,2,0.00000002,0.416592,0.95,0.95,,,,
9376,44,3,0.00000002,0.802932,0.8,0.85,,,,
9377,44,4,0.00000002,0.823877,0.8,0.9,,,,
9378,44,5,0.00000001,0.367644,0.9,0.95,,,,
9379,44,6,0.00000001,0.87838,0.7,0.85,,,,
9380,44,7,0.00000001,0.889826,0.75,0.85,,,,
9381,44,8,0.00000001,0.801103,0.8,0.95,,,,
9382,44,9,0.00000001,0.579623,0.85,0.95,,,,
9383,44,10,0.00000001,0.541047,0.9,0.9,,,,
9384,44,11,0.00000001,0.379205,0.9,0.95,,,,
9385,44,12,0.00000001,0.361871,0.85,1,,,,
9386,44,13,0.00000001,0.924115,0.75,0.9,,,,
9387,44,14,0.00000001,0.986098,0.8,0.85,,,,
9388,44,15,0.00000001,0.652127,0.85,1,,,,
9389,44,16,0.00000001,0.222428,1,1,,,,
9390,44,17,0.00000001,0.616881,0.8,0.9,,,,
9391,44,18,0.00000001,0.26641,0.95,0.95,,,,
9392,44,19,0.00000001,0.902306,0.8,0.9,,,,
9393,44,20,0.00000001,0.280053,0.9,0.95,,,,
9394,44,21,0.00000001,0.91608,0.75,0.95,,,,
9395,44,22,0.00000001,0.488293,0.9,0.95,,,,
9396,44,23,0.00000001,0.366913,0.9,0.95,,,,
9397,44,24,0.00000001,0.853976,0.8,0.85,,,,
9398,44,25,0.00000001,0.326317,0.9,1,,,,
9399,44,26,0.00000001,0.693975,0.8,0.95,,,,
9400,44,27,0.00000001,0.76636,0.85,0.95,,,,
9401,44,28,0.00000001,0.474122,0.9,1,,,,
9402,44,29,0.00000001,0.484146,1,1,,,,
9403,44,30,0.00000001,0.200173,0.95,0.95,,,,
9404,44,31,0.00000001,1.050336,0.7,0.9,,,,
9405,44,32,0.00000001,0.366935,0.9,0.95,,,,
9406,44,33,0.00000001,0.596965,0.85,0.95,,,,
9407,44,34,0.00000001,0.59204,0.8,0.95,,,,
9408,44,35,0.00000001,0.528183,0.9,0.95,,,,
9409,44,36,0.00000001,0.271911,0.9,1,,,,
9410,44,37,0.00000001,0.516289,0.9,0.9,,,,
9411,44,38,0.00000001,0.520688,0.85,0.95,,,,
9412,44,39,0.00000001,0.369586,0.95,1,,,,
9413,44,40,0.00000001,0.620289,0.9,0.9,,,,
9414,44,41,0.00000001,0.622334,0.85,0.9,,,,
9415,44,42,0.00000001,0.476019,0.9,0.95,,,,
9416,44,43,0.00000001,0.679267,0.75,0.95,,,,
9417,44,44,0.00000001,0.574335,0.9,0.95,,,,
9418,44,45,0.00000001,0.591959,0.85,0.95,,,,
9419,44,46,0.00000001,0.550564,0.8,1,,,,
9420,44,47,0.00000001,0.518119,0.9,0.95,,,,
9421,44,48,0.00000001,0.639329,0.85,0.85,,,,
9422,44,49,0.00000001,0.434197,0.9,0.95,,,,
9423,44,50,0.00000001,0.237352,0.9,1,,,,
9424,44,51,0.00000001,0.601637,0.85,0.95,,,,
9425,44,52,0.00000001,0.983554,0.75,0.9,,,,
9426,44,53,0.00000001,0.606221,0.85,0.9,,,,
9427,44,54,0.00000001,0.331836,0.85,1,,,,
9428,44,55,0.00000001,0.726871,0.85,0.85,,,,
9429,44,56,0.00000001,0.642482,0.8,0.95,,,,
9430,44,57,0,0.333202,0.9,0.95,,,,
9431,44,58,0,0.67458,0.8,0.9,,,,
9432,44,59,0,0.311301,0.9,1,,,,
9433,44,60,0,0.487894,0.85,0.95,,,,
9434,44,61,0,0.494013,0.85,1,,,,
9435,44,62,0,0.543241,0.8,1,,,,
9436,44,63,0,0.940975,0.7,0.85,,,,
9437,44,64,0,0.905777,0.7,0.85,,,,
9438,44,65,0,0.556009,0.85,0.95,,,,
9439,44,66,0,0.250469,0.95,1,,,,
9440,44,67,0,0.244803,0.9,1,,,,
9441,44,68,0,0.107782,0.95,1,,,,
9442,44,69,0,0.725793,0.8,0.95,,,,
9443,44,70,0,0.32853,0.95,0.95,,,,
9444,44,71,0,1.019074,0.65,0.85,,,,
9445,44,72,0,0.492164,0.95,0.95,,,,
9446,44,73,0,0.450109,0.9,0.95,,,,
9447,44,74,0,0.125936,1,1,,,,
9448,44,75,0,0.339343,0.9,0.95,,,,
9449,44,76,0,0.641643,0.75,1,,,,
9450,44,77,0,0.469363,0.85,0.9,,,,
9451,44,78,0,0.584006,0.85,0.9,,,,
9452,44,79,0,0.946921,0.75,0.85,,,,
9453,44,80,0,0.487813,0.85,1,,,,
9454,44,81,0,0.440417,0.9,0.95,,,,
9455,44,82,0,0.403398,0.9,0.95,,,,
9456,44,83,0,0.422171,0.9,0.95,,,,
9457,44,84,0,0.390041,0.95,0.95,,,,
9458,44,85,0,0.311648,1,1,,,,
9459,44,86,0,0.243637,0.95,1,,,,
9460,44,87,0,0.362532,0.9,1,,,,
9461,44,88,0,0.669129,0.8,0.85,,,,
9462,44,89,0,0.848928,0.8,0.85,,,,
9463,44,90,0,0.855029,0.75,0.9,,,,
9464,44,91,0,0.387441,0.85,1,,,,
9465,44,92,0,0.799762,0.75,0.85,,,,
9466,44,93,0,0.246673,0.95,1,,,,
9467,44,94,0,0.730449,0.8,0.95,,,,
9468,44,95,0,0.250693,0.9,1,,,,
9469,44,96,0,0.981531,0.75,0.9,,,,
9470,44,97,0,0.568809,0.85,0.9,,,,
9471,44,98,0,0.13139,0.95,1,,,,
9472,44,99,0,0.468378,0.85,1,,,,
9473,44,100,0,0.34751,0.95,0.95,,,,
9474,44,101,0,0.657397,0.85,0.95,,,,
9475,44,102,0,0.472697,0.85,1,,,,
9476,44,103,0,0.909473,0.8,0.85,,,,
9477,44,104,0,0.673015,0.8,0.9,,,,
9478,44,105,0,0.154513,1,1,,,,
9479,44,106,0,0.752274,0.8,0.9,,,,
9480,44,107,0,0.545541,0.85,0.95,,,,
9481,44,108,0,0.553507,0.85,0.95,,,,
9482,44,109,0,1.184601,0.65,0.85,,,,
9483,44,110,0,0.877421,0.75,0.9,,,,
9484,44,111,0,0.15104,1,1,,,,
9485,44,112,0,0.93353,0.7,0.95,,,,
9486,44,113,0,0.493999,0.85,0.95,,,,
9487,44,114,0,0.551166,0.85,1,,,,
9488,44,115,0,0.734805,0.85,0.9,,,,
9489,44,116,0,0.964246,0.75,0.9,,,,
9490,44,117,0,0.184311,0.95,1,,,,
9491,44,118,0,0.942287,0.75,0.95,,,,
9492,44,119,0,0.366211,0.95,0.95,,,,
9493,44,120,0,0.332423,0.85,1,,,,
9494,44,121,0,0.498453,0.85,0.9,,,,
9495,44,122,0,0.647113,0.85,0.85,,,,
9496,44,123,0,0.309563,0.9,0.95,,,,
9497,44,124,0,0.585186,0.85,0.9,,,,
9498,44,125,0,0.250883,0.95,0.95,,,,
9499,44,126,0,0.505309,0.9,0.9,,,,
9500,44,127,0,0.485739,0.85,1,,,,
9501,44,128,0,0.874268,0.8,0.85,,,,
9502,44,129,0,0.15619,1,1,,,,
9503,44,130,0,0.769229,0.8,0.95,,,,
9504,44,131,0,0.217223,1,1,,,,
9505,44,132,0,0.9065,0.75,0.85,,,,
9506,44,133,0,0.950718,0.75,0.85,,,,
9507,44,134,0,0.823824,0.85,0.9,,,,
9508,44,135,0,1.244921,0.7,0.9,,,,
9509,44,136,0,0.838515,0.75,0.85,,,,
9510,44,137,0,0.810407,0.75,0.9,,,,
9511,44,138,0,0.429345,0.9,0.95,,,,
9512,44,139,0,0.383073,0.9,1,,,,
9513,44,140,0,0.930768,0.8,0.85,,,,
9514,44,141,0,0.869827,0.8,0.9,,,,
9515,44,142,0,1.149183,0.7,0.85,,,,
9516,44,143,0,0.775905,0.8,0.9,,,,
9517,44,144,0,0.417753,0.9,0.95,,,,
9518,44,145,0,0.50227,0.85,0.95,,,,
9519,44,146,0,0.790094,0.75,0.85,,,,
9520,44,147,0,0.665179,0.8,0.9,,,,
9521,44,148,0,0.431342,0.95,0.95,,,,
9522,44,149,0,0.372159,0.9,0.95,,,,
9523,44,150,0,0.581035,0.85,0.9,,,,
9524,44,151,0,0.530226,0.9,0.95,,,,
9525,44,152,0,0.918047,0.8,0.9,,,,
9526,44,153,0,0.705556,0.85,0.95,,,,
9527,44,154,0,0.726525,0.75,0.95,,,,
9528,44,155,0,0.710151,0.8,0.9,,,,
9529,44,156,0,0.173712,0.95,1,,,,
9530,44,157,0,0.308231,0.9,1,,,,
9531,44,158,0,0.871395,0.8,0.9,,,,
9532,44,159,0,0.526446,0.9,0.95,,,,
9533,44,160,0,0.745746,0.7,0.9,,,,
9534,44,161,0,0.487386,0.85,1,,,,
9535,44,162,0,1.076224,0.8,0.85,,,,
9536,44,163,0,0.928752,0.7,0.9,,,,
9537,44,164,0,0.34027,0.95,0.95,,,,
9538,44,165,0,0.314007,0.95,0.95,,,,
9539,44,166,0,0.643185,0.8,0.9,,,,
9540,44,167,0,0.807407,0.7,1,,,,
9541,44,168,0,0.599012,0.85,1,,,,
9542,44,169,0,0.414118,0.85,1,,,,
9543,44,170,0,0.999543,0.8,0.85,,,,
9544,44,171,0,0.472604,0.9,0.95,,,,
9545,44,172,0,0.422651,0.85,0.95,,,,
9546,44,173,0,0.223185,0.95,1,,,,
9547,44,174,0,0.642737,0.85,0.9,,,,
9548,44,175,0,0.185071,0.95,1,,,,
9549,44,176,0,0.163037,1,1,,,,
9550,44,177,0,0.416278,0.9,0.9,,,,
9551,44,178,0,0.588431,0.85,0.9,,,,
9552,44,179,0,0.468573,0.9,1,,,,
9553,44,180,0,0.903415,0.75,0.9,,,,
9554,44,181,0,0.379354,0.9,1,,,,
9555,44,182,0,0.905968,0.75,0.9,,,,
9556,44,183,0,0.420077,0.9,1,,,,
9557,44,184,0,0.685036,0.75,0.9,,,,
9558,44,185,0,0.553716,0.85,0.95,,,,
9559,44,186,0,1.054795,0.8,0.85,,,,
9560,44,187,0,0.318976,0.9,0.95,,,,
9561,44,188,0,0.284702,0.95,0.95,,,,
9562,44,189,0,0.534442,0.85,0.9,,,,
9563,44,190,0,0.823581,0.85,0.9,,,,
9564,44,191,0,0.283395,0.9,1,,,,
9565,44,192,0,0.212531,0.95,1,,,,
9566,44,193,0,0.927923,0.75,0.9,,,,
9567,44,194,0,0.918876,0.75,0.85,,,,
9568,44,195,0,0.358122,0.95,0.95,,,,
9569,44,196,0.00000001,0.435469,0.9,0.95,,,,
9570,44,197,0.00000001,0.775754,0.7,0.95,,,,
9571,44,198,0.00000001,0.515333,0.9,0.95,,,,
9572,44,199,0.00000001,0.327324,0.95,0.95,,,,
9573,44,200,0.00000001,0.296534,0.85,0.95,,,,
9574,44,201,0.00000001,0.558769,0.8,0.95,,,,
9575,44,202,0.00000001,0.951068,0.7,0.85,,,,
9576,44,203,0.00000001,0.70047,0.8,0.95,,,,
9577,44,204,0.00000001,0.653885,0.85,0.95,,,,
9578,44,205,0.00000001,0.372598,0.95,0.95,,,,
9579,44,206,0.00000001,0.854263,0.75,0.9,,,,
9580,44,207,0.00000001,0.559187,0.8,1,,,,
9581,44,208,0.00000001,0.223043,0.95,0.95,,,,
9582,44,209,0.00000001,0.363722,0.95,0.95,,,,
9583,44,210,0.00000001,0.845955,0.8,0.9,,,,
9584,44,211,0.00000001,0.815304,0.8,0.9,,,,
9585,44,212,0.00000001,0.739595,0.85,0.9,,,,
9586,44,213,0.00000001,0.862738,0.8,0.9,,,,
9587,44,214,0.00000001,0.681321,0.8,0.95,,,,
9588,44,215,0.00000001,0.254684,0.9,1,,,,
9589,44,216,0.00000001,0.254053,0.9,1,,,,
9590,44,217,0.00000001,0.263683,0.95,1,,,,
9591,44,218,0.00000001,0.366946,0.95,0.95,,,,
9592,45,1,0.00000001,0.900328,0.8,0.85,,,,
9593,45,2,0.00000001,0.150195,1,1,,,,
9594,45,3,0.00000001,0.684427,0.85,0.95,,,,
9595,45,4,0.00000001,0.440602,0.85,0.95,,,,
9596,45,5,0.00000001,1.026387,0.75,0.85,,,,
9597,45,6,0.00000001,0.554947,0.85,0.95,,,,
9598,45,7,0.00000001,0.629927,0.85,0.9,,,,
9599,45,8,0.00000001,0.644441,0.85,0.9,,,,
9600,45,9,0.00000001,0.388267,0.9,0.95,,,,
9601,45,10,0.00000001,0.805895,0.75,0.9,,,,
9602,45,11,0.00000001,0.74187,0.8,0.95,,,,
9603,45,12,0.00000001,0.502098,0.85,0.9,,,,
9604,45,13,0.00000001,0.586731,0.85,1,,,,
9605,45,14,0.00000001,0.657237,0.85,0.9,,,,
9606,45,15,0.00000001,1.148972,0.7,0.9,,,,
9607,45,16,0.00000001,0.555363,0.85,0.95,,,,
9608,45,17,0.00000001,0.187917,0.95,1,,,,
9609,45,18,0.00000001,0.432613,0.9,1,,,,
9610,45,19,0.00000001,0.472898,0.9,0.95,,,,
9611,45,20,0.00000001,0.156496,1,1,,,,
9612,45,21,0.00000001,0.914403,0.75,0.85,,,,
9613,45,22,0.00000001,0.545667,0.8,0.95,,,,
9614,45,23,0.00000001,0.639945,0.8,0.9,,,,
9615,45,24,0.00000001,0.538698,0.8,1,,,,
9616,45,25,0.00000001,0.099031,0.95,1,,,,
9617,45,26,0.00000001,0.216137,0.95,1,,,,
9618,45,27,0.00000001,0.798012,0.75,0.85,,,,
9619,45,28,0.00000001,0.628879,0.85,0.9,,,,
9620,45,29,0.00000001,0.559185,0.8,0.9,,,,
9621,45,30,0.00000002,0.145549,1,1,,,,
9622,45,31,0.00000002,0.933992,0.8,0.9,,,,
9623,45,32,0.00000002,0.459244,0.85,1,,,,
9624,45,33,0.00000002,0.85722,0.8,0.9,,,,
9625,45,34,0.00000002,0.71013,0.75,0.95,,,,
9626,45,35,0.00000002,0.797986,0.7,0.95,,,,
9627,45,36,0.00000002,1.181155,0.75,0.8,,,,
9628,45,37,0.00000002,0.346213,0.95,1,,,,
9629,45,38,0.00000002,0.380086,0.85,1,,,,
9630,45,39,0.00000002,0.889755,0.8,0.85,,,,
9631,45,40,0.00000002,0.714668,0.85,1,,,,
9632,45,41,0.00000002,0.837239,0.75,0.95,,,,
9633,45,42,0.00000002,0.505296,0.9,0.95,,,,
9634,45,43,0.00000002,0.241021,0.9,1,,,,
9635,45,44,0.00000002,0.407797,0.85,0.95,,,,
9636,45,45,0.00000002,0.551575,0.9,0.9,,,,
9637,45,46,0.00000002,0.252403,0.95,0.95,,,,
9638,45,47,0.00000002,0.376054,0.85,1,,,,
9639,45,48,0.00000002,0.749305,0.8,0.9,,,,
9640,45,49,0.00000002,0.535094,0.9,0.95,,,,
9641,45,50,0.00000002,1.68566,0.6,0.7,,,,
9642,45,51,0.00000002,0.437505,0.9,0.95,,,,
9643,45,52,0.00000002,0.666579,0.85,0.9,,,,
9644,45,53,0.00000002,0.644719,0.85,0.9,,,,
9645,45,54,0.00000002,0.628343,0.8,0.95,,,,
9646,45,55,0.00000002,0.80665,0.8,0.85,,,,
9647,45,56,0.00000002,0.724726,0.75,0.95,,,,
9648,45,57,0.00000002,0.914921,0.75,0.85,,,,
9649,45,58,0.00000002,0.187311,0.95,1,,,,
9650,45,59,0.00000002,0.368797,0.9,0.95,,,,
9651,45,60,0.00000002,0.625646,0.8,0.95,,,,
9652,45,61,0.00000002,0.358737,0.9,1,,,,
9653,45,62,0.00000002,0.724134,0.75,0.95,,,,
9654,45,63,0.00000002,0.856283,0.75,0.9,,,,
9655,45,64,0.00000002,0.321387,0.95,0.95,,,,
9656,45,65,0.00000003,0.30663,0.9,1,,,,
9657,45,66,0.00000003,0.09659,1,1,,,,
9658,45,67,0.00000003,1.18414,0.8,0.8,,,,
9659,45,68,0.00000003,0.324925,0.9,1,,,,
9660,45,69,0.00000003,0.329034,0.95,1,,,,
9661,45,70,0.00000003,0.071203,1,1,,,,
9662,45,71,0.00000003,0.437091,0.9,1,,,,
9663,45,72,0.00000003,0.687121,0.9,0.9,,,,
9664,45,73,0.00000003,0.775467,0.8,0.85,,,,
9665,45,74,0.00000003,0.364122,0.95,0.95,,,,
9666,45,75,0.00000003,0.716012,0.85,0.9,,,,
9667,45,76,0.00000003,0.357182,0.9,1,,,,
9668,45,77,0.00000003,0.667121,0.85,0.95,,,,
9669,45,78,0.00000003,0.616536,0.8,1,,,,
9670,45,79,0.00000003,0.184922,0.95,1,,,,
9671,45,80,0.00000003,0.240456,0.9,1,,,,
9672,45,81,0.00000003,0.560651,0.9,0.9,,,,
9673,45,82,0.00000003,0.87359,0.75,0.9,,,,
9674,45,83,0.00000003,0.472258,0.9,0.95,,,,
9675,45,84,0.00000003,0.571,0.8,0.95,,,,
9676,45,85,0.00000003,0.817078,0.85,0.85,,,,
9677,45,86,0.00000003,0.599538,0.85,0.9,,,,
9678,45,87,0.00000003,0.89712,0.8,0.9,,,,
9679,45,88,0.00000003,0.532603,0.9,0.9,,,,
9680,45,89,0.00000003,0.616759,0.8,0.95,,,,
9681,45,90,0.00000003,1.101179,0.7,0.75,,,,
9682,45,91,0.00000003,0.868107,0.8,0.9,,,,
9683,45,92,0.00000003,0.891622,0.75,0.8,,,,
9684,45,93,0.00000003,0.759743,0.8,0.9,,,,
9685,45,94,0.00000004,0.241814,0.85,1,,,,
9686,45,95,0.00000004,0.306081,0.9,1,,,,
9687,45,96,0.00000004,0.525833,0.85,1,,,,
9688,45,97,0.00000004,0.481951,0.9,0.95,,,,
9689,45,98,0.00000004,0.485159,0.85,0.9,,,,
9690,45,99,0.00000004,0.743789,0.8,0.85,,,,
9691,45,100,0.00000004,0.631228,0.85,0.9,,,,
9692,45,101,0.00000004,1.013955,0.7,0.9,,,,
9693,45,102,0.00000004,0.619933,0.85,0.9,,,,
9694,45,103,0.00000004,0.352858,0.95,0.95,,,,
9695,45,104,0.00000004,0.370457,0.9,0.95,,,,
9696,45,105,0.00000004,0.468062,0.85,0.95,,,,
9697,45,106,0.00000004,0.691673,0.85,0.95,,,,
9698,45,107,0.00000004,0.416687,0.95,0.95,,,,
9699,45,108,0.00000004,0.738486,0.8,0.95,,,,
9700,45,109,0.00000004,0.284759,1,1,,,,
9701,45,110,0.00000004,0.39258,0.9,0.95,,,,
9702,45,111,0.00000004,0.219714,0.9,1,,,,
9703,45,112,0.00000004,0.757213,0.9,0.9,,,,
9704,45,113,0.00000004,0.818202,0.75,0.95,,,,
9705,45,114,0.00000004,0.684348,0.85,0.9,,,,
9706,45,115,0.00000004,0.45058,0.85,0.95,,,,
9707,45,116,0.00000004,0.875064,0.7,0.9,,,,
9708,45,117,0.00000004,0.127177,0.95,1,,,,
9709,45,118,0.00000005,0.803656,0.75,1,,,,
9710,45,119,0.00000005,1.015896,0.75,0.85,,,,
9711,45,120,0.00000005,0.216501,0.95,1,,,,
9712,45,121,0.00000005,0.328104,0.95,1,,,,
9713,45,122,0.00000005,0.605017,0.9,0.9,,,,
9714,45,123,0.00000005,0.431192,0.85,0.9,,,,
9715,45,124,0.00000005,0.29975,0.9,1,,,,
9716,45,125,0.00000005,1.02915,0.85,0.85,,,,
9717,45,126,0.00000005,0.912769,0.8,0.85,,,,
9718,45,127,0.00000005,0.844493,0.8,0.85,,,,
9719,45,128,0.00000005,0.639966,0.85,0.9,,,,
9720,45,129,0.00000005,1.003062,0.7,0.85,,,,
9721,45,130,0.00000005,0.452738,0.85,1,,,,
9722,45,131,0.00000005,0.675308,0.75,0.95,,,,
9723,45,132,0.00000005,0.865378,0.85,0.85,,,,
9724,45,133,0.00000005,0.368798,0.9,0.95,,,,
9725,45,134,0.00000005,0.192903,0.95,1,,,,
9726,45,135,0.00000005,0.291218,0.95,0.95,,,,
9727,45,136,0.00000005,0.503367,0.9,1,,,,
9728,45,137,0.00000005,0.140158,0.95,1,,,,
9729,45,138,0.00000005,0.800875,0.8,0.95,,,,
9730,45,139,0.00000005,0.87466,0.9,0.9,,,,
9731,45,140,0.00000005,0.489827,0.95,0.95,,,,
9732,45,141,0.00000006,0.587508,0.9,0.95,,,,
9733,45,142,0.00000006,0.772551,0.75,0.9,,,,
9734,45,143,0.00000006,0.387031,0.9,1,,,,
9735,45,144,0.00000006,0.539382,0.9,0.95,,,,
9736,45,145,0.00000006,0.547709,0.85,0.95,,,,
9737,45,146,0.00000006,0.645572,0.9,0.9,,,,
9738,45,147,0.00000006,0.809749,0.7,0.95,,,,
9739,45,148,0.00000006,0.718658,0.8,0.9,,,,
9740,45,149,0.00000006,0.789985,0.75,0.9,,,,
9741,45,150,0.00000006,0.464855,0.85,0.9,,,,
9742,45,151,0.00000006,0.632622,0.85,0.9,,,,
9743,45,152,0.00000006,0.734773,0.75,0.85,,,,
9744,45,153,0.00000006,0.447655,0.9,0.95,,,,
9745,45,154,0.00000006,0.458494,0.85,0.95,,,,
9746,45,155,0.00000006,0.641717,0.85,0.95,,,,
9747,45,156,0.00000006,0.28781,0.95,1,,,,
9748,45,157,0.00000006,0.872121,0.75,0.9,,,,
9749,45,158,0.00000006,0.633618,0.85,0.9,,,,
9750,45,159,0.00000006,0.501268,0.85,1,,,,
9751,45,160,0.00000006,0.589129,0.85,0.9,,,,
9752,45,161,0.00000007,0.645661,0.85,0.95,,,,
9753,45,162,0.00000007,0.307645,0.9,1,,,,
9754,45,163,0.00000007,0.503431,0.85,0.9,,,,
9755,45,164,0.00000007,0.620411,0.85,0.9,,,,
9756,45,165,0.00000007,0.535554,0.9,0.95,,,,
9757,45,166,0.00000007,0.976565,0.75,0.85,,,,
9758,45,167,0.00000007,0.472407,0.85,0.95,,,,
9759,45,168,0.00000007,0.4481,0.85,0.95,,,,
9760,45,169,0.00000007,0.169913,0.95,1,,,,
9761,45,170,0.00000007,0.759735,0.8,0.95,,,,
9762,45,171,0.00000007,0.852361,0.75,0.9,,,,
9763,45,172,0.00000007,0.496479,0.9,0.95,,,,
9764,45,173,0.00000007,0.55377,0.85,1,,,,
9765,45,174,0.00000007,0.068248,1,1,,,,
9766,45,175,0.00000007,0.815541,0.75,0.9,,,,
9767,45,176,0.00000007,0.533087,0.9,0.95,,,,
9768,45,177,0.00000007,0.619622,0.8,0.95,,,,
9769,45,178,0.00000007,0.376465,0.9,0.95,,,,
9770,45,179,0.00000007,1.006929,0.7,0.85,,,,
9771,45,180,0.00000008,0.174589,0.9,1,,,,
9772,45,181,0.00000008,0.782436,0.75,0.95,,,,
9773,45,182,0.00000008,0.341814,0.9,0.95,,,,
9774,45,183,0.00000008,0.676277,0.8,0.95,,,,
9775,45,184,0.00000008,0.196962,0.95,1,,,,
9776,45,185,0.00000008,0.780051,0.7,0.95,,,,
9777,45,186,0.00000008,0.646599,0.85,1,,,,
9778,45,187,0.00000008,1.093093,0.6,0.9,,,,
9779,45,188,0.00000008,0.470871,0.9,0.9,,,,
9780,45,189,0.00000008,0.522282,0.9,0.95,,,,
9781,45,190,0.00000008,0.316272,0.95,0.95,,,,
9782,45,191,0.00000008,0.67199,0.8,0.9,,,,
9783,45,192,0.00000008,1.174671,0.8,0.8,,,,
9784,45,193,0.00000008,0.238566,1,1,,,,
9785,45,194,0.00000008,0.501745,0.9,0.95,,,,
9786,45,195,0.00000008,0.812507,0.8,0.9,,,,
9787,45,196,0.00000008,0.554715,0.9,0.95,,,,
9788,45,197,0.00000009,0.727462,0.8,0.95,,,,
9789,45,198,0.00000009,0.385002,0.9,0.95,,,,
9790,45,199,0.00000009,0.716865,0.8,0.95,,,,
9791,45,200,0.00000009,0.848288,0.75,0.85,,,,
9792,45,201,0.00000009,0.927952,0.75,0.9,,,,
9793,45,202,0.00000009,0.574008,0.75,1,,,,
9794,45,203,0.00000009,0.79555,0.8,0.9,,,,
9795,45,204,0.00000009,0.185306,0.95,1,,,,
9796,45,205,0.00000009,1.281235,0.7,0.75,,,,
9797,45,206,0.00000009,0.310097,0.9,0.95,,,,
9798,45,207,0.00000009,0.57026,0.85,0.95,,,,
9799,45,208,0.00000009,0.663708,0.85,0.9,,,,
9800,45,209,0.00000009,1.00879,0.7,0.85,,,,
9801,45,210,0.00000009,1.165934,0.75,0.9,,,,
9802,45,211,0.00000009,0.577701,0.9,0.95,,,,
9803,45,212,0.00000009,0.696671,0.8,0.9,,,,
9804,45,213,0.00000009,0.369685,0.85,1,,,,
9805,45,214,0.0000001,0.79043,0.8,0.9,,,,
9806,45,215,0.0000001,0.587945,0.85,0.95,,,,
9807,45,216,0.0000001,0.478869,0.95,0.95,,,,
9808,45,217,0.0000001,0.339189,0.95,0.95,,,,
9809,45,218,0.0000001,0.168489,0.95,1,,,,
9810,46,1,0.0000001,0.778665,0.8,0.9,,,,
9811,46,2,0.0000001,0.405246,0.9,0.95,,,,
9812,46,3,0.0000001,0.541788,0.85,0.95,,,,
9813,46,4,0.0000001,0.330156,0.95,0.95,,,,
9814,46,5,0.0000001,0.335274,0.95,0.95,,,,
9815,46,6,0.0000001,0.71557,0.85,0.95,,,,
9816,46,7,0.0000001,0.768959,0.9,0.9,,,,
9817,46,8,0.0000001,0.27343,0.95,1,,,,
9818,46,9,0.0000001,1.250702,0.65,0.85,,,,
9819,46,10,0.0000001,0.421843,0.9,0.95,,,,
9820,46,11,0.00000011,0.814911,0.8,0.9,,,,
9821,46,12,0.00000011,0.313734,0.9,1,,,,
9822,46,13,0.00000011,0.547846,0.95,0.95,,,,
9823,46,14,0.00000011,0.227828,0.95,1,,,,
9824,46,15,0.00000011,0.475454,0.85,0.9,,,,
9825,46,16,0.00000011,0.686008,0.8,0.85,,,,
9826,46,17,0.00000011,0.519404,0.8,1,,,,
9827,46,18,0.00000011,0.769061,0.8,0.9,,,,
9828,46,19,0.00000011,0.592115,0.8,0.95,,,,
9829,46,20,0.00000011,0.636392,0.85,0.95,,,,
9830,46,21,0.00000011,0.76743,0.8,0.95,,,,
9831,46,22,0.00000011,0.596349,0.8,1,,,,
9832,46,23,0.00000011,0.277789,1,1,,,,
9833,46,24,0.00000011,0.469485,0.85,0.95,,,,
9834,46,25,0.00000011,0.148306,0.95,1,,,,
9835,46,26,0.00000012,0.320767,0.9,1,,,,
9836,46,27,0.00000012,0.684976,0.85,0.9,,,,
9837,46,28,0.00000012,1.019114,0.8,0.8,,,,
9838,46,29,0.00000012,0.952912,0.8,0.8,,,,
9839,46,30,0.00000012,0.796563,0.7,0.9,,,,
9840,46,31,0.00000012,0.579387,0.85,1,,,,
9841,46,32,0.00000012,0.912841,0.8,0.9,,,,
9842,46,33,0.00000012,0.652488,0.75,0.95,,,,
9843,46,34,0.00000012,0.716058,0.85,0.9,,,,
9844,46,35,0.00000012,1.043031,0.75,0.85,,,,
9845,46,36,0.00000012,0.209006,1,1,,,,
9846,46,37,0.00000012,0.544572,0.95,0.95,,,,
9847,46,38,0.00000012,0.892433,0.85,0.9,,,,
9848,46,39,0.00000012,0.437884,0.9,0.95,,,,
9849,46,40,0.00000013,0.222599,0.9,1,,,,
9850,46,41,0.00000013,0.881423,0.8,0.9,,,,
9851,46,42,0.00000013,0.606764,0.8,0.9,,,,
9852,46,43,0.00000013,0.245597,0.95,1,,,,
9853,46,44,0.00000013,0.911701,0.8,0.9,,,,
9854,46,45,0.00000013,0.678705,0.85,0.95,,,,
9855,46,46,0.00000013,0.305209,0.95,1,,,,
9856,46,47,0.00000013,0.90256,0.8,0.95,,,,
9857,46,48,0.00000013,0.599468,0.8,0.95,,,,
9858,46,49,0.00000013,0.113118,1,1,,,,
9859,46,50,0.00000013,0.544217,0.95,0.95,,,,
9860,46,51,0.00000013,0.224732,0.9,1,,,,
9861,46,52,0.00000013,0.53114,0.85,1,,,,
9862,46,53,0.00000013,1.316791,0.65,0.75,,,,
9863,46,54,0.00000014,0.335495,0.9,0.95,,,,
9864,46,55,0.00000014,0.676455,0.85,0.85,,,,
9865,46,56,0.00000014,0.780819,0.8,0.85,,,,
9866,46,57,0.00000014,0.351811,0.95,0.95,,,,
9867,46,58,0.00000014,0.484239,0.9,0.95,,,,
9868,46,59,0.00000014,0.422031,0.9,1,,,,
9869,46,60,0.00000014,0.880195,0.7,0.9,,,,
9870,46,61,0.00000014,0.553251,0.9,0.95,,,,
9871,46,62,0.00000014,0.652891,0.9,0.9,,,,
9872,46,63,0.00000014,0.514871,0.85,0.9,,,,
9873,46,64,0.00000014,0.843341,0.75,0.9,,,,
9874,46,65,0.00000014,0.903744,0.8,0.9,,,,
9875,46,66,0.00000014,0.59589,0.9,0.95,,,,
9876,46,67,0.00000015,1.12061,0.75,0.85,,,,
9877,46,68,0.00000015,0.873021,0.8,0.9,,,,
9878,46,69,0.00000015,0.203474,1,1,,,,
9879,46,70,0.00000015,0.375784,0.9,1,,,,
9880,46,71,0.00000015,0.19119,0.95,1,,,,
9881,46,72,0.00000015,0.786391,0.75,0.9,,,,
9882,46,73,0.00000015,0.669736,0.75,0.95,,,,
9883,46,74,0.00000015,0.38733,0.9,0.95,,,,
9884,46,75,0.00000015,1.021831,0.7,0.85,,,,
9885,46,76,0.00000015,0.043902,1,1,,,,
9886,46,77,0.00000015,0.724518,0.85,0.9,,,,
9887,46,78,0.00000015,1.002899,0.65,0.95,,,,
9888,46,79,0.00000015,1.031973,0.7,0.9,,,,
9889,46,80,0.00000016,0.554192,0.9,0.9,,,,
9890,46,81,0.00000016,0.739363,0.75,0.9,,,,
9891,46,82,0.00000016,0.635849,0.9,0.9,,,,
9892,46,83,0.00000016,0.389472,0.9,0.95,,,,
9893,46,84,0.00000016,0.397797,0.9,0.95,,,,
9894,46,85,0.00000016,0.53857,0.9,0.95,,,,
9895,46,86,0.00000016,0.641613,0.8,0.9,,,,
9896,46,87,0.00000016,0.350523,0.95,1,,,,
9897,46,88,0.00000016,0.360437,0.95,0.95,,,,
9898,46,89,0.00000016,0.784376,0.8,0.95,,,,
9899,46,90,0.00000016,0.657942,0.8,0.9,,,,
9900,46,91,0.00000016,0.317176,0.85,1,,,,
9901,46,92,0.00000016,0.141562,0.95,1,,,,
9902,46,93,0.00000017,0.638282,0.85,0.9,,,,
9903,46,94,0.00000017,0.916012,0.7,0.9,,,,
9904,46,95,0.00000017,1.504966,0.65,0.8,,,,
9905,46,96,0.00000017,1.018549,0.7,0.9,,,,
9906,46,97,0.00000017,0.446788,0.9,1,,,,
9907,46,98,0.00000017,0.110048,1,1,,,,
9908,46,99,0.00000017,0.370993,0.85,1,,,,
9909,46,100,0.00000017,0.373895,0.9,0.95,,,,
9910,46,101,0.00000017,0.592299,0.9,0.95,,,,
9911,46,102,0.00000017,0.341074,0.9,1,,,,
9912,46,103,0.00000017,0.173704,0.95,1,,,,
9913,46,104,0.00000017,0.395085,0.95,0.95,,,,
9914,46,105,0.00000018,0.550673,0.85,1,,,,
9915,46,106,0.00000018,0.514987,0.9,0.95,,,,
9916,46,107,0.00000018,0.559591,0.85,0.95,,,,
9917,46,108,0.00000018,0.362949,0.85,1,,,,
9918,46,109,0.00000018,0.268956,0.95,0.95,,,,
9919,46,110,0.00000018,0.437987,0.9,0.95,,,,
9920,46,111,0.00000018,0.610846,0.85,0.85,,,,
9921,46,112,0.00000018,0.398563,0.9,0.9,,,,
9922,46,113,0.00000018,0.208744,0.9,1,,,,
9923,46,114,0.00000018,0.867104,0.8,0.95,,,,
9924,46,115,0.00000018,0.476978,0.9,0.9,,,,
9925,46,116,0.00000019,0.287434,0.95,1,,,,
9926,46,117,0.00000019,0.32247,0.95,0.95,,,,
9927,46,118,0.00000019,0.511548,0.9,0.9,,,,
9928,46,119,0.00000019,0.359265,0.95,0.95,,,,
9929,46,120,0.00000019,0.295217,0.9,1,,,,
9930,46,121,0.00000019,0.304129,0.9,1,,,,
9931,46,122,0.00000019,0.807297,0.75,0.85,,,,
9932,46,123,0.00000019,0.761632,0.75,0.95,,,,
9933,46,124,0.00000019,0.400629,0.9,0.95,,,,
9934,46,125,0.00000019,0.450786,0.8,1,,,,
9935,46,126,0.00000019,0.731995,0.8,0.9,,,,
9936,46,127,0.00000019,0.110989,1,1,,,,
9937,46,128,0.0000002,0.376207,0.9,1,,,,
9938,46,129,0.0000002,0.572194,0.9,0.9,,,,
9939,46,130,0.0000002,0.30271,0.95,0.95,,,,
9940,46,131,0.0000002,0.57208,0.9,0.9,,,,
9941,46,132,0.0000002,1.324449,0.7,0.8,,,,
9942,46,133,0.0000002,0.754104,0.85,0.85,,,,
9943,46,134,0.0000002,0.229596,1,1,,,,
9944,46,135,0.0000002,0.645542,0.8,0.95,,,,
9945,46,136,0.0000002,0.690427,0.85,0.95,,,,
9946,46,137,0.0000002,1.085931,0.7,0.85,,,,
9947,46,138,0.0000002,0.391021,0.9,0.95,,,,
9948,46,139,0.00000021,0.157182,1,1,,,,
9949,46,140,0.00000021,0.103726,0.95,1,,,,
9950,46,141,0.00000021,0.8566,0.75,0.9,,,,
9951,46,142,0.00000021,0.834388,0.8,0.9,,,,
9952,46,143,0.00000021,0.506745,0.85,0.9,,,,
9953,46,144,0.00000021,1.070339,0.75,0.85,,,,
9954,46,145,0.00000021,0.539974,0.8,0.95,,,,
9955,46,146,0.00000021,0.521371,0.85,0.95,,,,
9956,46,147,0.00000021,0.424737,0.85,1,,,,
9957,46,148,0.00000021,0.614814,0.85,0.9,,,,
9958,46,149,0.00000021,0.539914,0.8,0.95,,,,
9959,46,150,0.00000022,0.193036,0.95,1,,,,
9960,46,151,0.00000022,0.212027,1,1,,,,
9961,46,152,0.00000022,0.548023,0.85,0.95,,,,
9962,46,153,0.00000022,0.406241,0.9,0.95,,,,
9963,46,154,0.00000022,0.946889,0.65,0.9,,,,
9964,46,155,0.00000022,0.855158,0.75,0.9,,,,
9965,46,156,0.00000022,0.548063,0.9,0.9,,,,
9966,46,157,0.00000022,0.349527,0.9,0.95,,,,
9967,46,158,0.00000022,0.592357,0.85,0.85,,,,
9968,46,159,0.00000022,1.034225,0.75,0.8,,,,
9969,46,160,0.00000023,0.462649,0.85,0.95,,,,
9970,46,161,0.00000023,0.368741,0.85,1,,,,
9971,46,162,0.00000023,0.918401,0.7,0.9,,,,
9972,46,163,0.00000023,0.980567,0.8,0.85,,,,
9973,46,164,0.00000023,0.709729,0.85,0.9,,,,
9974,46,165,0.00000023,0.8113,0.8,0.9,,,,
9975,46,166,0.00000023,0.313719,0.9,1,,,,
9976,46,167,0.00000023,0.326123,0.85,1,,,,
9977,46,168,0.00000023,0.740264,0.75,0.9,,,,
9978,46,169,0.00000023,0.588562,0.85,0.9,,,,
9979,46,170,0.00000023,0.789333,0.85,0.9,,,,
9980,46,171,0.00000024,0.115008,0.95,1,,,,
9981,46,172,0.00000024,0.429441,0.9,0.95,,,,
9982,46,173,0.00000024,1.083778,0.7,0.95,,,,
9983,46,174,0.00000024,0.567648,0.85,0.95,,,,
9984,46,175,0.00000024,0.510725,0.85,1,,,,
9985,46,176,0.00000024,1.112356,0.75,0.8,,,,
9986,46,177,0.00000024,0.172488,0.95,1,,,,
9987,46,178,0.00000024,0.443083,0.9,1,,,,
9988,46,179,0.00000024,0.565916,0.85,0.95,,,,
9989,46,180,0.00000024,0.474658,0.85,0.95,,,,
9990,46,181,0.00000025,0.507627,0.85,0.9,,,,
9991,46,182,0.00000025,0.784226,0.8,0.95,,,,
9992,46,183,0.00000025,0.514138,0.9,0.95,,,,
9993,46,184,0.00000025,0.950279,0.85,0.85,,,,
9994,46,185,0.00000025,0.742248,0.75,0.95,,,,
9995,46,186,0.00000025,1.346734,0.65,0.75,,,,
9996,46,187,0.00000025,0.504418,0.9,0.95,,,,
9997,46,188,0.00000025,0.81139,0.7,0.95,,,,
9998,46,189,0.00000025,0.672008,0.85,0.9,,,,
9999,46,190,0.00000025,0.401658,0.9,1,,,,
10000,46,191,0.00000026,0.627295,0.85,0.9,,,,
10001,46,192,0.00000026,0.7581,0.75,0.9,,,,
10002,46,193,0.00000026,0.590835,0.85,0.9,,,,
10003,46,194,0.00000026,0.591701,0.9,0.9,,,,
10004,46,195,0.00000026,0.779074,0.85,0.95,,,,
10005,46,196,0.00000026,0.15146,0.95,1,,,,
10006,46,197,0.00000026,1.213332,0.7,0.9,,,,
10007,46,198,0.00000026,0.359017,0.9,1,,,,
10008,46,199,0.00000026,0.360208,0.95,0.95,,,,
10009,46,200,0.00000027,0.219158,0.9,1,,,,
10010,46,201,0.00000027,0.692156,0.8,0.95,,,,
10011,46,202,0.00000027,0.501267,0.85,1,,,,
10012,46,203,0.00000027,0.514395,0.85,0.95,,,,
10013,46,204,0.00000027,0.828517,0.8,0.9,,,,
10014,46,205,0.00000027,0.938564,0.8,0.8,,,,
10015,46,206,0.00000027,0.650304,0.85,0.95,,,,
10016,46,207,0.00000027,0.54655,0.85,0.95,,,,
10017,46,208,0.00000027,0.746308,0.8,0.9,,,,
10018,46,209,0.00000027,0.778755,0.8,0.95,,,,
10019,46,210,0.00000028,0.083188,1,1,,,,
10020,46,211,0.00000028,0.782183,0.75,0.9,,,,
10021,46,212,0.00000028,0.721599,0.75,0.95,,,,
10022,46,213,0.00000028,0.375668,0.9,0.95,,,,
10023,46,214,0.00000028,0.7693,0.8,0.85,,,,
10024,46,215,0.00000028,0.090115,1,1,,,,
10025,46,216,0.00000028,0.921295,0.8,0.95,,,,
10026,46,217,0.00000028,0.243034,0.9,1,,,,
10027,46,218,0.00000028,1.308051,0.65,0.85,,,,
