global_step,epoch,step_in_epoch,lr,loss,acc1,acc5
0,1,1,0.00004000,5.063672,0.000000,0.100000
1,1,2,0.00004000,5.149707,0.050000,0.050000
2,1,3,0.00004000,4.992676,0.000000,0.100000
3,1,4,0.00004000,4.693164,0.000000,0.100000
4,1,5,0.00004000,5.400488,0.000000,0.000000
5,1,6,0.00004000,5.279687,0.000000,0.050000
6,1,7,0.00004000,5.527051,0.000000,0.000000
7,1,8,0.00004000,4.852344,0.050000,0.100000
8,1,9,0.00004000,5.160254,0.050000,0.100000
9,1,10,0.00004000,5.264648,0.000000,0.050000
10,1,11,0.00004000,5.138965,0.000000,0.050000
11,1,12,0.00004000,5.104492,0.000000,0.000000
12,1,13,0.00004000,4.990625,0.000000,0.100000
13,1,14,0.00004000,5.392578,0.000000,0.000000
14,1,15,0.00004000,5.124902,0.000000,0.050000
15,1,16,0.00004000,4.943750,0.000000,0.050000
16,1,17,0.00004000,4.945801,0.000000,0.050000
17,1,18,0.00004000,4.899805,0.050000,0.050000
18,1,19,0.00004000,5.243555,0.000000,0.000000
19,1,20,0.00004000,4.895898,0.050000,0.050000
20,1,21,0.00004000,5.208887,0.000000,0.150000
21,1,22,0.00004000,5.171289,0.000000,0.000000
22,1,23,0.00004000,4.762012,0.000000,0.000000
23,1,24,0.00004000,5.190722,0.000000,0.050000
24,1,25,0.00004000,4.760938,0.000000,0.100000
25,1,26,0.00004000,5.030664,0.000000,0.000000
26,1,27,0.00004000,4.788476,0.000000,0.100000
27,1,28,0.00004000,5.015137,0.000000,0.000000
28,1,29,0.00004000,5.002149,0.000000,0.000000
29,1,30,0.00004000,4.893359,0.000000,0.100000
30,1,31,0.00004000,5.048730,0.000000,0.050000
31,1,32,0.00004000,5.147265,0.000000,0.000000
32,1,33,0.00004000,5.221484,0.000000,0.000000
33,1,34,0.00004000,4.936523,0.000000,0.000000
34,1,35,0.00004000,4.771094,0.050000,0.050000
35,1,36,0.00004000,4.900879,0.000000,0.050000
36,1,37,0.00004000,4.926562,0.000000,0.050000
37,1,38,0.00004000,5.111035,0.000000,0.050000
38,1,39,0.00004000,5.025781,0.050000,0.050000
39,1,40,0.00004000,4.754883,0.000000,0.000000
40,1,41,0.00004000,4.616992,0.000000,0.050000
41,1,42,0.00004000,4.992774,0.000000,0.050000
42,1,43,0.00004000,4.885352,0.000000,0.000000
43,1,44,0.00004000,5.061133,0.000000,0.000000
44,1,45,0.00004000,4.850488,0.000000,0.050000
45,1,46,0.00004000,4.898438,0.000000,0.100000
46,1,47,0.00004000,5.247851,0.000000,0.000000
47,1,48,0.00004000,4.924024,0.000000,0.000000
48,1,49,0.00004000,5.151367,0.000000,0.100000
49,1,50,0.00004000,5.073633,0.000000,0.000000
50,1,51,0.00004000,4.955957,0.000000,0.050000
51,1,52,0.00004000,5.224023,0.000000,0.000000
52,1,53,0.00004000,5.119922,0.000000,0.000000
53,1,54,0.00004000,5.039649,0.000000,0.000000
54,1,55,0.00004000,5.163867,0.000000,0.000000
55,1,56,0.00004000,5.092578,0.000000,0.000000
56,1,57,0.00004000,4.996875,0.000000,0.100000
57,1,58,0.00004000,4.499121,0.000000,0.100000
58,1,59,0.00004000,4.888476,0.000000,0.100000
59,1,60,0.00004000,4.834961,0.000000,0.050000
60,1,61,0.00004000,4.677637,0.000000,0.050000
61,1,62,0.00004000,4.870019,0.000000,0.000000
62,1,63,0.00004000,5.267578,0.000000,0.000000
63,1,64,0.00004000,4.988281,0.000000,0.000000
64,1,65,0.00004000,5.080274,0.000000,0.000000
65,1,66,0.00004000,4.897461,0.000000,0.150000
66,1,67,0.00004000,4.977832,0.050000,0.050000
67,1,68,0.00004000,4.618750,0.050000,0.050000
68,1,69,0.00004000,4.875098,0.000000,0.050000
69,1,70,0.00004000,4.820899,0.000000,0.000000
70,1,71,0.00004000,4.837207,0.050000,0.050000
71,1,72,0.00003999,4.853320,0.000000,0.100000
72,1,73,0.00003999,4.714551,0.000000,0.100000
73,1,74,0.00003999,4.826856,0.000000,0.000000
74,1,75,0.00003999,4.880371,0.000000,0.050000
75,1,76,0.00003999,4.521484,0.000000,0.100000
76,1,77,0.00003999,5.033301,0.000000,0.000000
77,1,78,0.00003999,5.028320,0.000000,0.000000
78,1,79,0.00003999,4.991895,0.050000,0.050000
79,1,80,0.00003999,4.980567,0.000000,0.050000
80,1,81,0.00003999,4.782227,0.000000,0.000000
81,1,82,0.00003999,5.064355,0.000000,0.000000
82,1,83,0.00003999,5.018555,0.000000,0.050000
83,1,84,0.00003999,4.729102,0.000000,0.100000
84,1,85,0.00003999,4.876367,0.050000,0.050000
85,1,86,0.00003999,4.981543,0.000000,0.050000
86,1,87,0.00003999,5.167480,0.000000,0.100000
87,1,88,0.00003999,5.102051,0.050000,0.100000
88,1,89,0.00003999,5.026758,0.000000,0.000000
89,1,90,0.00003999,4.747266,0.000000,0.000000
90,1,91,0.00003999,5.117285,0.000000,0.050000
91,1,92,0.00003999,4.825293,0.000000,0.050000
92,1,93,0.00003999,4.838769,0.050000,0.050000
93,1,94,0.00003999,4.843262,0.000000,0.100000
94,1,95,0.00003999,4.784472,0.000000,0.000000
95,1,96,0.00003999,4.883203,0.000000,0.000000
96,1,97,0.00003999,4.892383,0.000000,0.050000
97,1,98,0.00003999,4.796973,0.050000,0.100000
98,1,99,0.00003999,5.019433,0.000000,0.100000
99,1,100,0.00003999,4.797461,0.000000,0.000000
100,1,101,0.00003999,4.756640,0.000000,0.000000
101,1,102,0.00003999,4.968262,0.000000,0.050000
102,1,103,0.00003999,4.984766,0.000000,0.050000
103,1,104,0.00003999,4.955859,0.000000,0.000000
104,1,105,0.00003999,5.315137,0.000000,0.000000
105,1,106,0.00003999,4.516504,0.050000,0.250000
106,1,107,0.00003999,4.643945,0.000000,0.000000
107,1,108,0.00003999,4.868066,0.000000,0.000000
108,1,109,0.00003999,4.647851,0.000000,0.050000
109,1,110,0.00003999,5.108301,0.000000,0.050000
110,1,111,0.00003999,5.015723,0.000000,0.050000
111,1,112,0.00003999,4.943750,0.000000,0.000000
112,1,113,0.00003999,4.941699,0.000000,0.000000
113,1,114,0.00003999,4.741895,0.000000,0.050000
114,1,115,0.00003999,4.658789,0.000000,0.050000
115,1,116,0.00003999,4.912598,0.050000,0.050000
116,1,117,0.00003999,4.936719,0.000000,0.050000
117,1,118,0.00003999,4.929004,0.000000,0.050000
118,1,119,0.00003999,4.910156,0.000000,0.000000
119,1,120,0.00003999,5.110938,0.000000,0.000000
120,1,121,0.00003999,4.768847,0.000000,0.000000
121,1,122,0.00003999,4.862597,0.000000,0.100000
122,1,123,0.00003999,5.089844,0.000000,0.000000
123,1,124,0.00003998,4.743457,0.000000,0.100000
124,1,125,0.00003998,4.893164,0.000000,0.050000
125,1,126,0.00003998,5.007910,0.000000,0.100000
126,1,127,0.00003998,5.108496,0.000000,0.000000
127,1,128,0.00003998,4.885352,0.000000,0.050000
128,1,129,0.00003998,4.619336,0.000000,0.050000
129,1,130,0.00003998,5.058496,0.000000,0.000000
130,1,131,0.00003998,5.141211,0.000000,0.000000
131,1,132,0.00003998,4.694629,0.000000,0.050000
132,1,133,0.00003998,5.066602,0.000000,0.000000
133,1,134,0.00003998,4.904199,0.000000,0.000000
134,1,135,0.00003998,4.816992,0.000000,0.050000
135,1,136,0.00003998,4.682227,0.050000,0.100000
136,1,137,0.00003998,4.917773,0.000000,0.050000
137,1,138,0.00003998,5.039258,0.000000,0.000000
138,1,139,0.00003998,4.863477,0.050000,0.150000
139,1,140,0.00003998,4.762012,0.000000,0.100000
140,1,141,0.00003998,5.012695,0.000000,0.000000
141,1,142,0.00003998,5.017383,0.000000,0.000000
142,1,143,0.00003998,4.566797,0.100000,0.200000
143,1,144,0.00003998,4.933984,0.000000,0.000000
144,1,145,0.00003998,5.052246,0.000000,0.000000
145,1,146,0.00003998,4.917090,0.000000,0.050000
146,1,147,0.00003998,4.750781,0.000000,0.050000
147,1,148,0.00003998,4.828809,0.050000,0.050000
148,1,149,0.00003998,4.843750,0.000000,0.050000
149,1,150,0.00003998,4.849317,0.000000,0.000000
150,1,151,0.00003998,4.720410,0.000000,0.000000
151,1,152,0.00003998,4.979004,0.000000,0.000000
152,1,153,0.00003998,4.964746,0.000000,0.050000
153,1,154,0.00003998,4.920215,0.000000,0.150000
154,1,155,0.00003998,5.045410,0.000000,0.050000
155,1,156,0.00003998,4.923144,0.000000,0.050000
156,1,157,0.00003998,4.828223,0.000000,0.100000
157,1,158,0.00003998,5.047656,0.000000,0.000000
158,1,159,0.00003998,4.961621,0.050000,0.050000
159,1,160,0.00003997,5.000977,0.000000,0.000000
160,1,161,0.00003997,4.673535,0.000000,0.100000
161,1,162,0.00003997,4.991992,0.000000,0.000000
162,1,163,0.00003997,4.896582,0.000000,0.000000
163,1,164,0.00003997,4.614453,0.000000,0.050000
164,1,165,0.00003997,4.838379,0.000000,0.000000
165,1,166,0.00003997,4.722461,0.000000,0.050000
166,1,167,0.00003997,4.939551,0.050000,0.100000
167,1,168,0.00003997,5.168750,0.000000,0.000000
168,1,169,0.00003997,4.721387,0.000000,0.000000
169,1,170,0.00003997,4.829492,0.000000,0.000000
170,1,171,0.00003997,4.544531,0.000000,0.100000
171,1,172,0.00003997,5.061914,0.000000,0.050000
172,1,173,0.00003997,4.825000,0.000000,0.000000
173,1,174,0.00003997,5.010352,0.000000,0.000000
174,1,175,0.00003997,4.783203,0.000000,0.000000
175,1,176,0.00003997,4.556152,0.000000,0.100000
176,1,177,0.00003997,4.602149,0.050000,0.100000
177,1,178,0.00003997,4.907227,0.000000,0.050000
178,1,179,0.00003997,4.923730,0.000000,0.000000
179,1,180,0.00003997,4.738770,0.000000,0.100000
180,1,181,0.00003997,4.868750,0.000000,0.050000
181,1,182,0.00003997,4.815137,0.000000,0.050000
182,1,183,0.00003997,4.780566,0.000000,0.000000
183,1,184,0.00003997,5.166211,0.000000,0.000000
184,1,185,0.00003997,4.883594,0.000000,0.050000
185,1,186,0.00003997,4.985547,0.000000,0.000000
186,1,187,0.00003997,4.912793,0.000000,0.050000
187,1,188,0.00003997,4.777930,0.000000,0.050000
188,1,189,0.00003996,4.739746,0.000000,0.000000
189,1,190,0.00003996,4.737793,0.000000,0.050000
190,1,191,0.00003996,4.915039,0.000000,0.000000
191,1,192,0.00003996,4.680957,0.050000,0.050000
192,1,193,0.00003996,4.779297,0.000000,0.050000
193,1,194,0.00003996,4.674414,0.000000,0.000000
194,1,195,0.00003996,4.845703,0.000000,0.050000
195,1,196,0.00003996,4.924219,0.050000,0.050000
196,1,197,0.00003996,5.105957,0.000000,0.000000
197,1,198,0.00003996,4.795312,0.050000,0.100000
198,1,199,0.00003996,4.949805,0.000000,0.000000
199,1,200,0.00003996,4.984961,0.000000,0.050000
200,1,201,0.00003996,4.793945,0.050000,0.050000
201,1,202,0.00003996,4.934863,0.000000,0.050000
202,1,203,0.00003996,4.791211,0.000000,0.000000
203,1,204,0.00003996,4.876269,0.000000,0.000000
204,1,205,0.00003996,4.809180,0.050000,0.050000
205,1,206,0.00003996,4.967969,0.000000,0.000000
206,1,207,0.00003996,4.857520,0.000000,0.100000
207,1,208,0.00003996,4.818555,0.000000,0.100000
208,1,209,0.00003996,4.703223,0.100000,0.150000
209,1,210,0.00003996,4.643262,0.000000,0.050000
210,1,211,0.00003996,4.990234,0.000000,0.000000
211,1,212,0.00003996,4.947852,0.050000,0.100000
212,1,213,0.00003996,4.945508,0.000000,0.050000
213,1,214,0.00003996,4.794922,0.000000,0.000000
214,1,215,0.00003995,4.724023,0.000000,0.000000
215,1,216,0.00003995,4.773145,0.000000,0.050000
216,1,217,0.00003995,4.734179,0.000000,0.100000
217,1,218,0.00003995,4.839355,0.000000,0.100000
218,2,1,0.00003995,4.760938,0.050000,0.100000
219,2,2,0.00003995,5.127637,0.000000,0.050000
220,2,3,0.00003995,4.755273,0.100000,0.150000
221,2,4,0.00003995,4.670996,0.000000,0.000000
222,2,5,0.00003995,4.816992,0.000000,0.100000
223,2,6,0.00003995,4.674316,0.050000,0.050000
224,2,7,0.00003995,4.844043,0.000000,0.100000
225,2,8,0.00003995,4.736621,0.050000,0.050000
226,2,9,0.00003995,4.984082,0.000000,0.050000
227,2,10,0.00003995,4.555176,0.000000,0.050000
228,2,11,0.00003995,4.963672,0.000000,0.050000
229,2,12,0.00003995,4.798047,0.050000,0.100000
230,2,13,0.00003995,4.735059,0.100000,0.150000
231,2,14,0.00003995,4.910547,0.050000,0.050000
232,2,15,0.00003995,5.291406,0.000000,0.000000
233,2,16,0.00003995,4.963672,0.000000,0.000000
234,2,17,0.00003995,4.760254,0.000000,0.000000
235,2,18,0.00003995,4.472461,0.150000,0.250000
236,2,19,0.00003994,4.725879,0.000000,0.050000
237,2,20,0.00003994,4.873242,0.000000,0.000000
238,2,21,0.00003994,4.795801,0.000000,0.100000
239,2,22,0.00003994,4.722558,0.000000,0.100000
240,2,23,0.00003994,4.877051,0.000000,0.050000
241,2,24,0.00003994,4.943555,0.000000,0.050000
242,2,25,0.00003994,4.670215,0.000000,0.000000
243,2,26,0.00003994,4.908984,0.000000,0.000000
244,2,27,0.00003994,4.863477,0.000000,0.000000
245,2,28,0.00003994,4.929395,0.000000,0.000000
246,2,29,0.00003994,4.628711,0.050000,0.200000
247,2,30,0.00003994,4.763867,0.000000,0.050000
248,2,31,0.00003994,4.694531,0.000000,0.150000
249,2,32,0.00003994,4.677442,0.000000,0.150000
250,2,33,0.00003994,4.794238,0.000000,0.050000
251,2,34,0.00003994,5.011133,0.000000,0.000000
252,2,35,0.00003994,4.564844,0.000000,0.050000
253,2,36,0.00003994,4.862402,0.000000,0.100000
254,2,37,0.00003994,4.899414,0.000000,0.050000
255,2,38,0.00003994,5.191308,0.000000,0.050000
256,2,39,0.00003994,4.765625,0.000000,0.000000
257,2,40,0.00003993,4.875196,0.100000,0.100000
258,2,41,0.00003993,5.023438,0.000000,0.000000
259,2,42,0.00003993,4.817676,0.000000,0.100000
260,2,43,0.00003993,5.021484,0.000000,0.000000
261,2,44,0.00003993,4.920703,0.000000,0.050000
262,2,45,0.00003993,4.989746,0.000000,0.050000
263,2,46,0.00003993,4.823144,0.000000,0.050000
264,2,47,0.00003993,4.608691,0.000000,0.050000
265,2,48,0.00003993,4.415918,0.100000,0.150000
266,2,49,0.00003993,4.712598,0.000000,0.050000
267,2,50,0.00003993,4.829590,0.000000,0.000000
268,2,51,0.00003993,4.637207,0.000000,0.000000
269,2,52,0.00003993,4.750879,0.000000,0.100000
270,2,53,0.00003993,5.038281,0.000000,0.050000
271,2,54,0.00003993,4.436621,0.050000,0.200000
272,2,55,0.00003993,4.766406,0.000000,0.050000
273,2,56,0.00003993,5.078613,0.000000,0.000000
274,2,57,0.00003993,4.959961,0.000000,0.100000
275,2,58,0.00003993,4.891016,0.000000,0.050000
276,2,59,0.00003992,4.750879,0.000000,0.000000
277,2,60,0.00003992,4.794531,0.000000,0.100000
278,2,61,0.00003992,4.954492,0.000000,0.100000
279,2,62,0.00003992,5.000098,0.000000,0.050000
280,2,63,0.00003992,4.798047,0.050000,0.100000
281,2,64,0.00003992,4.827832,0.000000,0.100000
282,2,65,0.00003992,4.700781,0.000000,0.050000
283,2,66,0.00003992,5.043945,0.000000,0.000000
284,2,67,0.00003992,4.797559,0.000000,0.050000
285,2,68,0.00003992,4.772070,0.000000,0.050000
286,2,69,0.00003992,4.902734,0.000000,0.050000
287,2,70,0.00003992,4.818262,0.000000,0.000000
288,2,71,0.00003992,4.940820,0.000000,0.050000
289,2,72,0.00003992,4.523828,0.200000,0.200000
290,2,73,0.00003992,4.647656,0.000000,0.000000
291,2,74,0.00003992,4.999804,0.000000,0.000000
292,2,75,0.00003992,5.004199,0.000000,0.000000
293,2,76,0.00003992,4.659961,0.000000,0.050000
294,2,77,0.00003991,4.928711,0.000000,0.100000
295,2,78,0.00003991,4.646289,0.050000,0.200000
296,2,79,0.00003991,4.925488,0.050000,0.050000
297,2,80,0.00003991,4.761328,0.050000,0.050000
298,2,81,0.00003991,4.603516,0.000000,0.000000
299,2,82,0.00003991,4.737891,0.050000,0.100000
300,2,83,0.00003991,5.190820,0.000000,0.000000
301,2,84,0.00003991,4.731836,0.000000,0.000000
302,2,85,0.00003991,4.794336,0.000000,0.000000
303,2,86,0.00003991,4.949023,0.050000,0.100000
304,2,87,0.00003991,4.708301,0.000000,0.100000
305,2,88,0.00003991,4.705371,0.050000,0.150000
306,2,89,0.00003991,4.801172,0.050000,0.050000
307,2,90,0.00003991,4.810547,0.000000,0.050000
308,2,91,0.00003991,4.801562,0.000000,0.000000
309,2,92,0.00003991,4.833203,0.000000,0.050000
310,2,93,0.00003991,4.875684,0.000000,0.050000
311,2,94,0.00003990,5.007422,0.000000,0.100000
312,2,95,0.00003990,4.545117,0.000000,0.100000
313,2,96,0.00003990,4.799121,0.050000,0.100000
314,2,97,0.00003990,4.923828,0.000000,0.000000
315,2,98,0.00003990,4.957617,0.000000,0.000000
316,2,99,0.00003990,4.514062,0.050000,0.100000
317,2,100,0.00003990,5.063477,0.000000,0.000000
318,2,101,0.00003990,5.164453,0.000000,0.050000
319,2,102,0.00003990,4.959375,0.000000,0.000000
320,2,103,0.00003990,4.821777,0.000000,0.100000
321,2,104,0.00003990,4.850195,0.000000,0.100000
322,2,105,0.00003990,4.847852,0.050000,0.100000
323,2,106,0.00003990,4.787598,0.000000,0.000000
324,2,107,0.00003990,4.684278,0.000000,0.150000
325,2,108,0.00003990,4.879297,0.000000,0.000000
326,2,109,0.00003990,4.983398,0.000000,0.000000
327,2,110,0.00003989,4.765918,0.000000,0.050000
328,2,111,0.00003989,5.192481,0.000000,0.000000
329,2,112,0.00003989,4.743750,0.000000,0.000000
330,2,113,0.00003989,4.868945,0.000000,0.050000
331,2,114,0.00003989,4.827246,0.050000,0.150000
332,2,115,0.00003989,4.578321,0.000000,0.050000
333,2,116,0.00003989,5.049121,0.000000,0.000000
334,2,117,0.00003989,4.878808,0.000000,0.000000
335,2,118,0.00003989,4.516699,0.050000,0.150000
336,2,119,0.00003989,4.929980,0.050000,0.050000
337,2,120,0.00003989,5.033301,0.000000,0.000000
338,2,121,0.00003989,4.935156,0.000000,0.000000
339,2,122,0.00003989,4.752246,0.000000,0.000000
340,2,123,0.00003989,4.761719,0.000000,0.100000
341,2,124,0.00003989,4.673047,0.000000,0.100000
342,2,125,0.00003988,4.482226,0.000000,0.050000
343,2,126,0.00003988,5.120117,0.000000,0.000000
344,2,127,0.00003988,4.844043,0.000000,0.200000
345,2,128,0.00003988,4.729199,0.000000,0.000000
346,2,129,0.00003988,4.907910,0.000000,0.100000
347,2,130,0.00003988,4.638281,0.000000,0.050000
348,2,131,0.00003988,4.754395,0.000000,0.050000
349,2,132,0.00003988,4.971289,0.100000,0.150000
350,2,133,0.00003988,4.886523,0.000000,0.000000
351,2,134,0.00003988,4.924219,0.000000,0.050000
352,2,135,0.00003988,4.877832,0.000000,0.000000
353,2,136,0.00003988,4.871680,0.050000,0.100000
354,2,137,0.00003988,4.984571,0.000000,0.000000
355,2,138,0.00003988,4.719238,0.000000,0.050000
356,2,139,0.00003988,4.620313,0.000000,0.050000
357,2,140,0.00003987,4.940722,0.000000,0.000000
358,2,141,0.00003987,4.939649,0.000000,0.000000
359,2,142,0.00003987,4.672949,0.050000,0.150000
360,2,143,0.00003987,4.929101,0.000000,0.050000
361,2,144,0.00003987,4.803027,0.000000,0.050000
362,2,145,0.00003987,4.926465,0.000000,0.000000
363,2,146,0.00003987,4.685645,0.050000,0.100000
364,2,147,0.00003987,4.981836,0.000000,0.050000
365,2,148,0.00003987,4.526172,0.050000,0.150000
366,2,149,0.00003987,5.032129,0.000000,0.000000
367,2,150,0.00003987,4.866211,0.000000,0.100000
368,2,151,0.00003987,4.786719,0.000000,0.050000
369,2,152,0.00003987,4.843750,0.000000,0.100000
370,2,153,0.00003987,4.793750,0.000000,0.050000
371,2,154,0.00003986,4.684375,0.050000,0.100000
372,2,155,0.00003986,4.486133,0.050000,0.050000
373,2,156,0.00003986,4.495019,0.050000,0.100000
374,2,157,0.00003986,4.880176,0.000000,0.050000
375,2,158,0.00003986,4.576270,0.050000,0.150000
376,2,159,0.00003986,4.871680,0.000000,0.050000
377,2,160,0.00003986,4.906738,0.000000,0.050000
378,2,161,0.00003986,4.842773,0.000000,0.000000
379,2,162,0.00003986,4.591113,0.000000,0.050000
380,2,163,0.00003986,4.986621,0.000000,0.100000
381,2,164,0.00003986,4.542285,0.050000,0.050000
382,2,165,0.00003986,4.594043,0.000000,0.050000
383,2,166,0.00003986,4.703418,0.000000,0.150000
384,2,167,0.00003985,4.738281,0.000000,0.050000
385,2,168,0.00003985,4.467090,0.000000,0.100000
386,2,169,0.00003985,5.181152,0.000000,0.000000
387,2,170,0.00003985,4.762305,0.000000,0.000000
388,2,171,0.00003985,4.686328,0.050000,0.150000
389,2,172,0.00003985,4.683301,0.000000,0.000000
390,2,173,0.00003985,4.545312,0.000000,0.000000
391,2,174,0.00003985,4.680371,0.000000,0.050000
392,2,175,0.00003985,4.685449,0.050000,0.100000
393,2,176,0.00003985,4.909180,0.000000,0.000000
394,2,177,0.00003985,4.367676,0.050000,0.300000
395,2,178,0.00003985,4.589355,0.050000,0.100000
396,2,179,0.00003985,4.450000,0.050000,0.150000
397,2,180,0.00003984,4.774121,0.000000,0.050000
398,2,181,0.00003984,4.726172,0.000000,0.000000
399,2,182,0.00003984,5.008789,0.000000,0.000000
400,2,183,0.00003984,4.611230,0.050000,0.150000
401,2,184,0.00003984,4.929980,0.000000,0.000000
402,2,185,0.00003984,4.735742,0.000000,0.050000
403,2,186,0.00003984,4.490820,0.100000,0.100000
404,2,187,0.00003984,4.582227,0.050000,0.100000
405,2,188,0.00003984,4.869043,0.000000,0.050000
406,2,189,0.00003984,4.729004,0.050000,0.100000
407,2,190,0.00003984,4.682813,0.000000,0.050000
408,2,191,0.00003984,4.831152,0.000000,0.000000
409,2,192,0.00003984,4.886817,0.050000,0.100000
410,2,193,0.00003983,4.568164,0.000000,0.100000
411,2,194,0.00003983,4.902832,0.000000,0.050000
412,2,195,0.00003983,4.863281,0.000000,0.050000
413,2,196,0.00003983,4.610742,0.050000,0.100000
414,2,197,0.00003983,4.443164,0.000000,0.150000
415,2,198,0.00003983,4.515918,0.000000,0.200000
416,2,199,0.00003983,4.516016,0.000000,0.250000
417,2,200,0.00003983,4.719238,0.050000,0.050000
418,2,201,0.00003983,4.622266,0.000000,0.050000
419,2,202,0.00003983,4.580176,0.000000,0.100000
420,2,203,0.00003983,4.687402,0.000000,0.000000
421,2,204,0.00003983,4.505567,0.050000,0.050000
422,2,205,0.00003982,4.775879,0.050000,0.050000
423,2,206,0.00003982,4.807715,0.000000,0.100000
424,2,207,0.00003982,4.574512,0.050000,0.150000
425,2,208,0.00003982,4.715918,0.000000,0.050000
426,2,209,0.00003982,4.694531,0.000000,0.100000
427,2,210,0.00003982,4.710449,0.000000,0.100000
428,2,211,0.00003982,4.755371,0.000000,0.150000
429,2,212,0.00003982,4.745508,0.000000,0.050000
430,2,213,0.00003982,4.739453,0.000000,0.150000
431,2,214,0.00003982,4.820312,0.000000,0.100000
432,2,215,0.00003982,4.852832,0.000000,0.000000
433,2,216,0.00003982,4.561816,0.050000,0.150000
434,2,217,0.00003981,4.567676,0.050000,0.100000
435,2,218,0.00003981,4.463379,0.050000,0.050000
436,3,1,0.00003981,4.699317,0.000000,0.150000
437,3,2,0.00003981,4.820605,0.000000,0.050000
438,3,3,0.00003981,4.543653,0.100000,0.150000
439,3,4,0.00003981,4.502149,0.050000,0.050000
440,3,5,0.00003981,4.537988,0.100000,0.200000
441,3,6,0.00003981,4.461816,0.050000,0.050000
442,3,7,0.00003981,4.358984,0.050000,0.200000
443,3,8,0.00003981,4.734082,0.000000,0.050000
444,3,9,0.00003981,4.802930,0.000000,0.000000
445,3,10,0.00003981,4.551074,0.000000,0.150000
446,3,11,0.00003980,4.547168,0.050000,0.100000
447,3,12,0.00003980,4.507129,0.100000,0.200000
448,3,13,0.00003980,4.834277,0.000000,0.050000
449,3,14,0.00003980,4.364160,0.050000,0.250000
450,3,15,0.00003980,4.523535,0.050000,0.150000
451,3,16,0.00003980,4.652442,0.000000,0.000000
452,3,17,0.00003980,4.906446,0.000000,0.050000
453,3,18,0.00003980,4.649316,0.000000,0.050000
454,3,19,0.00003980,4.476953,0.000000,0.100000
455,3,20,0.00003980,4.262109,0.050000,0.300000
456,3,21,0.00003980,4.710742,0.000000,0.050000
457,3,22,0.00003979,4.559082,0.100000,0.200000
458,3,23,0.00003979,4.768945,0.050000,0.100000
459,3,24,0.00003979,4.642578,0.050000,0.100000
460,3,25,0.00003979,4.502344,0.000000,0.000000
461,3,26,0.00003979,4.459180,0.050000,0.200000
462,3,27,0.00003979,4.561231,0.100000,0.150000
463,3,28,0.00003979,4.816211,0.000000,0.100000
464,3,29,0.00003979,4.429785,0.050000,0.100000
465,3,30,0.00003979,4.403320,0.000000,0.050000
466,3,31,0.00003979,4.568262,0.100000,0.250000
467,3,32,0.00003979,4.818750,0.000000,0.050000
468,3,33,0.00003978,4.489942,0.000000,0.050000
469,3,34,0.00003978,4.449414,0.050000,0.200000
470,3,35,0.00003978,4.415332,0.100000,0.150000
471,3,36,0.00003978,4.387988,0.050000,0.100000
472,3,37,0.00003978,4.429199,0.050000,0.100000
473,3,38,0.00003978,4.648340,0.000000,0.100000
474,3,39,0.00003978,4.506640,0.050000,0.250000
475,3,40,0.00003978,4.314063,0.100000,0.250000
476,3,41,0.00003978,4.356250,0.050000,0.200000
477,3,42,0.00003978,4.297461,0.100000,0.300000
478,3,43,0.00003978,4.736035,0.000000,0.100000
479,3,44,0.00003977,4.538672,0.050000,0.250000
480,3,45,0.00003977,4.604980,0.000000,0.100000
481,3,46,0.00003977,4.398828,0.050000,0.250000
482,3,47,0.00003977,4.352197,0.050000,0.200000
483,3,48,0.00003977,4.742774,0.100000,0.200000
484,3,49,0.00003977,4.055469,0.150000,0.350000
485,3,50,0.00003977,4.577734,0.000000,0.100000
486,3,51,0.00003977,4.257031,0.100000,0.150000
487,3,52,0.00003977,4.517969,0.050000,0.250000
488,3,53,0.00003977,4.223535,0.200000,0.250000
489,3,54,0.00003976,4.706933,0.050000,0.100000
490,3,55,0.00003976,4.712012,0.000000,0.000000
491,3,56,0.00003976,4.256934,0.100000,0.150000
492,3,57,0.00003976,4.257129,0.000000,0.200000
493,3,58,0.00003976,4.884863,0.050000,0.050000
494,3,59,0.00003976,4.085889,0.150000,0.350000
495,3,60,0.00003976,4.535254,0.000000,0.100000
496,3,61,0.00003976,4.292578,0.050000,0.250000
497,3,62,0.00003976,4.348047,0.050000,0.200000
498,3,63,0.00003976,4.265527,0.050000,0.150000
499,3,64,0.00003976,4.054883,0.150000,0.200000
500,3,65,0.00003975,4.475879,0.100000,0.200000
501,3,66,0.00003975,4.473437,0.050000,0.200000
502,3,67,0.00003975,3.964453,0.200000,0.350000
503,3,68,0.00003975,4.641309,0.000000,0.050000
504,3,69,0.00003975,4.444922,0.000000,0.100000
505,3,70,0.00003975,4.390332,0.050000,0.200000
506,3,71,0.00003975,4.144141,0.050000,0.250000
507,3,72,0.00003975,3.824902,0.100000,0.300000
508,3,73,0.00003975,4.146777,0.050000,0.150000
509,3,74,0.00003975,4.557227,0.000000,0.150000
510,3,75,0.00003974,4.488379,0.000000,0.050000
511,3,76,0.00003974,4.302637,0.050000,0.100000
512,3,77,0.00003974,3.973926,0.100000,0.300000
513,3,78,0.00003974,3.949317,0.150000,0.300000
514,3,79,0.00003974,4.178125,0.000000,0.300000
515,3,80,0.00003974,4.236621,0.100000,0.200000
516,3,81,0.00003974,3.829077,0.200000,0.250000
517,3,82,0.00003974,4.430860,0.100000,0.250000
518,3,83,0.00003974,3.504272,0.300000,0.450000
519,3,84,0.00003974,3.879395,0.100000,0.450000
520,3,85,0.00003973,4.090625,0.050000,0.300000
521,3,86,0.00003973,3.949023,0.050000,0.200000
522,3,87,0.00003973,4.382715,0.050000,0.150000
523,3,88,0.00003973,3.860156,0.100000,0.350000
524,3,89,0.00003973,4.174268,0.100000,0.250000
525,3,90,0.00003973,4.191504,0.050000,0.200000
526,3,91,0.00003973,4.022168,0.050000,0.400000
527,3,92,0.00003973,4.061523,0.100000,0.350000
528,3,93,0.00003973,3.970752,0.200000,0.350000
529,3,94,0.00003972,3.871973,0.100000,0.450000
530,3,95,0.00003972,3.914600,0.050000,0.200000
531,3,96,0.00003972,3.630615,0.200000,0.400000
532,3,97,0.00003972,4.340576,0.150000,0.200000
533,3,98,0.00003972,3.627734,0.150000,0.350000
534,3,99,0.00003972,4.099317,0.000000,0.400000
535,3,100,0.00003972,4.073535,0.100000,0.200000
536,3,101,0.00003972,3.994727,0.100000,0.300000
537,3,102,0.00003972,3.859131,0.100000,0.400000
538,3,103,0.00003972,3.826953,0.050000,0.450000
539,3,104,0.00003971,3.713769,0.200000,0.450000
540,3,105,0.00003971,3.655859,0.150000,0.450000
541,3,106,0.00003971,3.764844,0.100000,0.400000
542,3,107,0.00003971,3.831647,0.100000,0.350000
543,3,108,0.00003971,4.061231,0.000000,0.450000
544,3,109,0.00003971,3.411084,0.150000,0.450000
545,3,110,0.00003971,4.008105,0.100000,0.250000
546,3,111,0.00003971,4.261230,0.050000,0.200000
547,3,112,0.00003971,3.973926,0.050000,0.350000
548,3,113,0.00003970,4.087110,0.000000,0.250000
549,3,114,0.00003970,4.051562,0.150000,0.250000
550,3,115,0.00003970,3.670117,0.150000,0.450000
551,3,116,0.00003970,3.616406,0.100000,0.500000
552,3,117,0.00003970,3.625684,0.100000,0.350000
553,3,118,0.00003970,3.920703,0.050000,0.450000
554,3,119,0.00003970,3.603809,0.200000,0.500000
555,3,120,0.00003970,3.465918,0.100000,0.400000
556,3,121,0.00003970,3.630664,0.150000,0.400000
557,3,122,0.00003970,3.971777,0.150000,0.300000
558,3,123,0.00003969,3.322119,0.300000,0.450000
559,3,124,0.00003969,3.296668,0.200000,0.350000
560,3,125,0.00003969,3.704199,0.050000,0.400000
561,3,126,0.00003969,3.955225,0.150000,0.300000
562,3,127,0.00003969,3.406738,0.150000,0.550000
563,3,128,0.00003969,3.866016,0.150000,0.300000
564,3,129,0.00003969,3.518555,0.150000,0.500000
565,3,130,0.00003969,3.325122,0.150000,0.550000
566,3,131,0.00003969,3.076514,0.300000,0.650000
567,3,132,0.00003968,2.941333,0.250000,0.500000
568,3,133,0.00003968,3.006738,0.300000,0.650000
569,3,134,0.00003968,3.656006,0.200000,0.450000
570,3,135,0.00003968,3.634082,0.200000,0.450000
571,3,136,0.00003968,4.068994,0.150000,0.250000
572,3,137,0.00003968,3.204785,0.300000,0.500000
573,3,138,0.00003968,2.813696,0.400000,0.700000
574,3,139,0.00003968,3.879639,0.050000,0.400000
575,3,140,0.00003968,3.351514,0.300000,0.550000
576,3,141,0.00003967,3.191650,0.050000,0.750000
577,3,142,0.00003967,2.943262,0.200000,0.650000
578,3,143,0.00003967,2.811176,0.400000,0.650000
579,3,144,0.00003967,3.211816,0.350000,0.450000
580,3,145,0.00003967,3.080811,0.400000,0.550000
581,3,146,0.00003967,3.059277,0.400000,0.550000
582,3,147,0.00003967,3.220215,0.300000,0.550000
583,3,148,0.00003967,2.373437,0.500000,0.750000
584,3,149,0.00003967,3.691504,0.200000,0.350000
585,3,150,0.00003966,3.230151,0.300000,0.550000
586,3,151,0.00003966,3.349463,0.250000,0.400000
587,3,152,0.00003966,2.966327,0.250000,0.550000
588,3,153,0.00003966,3.558057,0.200000,0.400000
589,3,154,0.00003966,3.156860,0.350000,0.550000
590,3,155,0.00003966,3.095801,0.450000,0.650000
591,3,156,0.00003966,3.058252,0.300000,0.550000
592,3,157,0.00003966,3.170190,0.350000,0.550000
593,3,158,0.00003965,2.747864,0.250000,0.550000
594,3,159,0.00003965,3.830737,0.200000,0.250000
595,3,160,0.00003965,2.764697,0.450000,0.700000
596,3,161,0.00003965,3.168799,0.300000,0.550000
597,3,162,0.00003965,2.910339,0.350000,0.500000
598,3,163,0.00003965,3.271142,0.250000,0.500000
599,3,164,0.00003965,3.340991,0.100000,0.550000
600,3,165,0.00003965,2.511865,0.400000,0.800000
601,3,166,0.00003965,3.233594,0.250000,0.600000
602,3,167,0.00003964,2.925683,0.300000,0.650000
603,3,168,0.00003964,2.928424,0.250000,0.600000
604,3,169,0.00003964,3.259570,0.200000,0.450000
605,3,170,0.00003964,2.762329,0.350000,0.650000
606,3,171,0.00003964,2.794220,0.300000,0.700000
607,3,172,0.00003964,3.379895,0.200000,0.500000
608,3,173,0.00003964,3.020972,0.250000,0.650000
609,3,174,0.00003964,3.238989,0.250000,0.450000
610,3,175,0.00003963,3.316308,0.300000,0.450000
611,3,176,0.00003963,2.570972,0.600000,0.650000
612,3,177,0.00003963,3.216577,0.250000,0.550000
613,3,178,0.00003963,3.069629,0.400000,0.600000
614,3,179,0.00003963,3.029260,0.300000,0.550000
615,3,180,0.00003963,3.582764,0.200000,0.500000
616,3,181,0.00003963,3.007324,0.150000,0.650000
617,3,182,0.00003963,3.185034,0.100000,0.550000
618,3,183,0.00003963,3.196045,0.250000,0.600000
619,3,184,0.00003962,3.304053,0.250000,0.550000
620,3,185,0.00003962,3.563599,0.200000,0.400000
621,3,186,0.00003962,2.854346,0.300000,0.700000
622,3,187,0.00003962,2.895264,0.300000,0.600000
623,3,188,0.00003962,2.771680,0.300000,0.650000
624,3,189,0.00003962,3.104199,0.250000,0.450000
625,3,190,0.00003962,2.963306,0.300000,0.600000
626,3,191,0.00003962,2.992432,0.250000,0.600000
627,3,192,0.00003961,2.963452,0.300000,0.400000
628,3,193,0.00003961,3.159790,0.200000,0.550000
629,3,194,0.00003961,3.540991,0.200000,0.400000
630,3,195,0.00003961,2.651892,0.400000,0.800000
631,3,196,0.00003961,3.242090,0.300000,0.650000
632,3,197,0.00003961,2.534241,0.400000,0.750000
633,3,198,0.00003961,3.142871,0.300000,0.500000
634,3,199,0.00003961,3.006360,0.350000,0.500000
635,3,200,0.00003960,2.668872,0.300000,0.700000
636,3,201,0.00003960,2.546118,0.450000,0.650000
637,3,202,0.00003960,3.037036,0.250000,0.550000
638,3,203,0.00003960,2.574951,0.350000,0.750000
639,3,204,0.00003960,2.979407,0.250000,0.650000
640,3,205,0.00003960,2.869605,0.350000,0.600000
641,3,206,0.00003960,3.352197,0.100000,0.450000
642,3,207,0.00003960,3.111890,0.200000,0.650000
643,3,208,0.00003959,2.547534,0.400000,0.600000
644,3,209,0.00003959,2.558875,0.400000,0.800000
645,3,210,0.00003959,2.748145,0.300000,0.700000
646,3,211,0.00003959,2.508960,0.400000,0.850000
647,3,212,0.00003959,3.566846,0.200000,0.400000
648,3,213,0.00003959,2.311511,0.550000,0.700000
649,3,214,0.00003959,2.585925,0.300000,0.750000
650,3,215,0.00003959,2.776904,0.350000,0.700000
651,3,216,0.00003958,2.821655,0.300000,0.550000
652,3,217,0.00003958,2.896289,0.350000,0.650000
653,3,218,0.00003958,2.797607,0.350000,0.650000
654,4,1,0.00003958,2.986304,0.350000,0.550000
655,4,2,0.00003958,2.688965,0.350000,0.650000
656,4,3,0.00003958,2.625812,0.350000,0.650000
657,4,4,0.00003958,2.370972,0.350000,0.800000
658,4,5,0.00003958,2.925696,0.250000,0.500000
659,4,6,0.00003957,2.390476,0.500000,0.650000
660,4,7,0.00003957,2.665881,0.400000,0.600000
661,4,8,0.00003957,2.534363,0.550000,0.600000
662,4,9,0.00003957,2.310205,0.500000,0.700000
663,4,10,0.00003957,1.824091,0.500000,0.900000
664,4,11,0.00003957,2.444726,0.400000,0.700000
665,4,12,0.00003957,2.701019,0.500000,0.550000
666,4,13,0.00003956,2.563452,0.350000,0.700000
667,4,14,0.00003956,2.943387,0.350000,0.550000
668,4,15,0.00003956,2.417615,0.600000,0.800000
669,4,16,0.00003956,2.480487,0.450000,0.750000
670,4,17,0.00003956,1.978973,0.550000,0.800000
671,4,18,0.00003956,2.781152,0.400000,0.650000
672,4,19,0.00003956,2.261426,0.450000,0.750000
673,4,20,0.00003956,2.240063,0.600000,0.700000
674,4,21,0.00003955,2.951636,0.350000,0.600000
675,4,22,0.00003955,2.141980,0.600000,0.750000
676,4,23,0.00003955,3.202881,0.300000,0.500000
677,4,24,0.00003955,2.700867,0.450000,0.700000
678,4,25,0.00003955,2.007538,0.600000,0.800000
679,4,26,0.00003955,2.101856,0.500000,0.850000
680,4,27,0.00003955,2.337854,0.450000,0.750000
681,4,28,0.00003955,2.384399,0.350000,0.800000
682,4,29,0.00003954,2.282703,0.400000,0.750000
683,4,30,0.00003954,1.850061,0.500000,0.850000
684,4,31,0.00003954,2.246875,0.450000,0.750000
685,4,32,0.00003954,2.548444,0.500000,0.600000
686,4,33,0.00003954,2.195081,0.400000,0.850000
687,4,34,0.00003954,2.124683,0.550000,0.750000
688,4,35,0.00003954,2.446603,0.550000,0.650000
689,4,36,0.00003953,2.290430,0.250000,0.800000
690,4,37,0.00003953,2.507434,0.350000,0.700000
691,4,38,0.00003953,2.303320,0.450000,0.700000
692,4,39,0.00003953,2.327564,0.450000,0.850000
693,4,40,0.00003953,2.386127,0.350000,0.700000
694,4,41,0.00003953,2.577936,0.400000,0.650000
695,4,42,0.00003953,2.771649,0.300000,0.650000
696,4,43,0.00003953,2.578845,0.550000,0.650000
697,4,44,0.00003952,1.849378,0.500000,0.950000
698,4,45,0.00003952,2.067792,0.400000,0.750000
699,4,46,0.00003952,2.784644,0.400000,0.700000
700,4,47,0.00003952,2.259091,0.550000,0.750000
701,4,48,0.00003952,2.321094,0.450000,0.650000
702,4,49,0.00003952,1.993872,0.650000,0.850000
703,4,50,0.00003952,2.696973,0.400000,0.600000
704,4,51,0.00003951,1.963129,0.600000,0.750000
705,4,52,0.00003951,2.723901,0.400000,0.700000
706,4,53,0.00003951,1.759442,0.750000,0.800000
707,4,54,0.00003951,2.658661,0.300000,0.700000
708,4,55,0.00003951,3.022119,0.400000,0.500000
709,4,56,0.00003951,2.514249,0.500000,0.650000
710,4,57,0.00003951,2.767651,0.200000,0.550000
711,4,58,0.00003950,1.864661,0.650000,0.800000
712,4,59,0.00003950,2.222900,0.500000,0.750000
713,4,60,0.00003950,2.288971,0.450000,0.750000
714,4,61,0.00003950,1.973810,0.550000,0.850000
715,4,62,0.00003950,2.515137,0.300000,0.700000
716,4,63,0.00003950,2.680298,0.250000,0.700000
717,4,64,0.00003950,2.329773,0.300000,0.750000
718,4,65,0.00003949,3.213599,0.300000,0.600000
719,4,66,0.00003949,2.170398,0.550000,0.700000
720,4,67,0.00003949,2.415405,0.500000,0.700000
721,4,68,0.00003949,2.258704,0.550000,0.800000
722,4,69,0.00003949,2.399213,0.450000,0.700000
723,4,70,0.00003949,1.465192,0.600000,0.850000
724,4,71,0.00003949,1.775476,0.650000,0.900000
725,4,72,0.00003948,2.260095,0.450000,0.750000
726,4,73,0.00003948,2.515692,0.400000,0.650000
727,4,74,0.00003948,2.195361,0.400000,0.850000
728,4,75,0.00003948,2.163647,0.600000,0.650000
729,4,76,0.00003948,2.655603,0.350000,0.750000
730,4,77,0.00003948,1.691242,0.750000,0.900000
731,4,78,0.00003948,2.389917,0.350000,0.800000
732,4,79,0.00003947,2.603320,0.450000,0.650000
733,4,80,0.00003947,2.159503,0.550000,0.750000
734,4,81,0.00003947,1.765561,0.600000,0.850000
735,4,82,0.00003947,2.229428,0.500000,0.700000
736,4,83,0.00003947,1.578738,0.650000,0.850000
737,4,84,0.00003947,1.567877,0.600000,0.850000
738,4,85,0.00003947,2.233569,0.500000,0.700000
739,4,86,0.00003946,3.077930,0.250000,0.550000
740,4,87,0.00003946,2.063901,0.500000,0.750000
741,4,88,0.00003946,1.918823,0.600000,0.850000
742,4,89,0.00003946,3.149329,0.350000,0.550000
743,4,90,0.00003946,2.238696,0.450000,0.850000
744,4,91,0.00003946,1.777734,0.500000,0.900000
745,4,92,0.00003946,1.880109,0.600000,0.850000
746,4,93,0.00003945,2.976837,0.400000,0.550000
747,4,94,0.00003945,1.938751,0.550000,0.800000
748,4,95,0.00003945,1.989316,0.500000,0.700000
749,4,96,0.00003945,2.002100,0.500000,0.800000
750,4,97,0.00003945,2.458899,0.500000,0.700000
751,4,98,0.00003945,2.051990,0.600000,0.750000
752,4,99,0.00003945,2.300778,0.400000,0.800000
753,4,100,0.00003944,2.440814,0.500000,0.700000
754,4,101,0.00003944,2.130670,0.500000,0.700000
755,4,102,0.00003944,2.378467,0.500000,0.800000
756,4,103,0.00003944,2.187885,0.650000,0.750000
757,4,104,0.00003944,2.225351,0.500000,0.750000
758,4,105,0.00003944,2.191473,0.400000,0.750000
759,4,106,0.00003944,1.904504,0.550000,0.750000
760,4,107,0.00003943,2.335425,0.500000,0.650000
761,4,108,0.00003943,1.964417,0.650000,0.750000
762,4,109,0.00003943,1.842398,0.550000,0.850000
763,4,110,0.00003943,2.710046,0.350000,0.650000
764,4,111,0.00003943,2.115039,0.550000,0.750000
765,4,112,0.00003943,1.761700,0.700000,0.800000
766,4,113,0.00003943,2.687891,0.350000,0.600000
767,4,114,0.00003942,2.271362,0.400000,0.650000
768,4,115,0.00003942,1.899982,0.500000,0.850000
769,4,116,0.00003942,1.434790,0.750000,0.950000
770,4,117,0.00003942,2.097119,0.450000,0.750000
771,4,118,0.00003942,2.464441,0.450000,0.600000
772,4,119,0.00003942,1.820132,0.700000,0.750000
773,4,120,0.00003941,1.544362,0.650000,0.850000
774,4,121,0.00003941,1.396936,0.750000,0.900000
775,4,122,0.00003941,2.062888,0.400000,0.800000
776,4,123,0.00003941,2.505249,0.450000,0.650000
777,4,124,0.00003941,2.312918,0.400000,0.700000
778,4,125,0.00003941,2.187103,0.500000,0.750000
779,4,126,0.00003941,2.024768,0.500000,0.800000
780,4,127,0.00003940,1.801260,0.650000,0.850000
781,4,128,0.00003940,1.687225,0.600000,0.800000
782,4,129,0.00003940,1.731091,0.650000,0.900000
783,4,130,0.00003940,1.928787,0.700000,0.750000
784,4,131,0.00003940,2.482947,0.450000,0.600000
785,4,132,0.00003940,1.904321,0.600000,0.750000
786,4,133,0.00003940,2.102429,0.600000,0.700000
787,4,134,0.00003939,2.260522,0.550000,0.700000
788,4,135,0.00003939,2.706592,0.300000,0.550000
789,4,136,0.00003939,2.264893,0.600000,0.750000
790,4,137,0.00003939,1.950525,0.650000,0.800000
791,4,138,0.00003939,2.495856,0.400000,0.600000
792,4,139,0.00003939,2.446472,0.450000,0.650000
793,4,140,0.00003938,1.805664,0.650000,0.850000
794,4,141,0.00003938,1.360821,0.700000,0.900000
795,4,142,0.00003938,1.965778,0.450000,0.800000
796,4,143,0.00003938,2.012885,0.450000,0.800000
797,4,144,0.00003938,2.199017,0.500000,0.700000
798,4,145,0.00003938,1.726129,0.750000,0.850000
799,4,146,0.00003938,1.674048,0.650000,0.900000
800,4,147,0.00003937,2.007675,0.600000,0.800000
801,4,148,0.00003937,1.446829,0.650000,0.950000
802,4,149,0.00003937,2.681537,0.450000,0.700000
803,4,150,0.00003937,1.982806,0.600000,0.800000
804,4,151,0.00003937,2.232898,0.550000,0.750000
805,4,152,0.00003937,2.003003,0.600000,0.750000
806,4,153,0.00003936,2.623712,0.400000,0.650000
807,4,154,0.00003936,2.226807,0.400000,0.700000
808,4,155,0.00003936,2.513727,0.350000,0.700000
809,4,156,0.00003936,2.437775,0.450000,0.650000
810,4,157,0.00003936,2.250934,0.600000,0.700000
811,4,158,0.00003936,2.429407,0.400000,0.650000
812,4,159,0.00003935,1.291608,0.850000,0.900000
813,4,160,0.00003935,1.866516,0.500000,0.800000
814,4,161,0.00003935,1.216284,0.800000,0.850000
815,4,162,0.00003935,2.941931,0.350000,0.600000
816,4,163,0.00003935,2.433777,0.450000,0.650000
817,4,164,0.00003935,2.097217,0.450000,0.700000
818,4,165,0.00003935,1.890845,0.550000,0.750000
819,4,166,0.00003934,1.959448,0.550000,0.700000
820,4,167,0.00003934,1.842917,0.600000,0.700000
821,4,168,0.00003934,2.695435,0.250000,0.750000
822,4,169,0.00003934,1.608200,0.600000,0.900000
823,4,170,0.00003934,2.188574,0.400000,0.800000
824,4,171,0.00003934,1.532306,0.600000,0.950000
825,4,172,0.00003933,1.922992,0.500000,0.850000
826,4,173,0.00003933,1.880893,0.700000,0.800000
827,4,174,0.00003933,1.756189,0.600000,0.800000
828,4,175,0.00003933,2.248584,0.500000,0.700000
829,4,176,0.00003933,1.838699,0.600000,0.800000
830,4,177,0.00003933,3.206134,0.250000,0.500000
831,4,178,0.00003932,1.706268,0.600000,0.850000
832,4,179,0.00003932,1.557932,0.750000,0.850000
833,4,180,0.00003932,1.757443,0.700000,0.800000
834,4,181,0.00003932,2.732831,0.450000,0.600000
835,4,182,0.00003932,2.058801,0.600000,0.750000
836,4,183,0.00003932,1.567050,0.700000,0.800000
837,4,184,0.00003931,1.804724,0.600000,0.900000
838,4,185,0.00003931,1.835703,0.600000,0.800000
839,4,186,0.00003931,1.680750,0.650000,0.850000
840,4,187,0.00003931,2.373435,0.250000,0.800000
841,4,188,0.00003931,1.433893,0.700000,0.750000
842,4,189,0.00003931,1.691313,0.650000,0.750000
843,4,190,0.00003930,1.669296,0.600000,0.850000
844,4,191,0.00003930,2.500159,0.250000,0.700000
845,4,192,0.00003930,2.484717,0.400000,0.600000
846,4,193,0.00003930,2.769641,0.350000,0.600000
847,4,194,0.00003930,2.090771,0.450000,0.850000
848,4,195,0.00003930,2.018747,0.550000,0.750000
849,4,196,0.00003930,1.738953,0.700000,0.850000
850,4,197,0.00003929,2.342911,0.400000,0.600000
851,4,198,0.00003929,1.631567,0.600000,0.900000
852,4,199,0.00003929,1.600513,0.600000,0.900000
853,4,200,0.00003929,2.288281,0.500000,0.800000
854,4,201,0.00003929,1.237549,0.850000,0.950000
855,4,202,0.00003929,2.160969,0.450000,0.800000
856,4,203,0.00003928,1.666760,0.500000,0.950000
857,4,204,0.00003928,2.836810,0.450000,0.600000
858,4,205,0.00003928,1.453833,0.600000,0.900000
859,4,206,0.00003928,2.441040,0.400000,0.700000
860,4,207,0.00003928,2.390973,0.450000,0.650000
861,4,208,0.00003928,1.930731,0.450000,0.850000
862,4,209,0.00003927,1.980310,0.600000,0.700000
863,4,210,0.00003927,2.037060,0.400000,0.850000
864,4,211,0.00003927,1.914453,0.550000,0.750000
865,4,212,0.00003927,1.771518,0.500000,0.800000
866,4,213,0.00003927,1.885431,0.600000,0.750000
867,4,214,0.00003927,2.361011,0.450000,0.700000
868,4,215,0.00003926,2.231912,0.650000,0.700000
869,4,216,0.00003926,2.408283,0.450000,0.700000
870,4,217,0.00003926,1.615846,0.650000,0.850000
871,4,218,0.00003926,1.739221,0.650000,0.800000
872,5,1,0.00003926,1.365283,0.750000,0.850000
873,5,2,0.00003925,1.908649,0.500000,0.750000
874,5,3,0.00003925,1.838214,0.600000,0.750000
875,5,4,0.00003925,1.564581,0.650000,0.800000
876,5,5,0.00003925,1.619409,0.600000,0.850000
877,5,6,0.00003925,1.635928,0.650000,0.800000
878,5,7,0.00003925,2.231311,0.450000,0.750000
879,5,8,0.00003924,2.277722,0.500000,0.650000
880,5,9,0.00003924,2.029434,0.550000,0.700000
881,5,10,0.00003924,1.445599,0.550000,0.900000
882,5,11,0.00003924,1.888762,0.550000,0.850000
883,5,12,0.00003924,2.214276,0.450000,0.700000
884,5,13,0.00003924,2.316687,0.450000,0.700000
885,5,14,0.00003923,1.918784,0.600000,0.800000
886,5,15,0.00003923,1.473019,0.700000,0.900000
887,5,16,0.00003923,1.976717,0.500000,0.750000
888,5,17,0.00003923,2.185602,0.550000,0.650000
889,5,18,0.00003923,2.239828,0.450000,0.700000
890,5,19,0.00003923,1.912308,0.600000,0.800000
891,5,20,0.00003922,1.775330,0.600000,0.750000
892,5,21,0.00003922,1.870984,0.600000,0.750000
893,5,22,0.00003922,1.293898,0.750000,0.900000
894,5,23,0.00003922,1.714374,0.650000,0.750000
895,5,24,0.00003922,1.564494,0.700000,0.850000
896,5,25,0.00003922,1.524103,0.600000,0.900000
897,5,26,0.00003921,1.841959,0.600000,0.750000
898,5,27,0.00003921,1.825162,0.700000,0.750000
899,5,28,0.00003921,1.174966,0.800000,0.950000
900,5,29,0.00003921,1.383511,0.700000,0.900000
901,5,30,0.00003921,1.494427,0.700000,0.850000
902,5,31,0.00003921,1.977106,0.550000,0.750000
903,5,32,0.00003920,1.598859,0.700000,0.900000
904,5,33,0.00003920,1.389766,0.750000,0.850000
905,5,34,0.00003920,1.368377,0.650000,0.800000
906,5,35,0.00003920,2.250385,0.450000,0.750000
907,5,36,0.00003920,2.277472,0.400000,0.750000
908,5,37,0.00003919,1.597028,0.650000,0.800000
909,5,38,0.00003919,2.276086,0.350000,0.700000
910,5,39,0.00003919,2.200542,0.450000,0.700000
911,5,40,0.00003919,1.852283,0.700000,0.750000
912,5,41,0.00003919,0.929236,0.850000,0.900000
913,5,42,0.00003919,1.605754,0.700000,0.800000
914,5,43,0.00003918,1.291782,0.750000,0.900000
915,5,44,0.00003918,1.583287,0.700000,0.800000
916,5,45,0.00003918,1.569529,0.650000,0.800000
917,5,46,0.00003918,1.149958,0.650000,0.950000
918,5,47,0.00003918,1.310022,0.800000,0.850000
919,5,48,0.00003918,1.282117,0.750000,0.850000
920,5,49,0.00003917,1.949725,0.550000,0.800000
921,5,50,0.00003917,1.553278,0.650000,0.850000
922,5,51,0.00003917,2.231485,0.550000,0.750000
923,5,52,0.00003917,1.654263,0.700000,0.850000
924,5,53,0.00003917,1.896812,0.500000,0.700000
925,5,54,0.00003916,0.868553,0.800000,1.000000
926,5,55,0.00003916,1.828159,0.450000,0.850000
927,5,56,0.00003916,1.665378,0.600000,0.800000
928,5,57,0.00003916,1.862872,0.550000,0.700000
929,5,58,0.00003916,1.453587,0.700000,0.850000
930,5,59,0.00003916,1.831219,0.600000,0.750000
931,5,60,0.00003915,1.323282,0.600000,0.900000
932,5,61,0.00003915,2.014996,0.600000,0.700000
933,5,62,0.00003915,1.887007,0.650000,0.700000
934,5,63,0.00003915,1.201279,0.800000,0.900000
935,5,64,0.00003915,2.237567,0.650000,0.700000
936,5,65,0.00003914,1.729095,0.550000,0.750000
937,5,66,0.00003914,1.538982,0.650000,0.850000
938,5,67,0.00003914,1.461993,0.700000,0.900000
939,5,68,0.00003914,1.466562,0.550000,0.900000
940,5,69,0.00003914,1.803272,0.600000,0.750000
941,5,70,0.00003914,1.501628,0.700000,0.800000
942,5,71,0.00003913,1.509677,0.500000,0.900000
943,5,72,0.00003913,1.753297,0.650000,0.800000
944,5,73,0.00003913,0.974261,0.750000,0.950000
945,5,74,0.00003913,2.181207,0.550000,0.600000
946,5,75,0.00003913,1.627478,0.650000,0.850000
947,5,76,0.00003912,1.527624,0.650000,0.900000
948,5,77,0.00003912,1.323947,0.650000,0.850000
949,5,78,0.00003912,1.768042,0.600000,0.850000
950,5,79,0.00003912,1.570658,0.650000,0.900000
951,5,80,0.00003912,1.381932,0.600000,0.900000
952,5,81,0.00003912,1.759940,0.650000,0.750000
953,5,82,0.00003911,1.305052,0.750000,0.900000
954,5,83,0.00003911,1.474924,0.700000,0.850000
955,5,84,0.00003911,1.442035,0.650000,0.850000
956,5,85,0.00003911,1.519083,0.700000,0.850000
957,5,86,0.00003911,1.280353,0.700000,0.900000
958,5,87,0.00003910,1.784482,0.600000,0.850000
959,5,88,0.00003910,1.784555,0.600000,0.800000
960,5,89,0.00003910,1.743665,0.650000,0.850000
961,5,90,0.00003910,1.798779,0.550000,0.700000
962,5,91,0.00003910,1.923361,0.650000,0.750000
963,5,92,0.00003909,1.206323,0.800000,0.850000
964,5,93,0.00003909,1.225929,0.750000,0.950000
965,5,94,0.00003909,1.630035,0.600000,0.800000
966,5,95,0.00003909,0.818384,0.850000,0.950000
967,5,96,0.00003909,2.613433,0.350000,0.500000
968,5,97,0.00003909,1.770819,0.550000,0.850000
969,5,98,0.00003908,1.438770,0.700000,0.850000
970,5,99,0.00003908,1.431156,0.650000,0.850000
971,5,100,0.00003908,1.636298,0.650000,0.800000
972,5,101,0.00003908,1.170465,0.750000,0.900000
973,5,102,0.00003908,1.597665,0.650000,0.800000
974,5,103,0.00003907,1.519838,0.700000,0.900000
975,5,104,0.00003907,1.333218,0.550000,0.850000
976,5,105,0.00003907,1.271317,0.700000,0.900000
977,5,106,0.00003907,2.027406,0.550000,0.700000
978,5,107,0.00003907,1.477983,0.700000,0.900000
979,5,108,0.00003906,1.207234,0.650000,0.900000
980,5,109,0.00003906,1.826382,0.600000,0.800000
981,5,110,0.00003906,1.588770,0.600000,0.850000
982,5,111,0.00003906,2.024895,0.500000,0.700000
983,5,112,0.00003906,0.819660,0.850000,0.950000
984,5,113,0.00003906,2.145602,0.500000,0.700000
985,5,114,0.00003905,1.333449,0.700000,0.850000
986,5,115,0.00003905,1.505829,0.600000,0.800000
987,5,116,0.00003905,1.930334,0.600000,0.800000
988,5,117,0.00003905,1.458661,0.700000,0.800000
989,5,118,0.00003905,1.561654,0.600000,0.850000
990,5,119,0.00003904,2.071313,0.550000,0.700000
991,5,120,0.00003904,0.989563,0.850000,0.900000
992,5,121,0.00003904,1.749368,0.600000,0.800000
993,5,122,0.00003904,2.124184,0.400000,0.700000
994,5,123,0.00003904,1.421231,0.650000,0.850000
995,5,124,0.00003903,1.528532,0.750000,0.800000
996,5,125,0.00003903,2.066815,0.550000,0.600000
997,5,126,0.00003903,1.418094,0.800000,0.800000
998,5,127,0.00003903,2.332022,0.500000,0.750000
999,5,128,0.00003903,2.073428,0.500000,0.750000
1000,5,129,0.00003902,1.398544,0.650000,0.950000
1001,5,130,0.00003902,1.343381,0.700000,0.950000
1002,5,131,0.00003902,1.502605,0.750000,0.800000
1003,5,132,0.00003902,1.904812,0.600000,0.750000
1004,5,133,0.00003902,1.746237,0.650000,0.800000
1005,5,134,0.00003901,2.090854,0.500000,0.650000
1006,5,135,0.00003901,1.607306,0.550000,0.800000
1007,5,136,0.00003901,1.960274,0.450000,0.750000
1008,5,137,0.00003901,2.287480,0.500000,0.700000
1009,5,138,0.00003901,1.737390,0.600000,0.750000
1010,5,139,0.00003901,1.553906,0.700000,0.800000
1011,5,140,0.00003900,1.454163,0.750000,0.850000
1012,5,141,0.00003900,2.147762,0.500000,0.750000
1013,5,142,0.00003900,1.824130,0.650000,0.850000
1014,5,143,0.00003900,1.991232,0.500000,0.750000
1015,5,144,0.00003900,1.829074,0.600000,0.800000
1016,5,145,0.00003899,1.139050,0.750000,0.950000
1017,5,146,0.00003899,1.774536,0.550000,0.850000
1018,5,147,0.00003899,1.737750,0.650000,0.750000
1019,5,148,0.00003899,2.225320,0.500000,0.750000
1020,5,149,0.00003899,1.635248,0.700000,0.800000
1021,5,150,0.00003898,0.943680,0.750000,0.900000
1022,5,151,0.00003898,1.132025,0.700000,0.900000
1023,5,152,0.00003898,1.832678,0.650000,0.800000
1024,5,153,0.00003898,1.785642,0.650000,0.750000
1025,5,154,0.00003898,1.957294,0.550000,0.700000
1026,5,155,0.00003897,1.836974,0.650000,0.750000
1027,5,156,0.00003897,1.296198,0.650000,0.900000
1028,5,157,0.00003897,1.069113,0.800000,0.950000
1029,5,158,0.00003897,0.992258,0.800000,0.900000
1030,5,159,0.00003897,1.961086,0.500000,0.700000
1031,5,160,0.00003896,2.529878,0.450000,0.550000
1032,5,161,0.00003896,1.526123,0.700000,0.850000
1033,5,162,0.00003896,1.578607,0.650000,0.850000
1034,5,163,0.00003896,1.315940,0.800000,0.850000
1035,5,164,0.00003896,1.294600,0.700000,0.800000
1036,5,165,0.00003895,1.998993,0.500000,0.700000
1037,5,166,0.00003895,1.448395,0.600000,0.850000
1038,5,167,0.00003895,1.038141,0.800000,0.850000
1039,5,168,0.00003895,1.444194,0.650000,0.800000
1040,5,169,0.00003895,1.977386,0.500000,0.800000
1041,5,170,0.00003894,1.471332,0.650000,0.900000
1042,5,171,0.00003894,1.315625,0.700000,0.950000
1043,5,172,0.00003894,1.780328,0.650000,0.700000
1044,5,173,0.00003894,1.667484,0.650000,0.750000
1045,5,174,0.00003894,1.768903,0.550000,0.750000
1046,5,175,0.00003893,1.336060,0.700000,0.850000
1047,5,176,0.00003893,0.908392,0.850000,0.950000
1048,5,177,0.00003893,1.957149,0.600000,0.650000
1049,5,178,0.00003893,1.020153,0.800000,0.950000
1050,5,179,0.00003893,1.624647,0.650000,0.750000
1051,5,180,0.00003892,1.382358,0.750000,0.800000
1052,5,181,0.00003892,1.728082,0.600000,0.800000
1053,5,182,0.00003892,0.832884,0.800000,0.900000
1054,5,183,0.00003892,1.664237,0.650000,0.750000
1055,5,184,0.00003892,1.391718,0.700000,0.850000
1056,5,185,0.00003891,1.613879,0.550000,0.800000
1057,5,186,0.00003891,1.966788,0.600000,0.800000
1058,5,187,0.00003891,1.532109,0.600000,0.900000
1059,5,188,0.00003891,1.437360,0.700000,0.850000
1060,5,189,0.00003891,1.404166,0.750000,0.850000
1061,5,190,0.00003890,1.712862,0.500000,0.750000
1062,5,191,0.00003890,1.542285,0.650000,0.900000
1063,5,192,0.00003890,1.060976,0.700000,0.950000
1064,5,193,0.00003890,1.636021,0.650000,0.800000
1065,5,194,0.00003890,2.547266,0.450000,0.650000
1066,5,195,0.00003889,0.837585,0.900000,0.950000
1067,5,196,0.00003889,1.507094,0.650000,0.800000
1068,5,197,0.00003889,1.261206,0.750000,0.900000
1069,5,198,0.00003889,1.383630,0.750000,0.850000
1070,5,199,0.00003888,1.278224,0.750000,0.800000
1071,5,200,0.00003888,1.621585,0.650000,0.800000
1072,5,201,0.00003888,1.660307,0.500000,0.800000
1073,5,202,0.00003888,2.472226,0.450000,0.600000
1074,5,203,0.00003888,1.491274,0.700000,0.800000
1075,5,204,0.00003887,1.509203,0.650000,0.850000
1076,5,205,0.00003887,1.573389,0.550000,0.700000
1077,5,206,0.00003887,1.600467,0.650000,0.800000
1078,5,207,0.00003887,2.497494,0.500000,0.650000
1079,5,208,0.00003887,1.080197,0.850000,0.850000
1080,5,209,0.00003886,1.673122,0.500000,0.800000
1081,5,210,0.00003886,1.105496,0.800000,0.850000
1082,5,211,0.00003886,1.729486,0.500000,0.800000
1083,5,212,0.00003886,1.751968,0.650000,0.800000
1084,5,213,0.00003886,1.835469,0.600000,0.700000
1085,5,214,0.00003885,1.430529,0.650000,0.850000
1086,5,215,0.00003885,1.550734,0.550000,0.750000
1087,5,216,0.00003885,1.935193,0.550000,0.700000
1088,5,217,0.00003885,2.262842,0.500000,0.600000
1089,5,218,0.00003885,1.257378,0.700000,0.900000
1090,6,1,0.00003884,0.989973,0.850000,0.850000
1091,6,2,0.00003884,1.571896,0.600000,0.850000
1092,6,3,0.00003884,1.411908,0.650000,0.800000
1093,6,4,0.00003884,1.268033,0.750000,0.900000
1094,6,5,0.00003883,1.359323,0.650000,0.900000
1095,6,6,0.00003883,1.357675,0.700000,0.750000
1096,6,7,0.00003883,1.289677,0.550000,0.900000
1097,6,8,0.00003883,1.342471,0.750000,0.850000
1098,6,9,0.00003883,1.512655,0.650000,0.800000
1099,6,10,0.00003882,1.845729,0.550000,0.800000
1100,6,11,0.00003882,1.000751,0.800000,0.950000
1101,6,12,0.00003882,1.013670,0.850000,0.900000
1102,6,13,0.00003882,1.813408,0.600000,0.600000
1103,6,14,0.00003882,0.878928,0.750000,0.950000
1104,6,15,0.00003881,1.362785,0.750000,0.850000
1105,6,16,0.00003881,1.224005,0.650000,0.950000
1106,6,17,0.00003881,1.633867,0.650000,0.750000
1107,6,18,0.00003881,1.198323,0.750000,0.850000
1108,6,19,0.00003881,1.339307,0.700000,0.800000
1109,6,20,0.00003880,1.109251,0.750000,0.900000
1110,6,21,0.00003880,1.541092,0.750000,0.850000
1111,6,22,0.00003880,0.904034,0.850000,0.900000
1112,6,23,0.00003880,2.026852,0.450000,0.700000
1113,6,24,0.00003879,1.321202,0.650000,0.850000
1114,6,25,0.00003879,1.380264,0.750000,0.900000
1115,6,26,0.00003879,1.444528,0.700000,0.850000
1116,6,27,0.00003879,1.780878,0.600000,0.750000
1117,6,28,0.00003879,1.037660,0.850000,0.900000
1118,6,29,0.00003878,1.991249,0.650000,0.700000
1119,6,30,0.00003878,1.565826,0.700000,0.750000
1120,6,31,0.00003878,1.748489,0.600000,0.700000
1121,6,32,0.00003878,1.618198,0.500000,0.800000
1122,6,33,0.00003877,1.022617,0.800000,0.850000
1123,6,34,0.00003877,1.793043,0.700000,0.800000
1124,6,35,0.00003877,1.517619,0.750000,0.750000
1125,6,36,0.00003877,1.657388,0.600000,0.750000
1126,6,37,0.00003877,1.150810,0.850000,0.900000
1127,6,38,0.00003876,1.124350,0.750000,0.850000
1128,6,39,0.00003876,1.723750,0.600000,0.700000
1129,6,40,0.00003876,1.137535,0.750000,0.850000
1130,6,41,0.00003876,1.697644,0.650000,0.750000
1131,6,42,0.00003876,1.922424,0.550000,0.750000
1132,6,43,0.00003875,1.661385,0.700000,0.800000
1133,6,44,0.00003875,2.129828,0.450000,0.750000
1134,6,45,0.00003875,1.433372,0.600000,0.850000
1135,6,46,0.00003875,1.169316,0.750000,0.850000
1136,6,47,0.00003874,1.289636,0.700000,0.800000
1137,6,48,0.00003874,0.723862,0.850000,1.000000
1138,6,49,0.00003874,1.183175,0.650000,0.950000
1139,6,50,0.00003874,1.601799,0.650000,0.850000
1140,6,51,0.00003874,1.302724,0.700000,0.800000
1141,6,52,0.00003873,1.607206,0.750000,0.850000
1142,6,53,0.00003873,1.115070,0.800000,0.850000
1143,6,54,0.00003873,1.729864,0.600000,0.800000
1144,6,55,0.00003873,1.677319,0.700000,0.750000
1145,6,56,0.00003872,1.778409,0.650000,0.750000
1146,6,57,0.00003872,1.134764,0.650000,0.900000
1147,6,58,0.00003872,1.579294,0.500000,0.850000
1148,6,59,0.00003872,1.109537,0.650000,0.900000
1149,6,60,0.00003872,0.864868,0.850000,0.900000
1150,6,61,0.00003871,1.987740,0.450000,0.750000
1151,6,62,0.00003871,1.269753,0.650000,0.900000
1152,6,63,0.00003871,1.969257,0.550000,0.700000
1153,6,64,0.00003871,1.975827,0.450000,0.700000
1154,6,65,0.00003870,1.423181,0.550000,0.850000
1155,6,66,0.00003870,1.074991,0.850000,0.850000
1156,6,67,0.00003870,0.828032,0.850000,0.850000
1157,6,68,0.00003870,1.960643,0.500000,0.800000
1158,6,69,0.00003870,1.510159,0.750000,0.750000
1159,6,70,0.00003869,1.181380,0.700000,0.900000
1160,6,71,0.00003869,1.649063,0.650000,0.750000
1161,6,72,0.00003869,1.208418,0.750000,0.900000
1162,6,73,0.00003869,1.658066,0.600000,0.850000
1163,6,74,0.00003868,0.848301,0.850000,0.900000
1164,6,75,0.00003868,1.255991,0.750000,0.800000
1165,6,76,0.00003868,1.333221,0.600000,0.900000
1166,6,77,0.00003868,1.403609,0.650000,0.850000
1167,6,78,0.00003868,1.631250,0.700000,0.800000
1168,6,79,0.00003867,1.616855,0.650000,0.750000
1169,6,80,0.00003867,0.870193,0.850000,0.900000
1170,6,81,0.00003867,1.644997,0.650000,0.850000
1171,6,82,0.00003867,1.222522,0.600000,0.850000
1172,6,83,0.00003866,1.502026,0.650000,0.800000
1173,6,84,0.00003866,1.322443,0.700000,0.850000
1174,6,85,0.00003866,1.317688,0.700000,0.900000
1175,6,86,0.00003866,1.812884,0.600000,0.800000
1176,6,87,0.00003866,1.423255,0.600000,0.800000
1177,6,88,0.00003865,1.131688,0.800000,0.850000
1178,6,89,0.00003865,1.254977,0.750000,0.900000
1179,6,90,0.00003865,1.632605,0.700000,0.850000
1180,6,91,0.00003865,0.914307,0.700000,0.900000
1181,6,92,0.00003864,1.684283,0.650000,0.750000
1182,6,93,0.00003864,1.385065,0.550000,0.950000
1183,6,94,0.00003864,1.792567,0.550000,0.750000
1184,6,95,0.00003864,0.637622,0.850000,0.950000
1185,6,96,0.00003864,1.978188,0.550000,0.850000
1186,6,97,0.00003863,1.930067,0.600000,0.750000
1187,6,98,0.00003863,1.286398,0.800000,0.850000
1188,6,99,0.00003863,1.372844,0.650000,0.900000
1189,6,100,0.00003863,1.207861,0.750000,0.850000
1190,6,101,0.00003862,2.106857,0.550000,0.600000
1191,6,102,0.00003862,1.880188,0.550000,0.750000
1192,6,103,0.00003862,1.329254,0.700000,0.800000
1193,6,104,0.00003862,1.872012,0.500000,0.750000
1194,6,105,0.00003861,1.621124,0.700000,0.750000
1195,6,106,0.00003861,1.014011,0.850000,0.900000
1196,6,107,0.00003861,1.989377,0.550000,0.700000
1197,6,108,0.00003861,1.315262,0.650000,0.900000
1198,6,109,0.00003861,1.546391,0.650000,0.750000
1199,6,110,0.00003860,0.908795,0.750000,0.950000
1200,6,111,0.00003860,1.123541,0.700000,0.950000
1201,6,112,0.00003860,1.779202,0.650000,0.750000
1202,6,113,0.00003860,1.315837,0.650000,0.900000
1203,6,114,0.00003859,1.444611,0.700000,0.800000
1204,6,115,0.00003859,1.827646,0.500000,0.700000
1205,6,116,0.00003859,1.578213,0.650000,0.750000
1206,6,117,0.00003859,1.571617,0.650000,0.800000
1207,6,118,0.00003858,2.140171,0.550000,0.700000
1208,6,119,0.00003858,1.297051,0.700000,0.800000
1209,6,120,0.00003858,1.638397,0.700000,0.800000
1210,6,121,0.00003858,1.842630,0.550000,0.800000
1211,6,122,0.00003858,1.930274,0.450000,0.800000
1212,6,123,0.00003857,1.289133,0.600000,0.900000
1213,6,124,0.00003857,2.364487,0.500000,0.600000
1214,6,125,0.00003857,1.460633,0.650000,0.850000
1215,6,126,0.00003857,1.542686,0.600000,0.800000
1216,6,127,0.00003856,1.215859,0.800000,0.850000
1217,6,128,0.00003856,1.390559,0.700000,0.800000
1218,6,129,0.00003856,1.821686,0.600000,0.700000
1219,6,130,0.00003856,1.761892,0.600000,0.800000
1220,6,131,0.00003855,2.137811,0.450000,0.600000
1221,6,132,0.00003855,1.139480,0.700000,0.850000
1222,6,133,0.00003855,1.120528,0.800000,0.950000
1223,6,134,0.00003855,1.016554,0.850000,0.950000
1224,6,135,0.00003855,1.696815,0.600000,0.850000
1225,6,136,0.00003854,1.511900,0.600000,0.800000
1226,6,137,0.00003854,0.967820,0.800000,0.900000
1227,6,138,0.00003854,1.262126,0.750000,0.850000
1228,6,139,0.00003854,1.185232,0.700000,0.850000
1229,6,140,0.00003853,1.146288,0.700000,0.900000
1230,6,141,0.00003853,1.500427,0.700000,0.800000
1231,6,142,0.00003853,1.076039,0.800000,0.850000
1232,6,143,0.00003853,1.509782,0.700000,0.800000
1233,6,144,0.00003852,1.731149,0.650000,0.850000
1234,6,145,0.00003852,1.679593,0.550000,0.850000
1235,6,146,0.00003852,1.272406,0.700000,0.900000
1236,6,147,0.00003852,1.704153,0.650000,0.750000
1237,6,148,0.00003851,1.776808,0.550000,0.750000
1238,6,149,0.00003851,1.687209,0.600000,0.750000
1239,6,150,0.00003851,1.102112,0.750000,0.900000
1240,6,151,0.00003851,1.254864,0.750000,0.900000
1241,6,152,0.00003851,1.427917,0.600000,0.850000
1242,6,153,0.00003850,1.493567,0.750000,0.800000
1243,6,154,0.00003850,2.130298,0.600000,0.700000
1244,6,155,0.00003850,1.828053,0.550000,0.650000
1245,6,156,0.00003850,1.610905,0.600000,0.750000
1246,6,157,0.00003849,1.067822,0.700000,0.900000
1247,6,158,0.00003849,1.319502,0.650000,0.950000
1248,6,159,0.00003849,1.370987,0.700000,0.800000
1249,6,160,0.00003849,1.470189,0.650000,0.900000
1250,6,161,0.00003848,1.550697,0.600000,0.850000
1251,6,162,0.00003848,1.659683,0.650000,0.750000
1252,6,163,0.00003848,1.331355,0.750000,0.850000
1253,6,164,0.00003848,1.847961,0.550000,0.750000
1254,6,165,0.00003847,0.937338,0.800000,0.950000
1255,6,166,0.00003847,1.340109,0.650000,0.850000
1256,6,167,0.00003847,1.162696,0.750000,0.850000
1257,6,168,0.00003847,2.247918,0.550000,0.600000
1258,6,169,0.00003846,1.515714,0.700000,0.800000
1259,6,170,0.00003846,1.229471,0.750000,0.800000
1260,6,171,0.00003846,1.382092,0.700000,0.800000
1261,6,172,0.00003846,1.803725,0.650000,0.750000
1262,6,173,0.00003845,1.580431,0.650000,0.750000
1263,6,174,0.00003845,0.722855,0.850000,0.950000
1264,6,175,0.00003845,2.170940,0.500000,0.750000
1265,6,176,0.00003845,0.560917,0.900000,0.950000
1266,6,177,0.00003845,1.401575,0.750000,0.850000
1267,6,178,0.00003844,1.486319,0.700000,0.800000
1268,6,179,0.00003844,0.895091,0.850000,0.950000
1269,6,180,0.00003844,1.329422,0.750000,0.900000
1270,6,181,0.00003844,0.943614,0.800000,0.950000
1271,6,182,0.00003843,1.509557,0.650000,0.800000
1272,6,183,0.00003843,0.958107,0.750000,0.950000
1273,6,184,0.00003843,0.910297,0.800000,1.000000
1274,6,185,0.00003843,1.340512,0.750000,0.900000
1275,6,186,0.00003842,0.895584,0.800000,0.900000
1276,6,187,0.00003842,0.954344,0.800000,0.950000
1277,6,188,0.00003842,0.919228,0.900000,0.900000
1278,6,189,0.00003842,1.260796,0.650000,0.850000
1279,6,190,0.00003841,1.612273,0.700000,0.800000
1280,6,191,0.00003841,1.460567,0.650000,0.800000
1281,6,192,0.00003841,1.723637,0.650000,0.700000
1282,6,193,0.00003841,1.621033,0.650000,0.800000
1283,6,194,0.00003840,1.825722,0.550000,0.750000
1284,6,195,0.00003840,1.164984,0.650000,0.850000
1285,6,196,0.00003840,0.918158,0.800000,0.950000
1286,6,197,0.00003840,1.480028,0.600000,0.850000
1287,6,198,0.00003839,1.323087,0.700000,0.850000
1288,6,199,0.00003839,2.185562,0.500000,0.750000
1289,6,200,0.00003839,1.215665,0.750000,0.850000
1290,6,201,0.00003839,1.405028,0.600000,0.850000
1291,6,202,0.00003838,0.826215,0.750000,0.950000
1292,6,203,0.00003838,1.314418,0.750000,0.850000
1293,6,204,0.00003838,1.127938,0.700000,0.900000
1294,6,205,0.00003838,0.654482,0.850000,0.950000
1295,6,206,0.00003837,1.034451,0.750000,0.900000
1296,6,207,0.00003837,1.256806,0.700000,0.850000
1297,6,208,0.00003837,1.804308,0.600000,0.800000
1298,6,209,0.00003837,2.225091,0.500000,0.700000
1299,6,210,0.00003836,1.029239,0.800000,0.850000
1300,6,211,0.00003836,1.472836,0.750000,0.750000
1301,6,212,0.00003836,1.413033,0.650000,0.850000
1302,6,213,0.00003836,1.272900,0.800000,0.850000
1303,6,214,0.00003835,1.347395,0.650000,0.850000
1304,6,215,0.00003835,1.772998,0.650000,0.700000
1305,6,216,0.00003835,1.869275,0.550000,0.850000
1306,6,217,0.00003835,0.902048,0.850000,0.950000
1307,6,218,0.00003834,0.915890,0.750000,0.950000
1308,7,1,0.00003834,1.071991,0.800000,0.900000
1309,7,2,0.00003834,1.145036,0.700000,0.850000
1310,7,3,0.00003834,0.984550,0.800000,0.950000
1311,7,4,0.00003833,1.648027,0.700000,0.750000
1312,7,5,0.00003833,2.104225,0.550000,0.650000
1313,7,6,0.00003833,1.515501,0.700000,0.750000
1314,7,7,0.00003833,1.249502,0.750000,0.850000
1315,7,8,0.00003832,1.095676,0.750000,0.850000
1316,7,9,0.00003832,1.752284,0.600000,0.900000
1317,7,10,0.00003832,1.441998,0.650000,0.850000
1318,7,11,0.00003832,0.860400,0.850000,0.950000
1319,7,12,0.00003831,1.232506,0.550000,0.950000
1320,7,13,0.00003831,1.150456,0.800000,0.850000
1321,7,14,0.00003831,1.374694,0.700000,0.800000
1322,7,15,0.00003831,1.233323,0.650000,0.900000
1323,7,16,0.00003830,0.891874,0.750000,0.900000
1324,7,17,0.00003830,0.896122,0.800000,0.900000
1325,7,18,0.00003830,1.274876,0.700000,0.900000
1326,7,19,0.00003830,1.235994,0.650000,0.900000
1327,7,20,0.00003829,1.652658,0.600000,0.750000
1328,7,21,0.00003829,1.009906,0.800000,0.900000
1329,7,22,0.00003829,0.978848,0.700000,0.950000
1330,7,23,0.00003829,1.112956,0.800000,0.900000
1331,7,24,0.00003828,1.425344,0.700000,0.850000
1332,7,25,0.00003828,1.544089,0.700000,0.750000
1333,7,26,0.00003828,0.911048,0.750000,0.900000
1334,7,27,0.00003828,0.367789,0.950000,1.000000
1335,7,28,0.00003827,0.801634,0.850000,1.000000
1336,7,29,0.00003827,1.252521,0.650000,0.800000
1337,7,30,0.00003827,1.263797,0.600000,0.900000
1338,7,31,0.00003827,1.470968,0.700000,0.750000
1339,7,32,0.00003826,0.725079,0.850000,1.000000
1340,7,33,0.00003826,1.646565,0.550000,0.850000
1341,7,34,0.00003826,1.222389,0.750000,0.900000
1342,7,35,0.00003826,1.240958,0.700000,0.800000
1343,7,36,0.00003825,1.343622,0.650000,0.900000
1344,7,37,0.00003825,0.563717,0.950000,0.950000
1345,7,38,0.00003825,0.969902,0.800000,0.900000
1346,7,39,0.00003825,1.446841,0.650000,0.800000
1347,7,40,0.00003824,1.150147,0.750000,0.850000
1348,7,41,0.00003824,1.177093,0.750000,0.900000
1349,7,42,0.00003824,0.955418,0.800000,0.950000
1350,7,43,0.00003824,1.215268,0.750000,0.900000
1351,7,44,0.00003823,0.753117,0.850000,0.950000
1352,7,45,0.00003823,1.036566,0.700000,0.900000
1353,7,46,0.00003823,1.112133,0.750000,0.900000
1354,7,47,0.00003822,1.776788,0.600000,0.700000
1355,7,48,0.00003822,1.071358,0.750000,0.950000
1356,7,49,0.00003822,1.019627,0.700000,0.950000
1357,7,50,0.00003822,1.747336,0.500000,0.800000
1358,7,51,0.00003821,1.192621,0.750000,0.800000
1359,7,52,0.00003821,1.928468,0.500000,0.700000
1360,7,53,0.00003821,0.773094,0.650000,1.000000
1361,7,54,0.00003821,0.869072,0.800000,0.850000
1362,7,55,0.00003820,0.975265,0.800000,0.900000
1363,7,56,0.00003820,1.029615,0.800000,0.850000
1364,7,57,0.00003820,0.824466,0.800000,0.950000
1365,7,58,0.00003820,1.179136,0.800000,0.850000
1366,7,59,0.00003819,1.605152,0.700000,0.850000
1367,7,60,0.00003819,1.669141,0.650000,0.750000
1368,7,61,0.00003819,0.609876,0.900000,0.950000
1369,7,62,0.00003819,1.889615,0.650000,0.700000
1370,7,63,0.00003818,1.756951,0.500000,0.700000
1371,7,64,0.00003818,1.682201,0.600000,0.800000
1372,7,65,0.00003818,1.638477,0.700000,0.750000
1373,7,66,0.00003818,0.845700,0.850000,0.900000
1374,7,67,0.00003817,0.726145,0.850000,0.900000
1375,7,68,0.00003817,1.522615,0.800000,0.800000
1376,7,69,0.00003817,1.593959,0.650000,0.850000
1377,7,70,0.00003817,0.979382,0.850000,0.900000
1378,7,71,0.00003816,1.001621,0.850000,0.900000
1379,7,72,0.00003816,1.508244,0.650000,0.750000
1380,7,73,0.00003816,1.190730,0.700000,0.850000
1381,7,74,0.00003815,1.903447,0.550000,0.700000
1382,7,75,0.00003815,1.251900,0.750000,0.800000
1383,7,76,0.00003815,1.097402,0.700000,0.900000
1384,7,77,0.00003815,1.169005,0.700000,0.750000
1385,7,78,0.00003814,1.475378,0.600000,0.800000
1386,7,79,0.00003814,0.593328,0.950000,0.950000
1387,7,80,0.00003814,1.473386,0.700000,0.850000
1388,7,81,0.00003814,1.341510,0.550000,0.850000
1389,7,82,0.00003813,0.885712,0.750000,0.950000
1390,7,83,0.00003813,1.399578,0.650000,0.800000
1391,7,84,0.00003813,0.768298,0.900000,0.900000
1392,7,85,0.00003813,0.406829,0.950000,1.000000
1393,7,86,0.00003812,0.979279,0.850000,0.900000
1394,7,87,0.00003812,1.563633,0.650000,0.800000
1395,7,88,0.00003812,0.710823,0.850000,0.950000
1396,7,89,0.00003811,1.216361,0.650000,0.900000
1397,7,90,0.00003811,1.208524,0.750000,0.800000
1398,7,91,0.00003811,1.239563,0.700000,0.850000
1399,7,92,0.00003811,1.241524,0.650000,0.900000
1400,7,93,0.00003810,1.317097,0.650000,0.850000
1401,7,94,0.00003810,1.336093,0.650000,0.900000
1402,7,95,0.00003810,1.409755,0.650000,0.850000
1403,7,96,0.00003810,1.157731,0.800000,0.900000
1404,7,97,0.00003809,1.208380,0.750000,0.850000
1405,7,98,0.00003809,1.228259,0.650000,0.900000
1406,7,99,0.00003809,1.178088,0.650000,0.900000
1407,7,100,0.00003809,1.386070,0.700000,0.850000
1408,7,101,0.00003808,1.223200,0.750000,0.900000
1409,7,102,0.00003808,1.933365,0.600000,0.700000
1410,7,103,0.00003808,1.268289,0.600000,0.900000
1411,7,104,0.00003807,1.046217,0.800000,0.850000
1412,7,105,0.00003807,1.718292,0.600000,0.800000
1413,7,106,0.00003807,1.410731,0.600000,0.700000
1414,7,107,0.00003807,1.266203,0.750000,0.900000
1415,7,108,0.00003806,1.326258,0.600000,0.850000
1416,7,109,0.00003806,1.387572,0.750000,0.850000
1417,7,110,0.00003806,1.485107,0.700000,0.850000
1418,7,111,0.00003806,1.777789,0.500000,0.800000
1419,7,112,0.00003805,1.373491,0.700000,0.800000
1420,7,113,0.00003805,1.600252,0.600000,0.800000
1421,7,114,0.00003805,1.625372,0.550000,0.700000
1422,7,115,0.00003805,0.623033,0.950000,0.950000
1423,7,116,0.00003804,1.935806,0.550000,0.700000
1424,7,117,0.00003804,1.364445,0.700000,0.900000
1425,7,118,0.00003804,0.628103,0.900000,0.950000
1426,7,119,0.00003803,1.292696,0.650000,0.850000
1427,7,120,0.00003803,1.733739,0.650000,0.750000
1428,7,121,0.00003803,1.406433,0.750000,0.800000
1429,7,122,0.00003803,1.203844,0.700000,0.850000
1430,7,123,0.00003802,1.098389,0.750000,0.850000
1431,7,124,0.00003802,0.644005,0.900000,0.950000
1432,7,125,0.00003802,0.948363,0.850000,0.900000
1433,7,126,0.00003802,1.469822,0.700000,0.850000
1434,7,127,0.00003801,1.011560,0.800000,0.900000
1435,7,128,0.00003801,1.347060,0.700000,0.850000
1436,7,129,0.00003801,1.484355,0.650000,0.800000
1437,7,130,0.00003800,1.050307,0.800000,0.850000
1438,7,131,0.00003800,1.453783,0.600000,0.850000
1439,7,132,0.00003800,1.853883,0.550000,0.700000
1440,7,133,0.00003800,1.215860,0.650000,0.850000
1441,7,134,0.00003799,0.677941,0.900000,0.950000
1442,7,135,0.00003799,1.230820,0.750000,0.900000
1443,7,136,0.00003799,0.878519,0.900000,0.900000
1444,7,137,0.00003799,0.495081,0.950000,0.950000
1445,7,138,0.00003798,1.290710,0.750000,0.850000
1446,7,139,0.00003798,1.347800,0.650000,0.850000
1447,7,140,0.00003798,1.344505,0.750000,0.800000
1448,7,141,0.00003797,1.386847,0.650000,0.850000
1449,7,142,0.00003797,1.843760,0.550000,0.750000
1450,7,143,0.00003797,0.725724,0.800000,0.950000
1451,7,144,0.00003797,1.366710,0.700000,0.800000
1452,7,145,0.00003796,1.321044,0.750000,0.800000
1453,7,146,0.00003796,2.385576,0.550000,0.650000
1454,7,147,0.00003796,0.861881,0.750000,0.950000
1455,7,148,0.00003796,0.789108,0.900000,0.900000
1456,7,149,0.00003795,1.123467,0.700000,0.900000
1457,7,150,0.00003795,0.964638,0.700000,0.900000
1458,7,151,0.00003795,1.061209,0.700000,0.900000
1459,7,152,0.00003794,1.667679,0.500000,0.750000
1460,7,153,0.00003794,1.577780,0.650000,0.800000
1461,7,154,0.00003794,0.769423,0.800000,0.950000
1462,7,155,0.00003794,0.787753,0.850000,0.950000
1463,7,156,0.00003793,0.775145,0.800000,0.900000
1464,7,157,0.00003793,1.285721,0.750000,0.850000
1465,7,158,0.00003793,1.067052,0.700000,0.850000
1466,7,159,0.00003792,1.423694,0.650000,0.800000
1467,7,160,0.00003792,0.571861,0.900000,0.950000
1468,7,161,0.00003792,1.111536,0.750000,0.850000
1469,7,162,0.00003792,0.911703,0.600000,1.000000
1470,7,163,0.00003791,2.012184,0.600000,0.700000
1471,7,164,0.00003791,0.681934,0.800000,0.950000
1472,7,165,0.00003791,1.811218,0.550000,0.700000
1473,7,166,0.00003791,1.193054,0.700000,0.900000
1474,7,167,0.00003790,1.725023,0.550000,0.800000
1475,7,168,0.00003790,1.273401,0.550000,0.850000
1476,7,169,0.00003790,0.622414,0.800000,0.950000
1477,7,170,0.00003789,1.311642,0.750000,0.750000
1478,7,171,0.00003789,1.053636,0.700000,0.850000
1479,7,172,0.00003789,1.438725,0.600000,0.800000
1480,7,173,0.00003789,1.185548,0.650000,0.900000
1481,7,174,0.00003788,0.406181,1.000000,1.000000
1482,7,175,0.00003788,1.216923,0.650000,0.800000
1483,7,176,0.00003788,1.082430,0.750000,0.900000
1484,7,177,0.00003787,1.613022,0.650000,0.800000
1485,7,178,0.00003787,1.108881,0.800000,0.900000
1486,7,179,0.00003787,1.114043,0.650000,0.950000
1487,7,180,0.00003787,1.227814,0.700000,0.850000
1488,7,181,0.00003786,1.896798,0.550000,0.750000
1489,7,182,0.00003786,1.579475,0.650000,0.750000
1490,7,183,0.00003786,1.727754,0.600000,0.800000
1491,7,184,0.00003785,1.184116,0.700000,0.800000
1492,7,185,0.00003785,1.188586,0.750000,0.800000
1493,7,186,0.00003785,1.476881,0.600000,0.800000
1494,7,187,0.00003785,1.034331,0.800000,0.850000
1495,7,188,0.00003784,0.976731,0.700000,0.900000
1496,7,189,0.00003784,1.152745,0.750000,0.850000
1497,7,190,0.00003784,0.870394,0.800000,0.900000
1498,7,191,0.00003783,0.812870,0.900000,0.950000
1499,7,192,0.00003783,1.761881,0.550000,0.750000
1500,7,193,0.00003783,1.542651,0.650000,0.850000
1501,7,194,0.00003783,1.272590,0.700000,0.900000
1502,7,195,0.00003782,1.744279,0.500000,0.800000
1503,7,196,0.00003782,0.772290,0.850000,0.900000
1504,7,197,0.00003782,0.825059,0.850000,0.950000
1505,7,198,0.00003782,1.832303,0.500000,0.900000
1506,7,199,0.00003781,1.682884,0.600000,0.750000
1507,7,200,0.00003781,1.558922,0.600000,0.850000
1508,7,201,0.00003781,0.876566,0.750000,0.900000
1509,7,202,0.00003780,1.073182,0.850000,0.900000
1510,7,203,0.00003780,1.362357,0.650000,0.800000
1511,7,204,0.00003780,1.041357,0.750000,0.950000
1512,7,205,0.00003780,0.988911,0.750000,0.900000
1513,7,206,0.00003779,1.841516,0.500000,0.750000
1514,7,207,0.00003779,1.712517,0.550000,0.700000
1515,7,208,0.00003779,1.541926,0.650000,0.700000
1516,7,209,0.00003778,1.610912,0.600000,0.800000
1517,7,210,0.00003778,0.895168,0.800000,0.900000
1518,7,211,0.00003778,1.133751,0.750000,0.900000
1519,7,212,0.00003777,1.411150,0.700000,0.800000
1520,7,213,0.00003777,1.664644,0.600000,0.750000
1521,7,214,0.00003777,1.766585,0.500000,0.800000
1522,7,215,0.00003777,1.017230,0.700000,0.950000
1523,7,216,0.00003776,0.825760,0.800000,0.900000
1524,7,217,0.00003776,1.410492,0.600000,0.800000
1525,7,218,0.00003776,1.247535,0.650000,0.750000
1526,8,1,0.00003775,0.548634,0.850000,1.000000
1527,8,2,0.00003775,1.195818,0.750000,0.850000
1528,8,3,0.00003775,1.459026,0.700000,0.800000
1529,8,4,0.00003775,0.801634,0.850000,0.900000
1530,8,5,0.00003774,1.260594,0.750000,0.900000
1531,8,6,0.00003774,1.286119,0.700000,0.800000
1532,8,7,0.00003774,1.920181,0.600000,0.750000
1533,8,8,0.00003773,1.214835,0.700000,0.800000
1534,8,9,0.00003773,1.133545,0.650000,0.900000
1535,8,10,0.00003773,1.379814,0.700000,0.900000
1536,8,11,0.00003773,1.435117,0.650000,0.850000
1537,8,12,0.00003772,1.019519,0.800000,0.900000
1538,8,13,0.00003772,0.942805,0.750000,0.950000
1539,8,14,0.00003772,1.539198,0.550000,0.900000
1540,8,15,0.00003771,1.531528,0.700000,0.750000
1541,8,16,0.00003771,1.244379,0.800000,0.850000
1542,8,17,0.00003771,1.510059,0.700000,0.850000
1543,8,18,0.00003771,0.920621,0.850000,0.950000
1544,8,19,0.00003770,0.820666,0.850000,0.950000
1545,8,20,0.00003770,1.454994,0.650000,0.800000
1546,8,21,0.00003770,1.561168,0.650000,0.750000
1547,8,22,0.00003769,1.295825,0.700000,0.800000
1548,8,23,0.00003769,1.171451,0.650000,0.850000
1549,8,24,0.00003769,0.699213,0.850000,0.950000
1550,8,25,0.00003769,1.145631,0.750000,0.900000
1551,8,26,0.00003768,1.262534,0.650000,0.850000
1552,8,27,0.00003768,1.170420,0.800000,0.800000
1553,8,28,0.00003768,1.402025,0.600000,0.850000
1554,8,29,0.00003767,1.279720,0.700000,0.850000
1555,8,30,0.00003767,1.292522,0.650000,0.800000
1556,8,31,0.00003767,1.142561,0.700000,0.900000
1557,8,32,0.00003766,1.388739,0.750000,0.800000
1558,8,33,0.00003766,1.617917,0.550000,0.850000
1559,8,34,0.00003766,1.579032,0.650000,0.800000
1560,8,35,0.00003766,0.879630,0.900000,0.900000
1561,8,36,0.00003765,1.361021,0.750000,0.800000
1562,8,37,0.00003765,1.826044,0.550000,0.800000
1563,8,38,0.00003765,1.325281,0.650000,0.750000
1564,8,39,0.00003764,1.440313,0.650000,0.800000
1565,8,40,0.00003764,1.396320,0.600000,0.800000
1566,8,41,0.00003764,1.133160,0.750000,0.850000
1567,8,42,0.00003764,0.841218,0.850000,0.900000
1568,8,43,0.00003763,1.132373,0.650000,0.900000
1569,8,44,0.00003763,1.943191,0.550000,0.650000
1570,8,45,0.00003763,0.819078,0.800000,0.950000
1571,8,46,0.00003762,0.779051,0.900000,0.950000
1572,8,47,0.00003762,1.325249,0.650000,0.800000
1573,8,48,0.00003762,0.653246,0.750000,0.950000
1574,8,49,0.00003761,0.935818,0.850000,0.850000
1575,8,50,0.00003761,1.176859,0.800000,0.800000
1576,8,51,0.00003761,0.876154,0.700000,0.950000
1577,8,52,0.00003761,1.432238,0.650000,0.800000
1578,8,53,0.00003760,1.234752,0.700000,0.850000
1579,8,54,0.00003760,1.078162,0.800000,0.850000
1580,8,55,0.00003760,0.799770,0.750000,0.900000
1581,8,56,0.00003759,0.942483,0.800000,0.900000
1582,8,57,0.00003759,1.072363,0.850000,0.900000
1583,8,58,0.00003759,0.636474,0.850000,0.950000
1584,8,59,0.00003758,0.744318,0.750000,0.900000
1585,8,60,0.00003758,1.258294,0.700000,0.850000
1586,8,61,0.00003758,1.801163,0.600000,0.700000
1587,8,62,0.00003758,1.577104,0.600000,0.750000
1588,8,63,0.00003757,1.505402,0.650000,0.800000
1589,8,64,0.00003757,0.973842,0.850000,0.900000
1590,8,65,0.00003757,0.623313,0.800000,1.000000
1591,8,66,0.00003756,1.155957,0.750000,0.900000
1592,8,67,0.00003756,1.019176,0.700000,0.950000
1593,8,68,0.00003756,0.856505,0.750000,0.950000
1594,8,69,0.00003755,0.994527,0.750000,0.900000
1595,8,70,0.00003755,0.940197,0.750000,0.800000
1596,8,71,0.00003755,0.712706,0.850000,0.950000
1597,8,72,0.00003755,1.468102,0.650000,0.750000
1598,8,73,0.00003754,0.803673,0.900000,0.900000
1599,8,74,0.00003754,1.458019,0.600000,0.850000
1600,8,75,0.00003754,1.349438,0.650000,0.900000
1601,8,76,0.00003753,1.056671,0.750000,0.850000
1602,8,77,0.00003753,1.135637,0.650000,0.900000
1603,8,78,0.00003753,1.200717,0.700000,0.850000
1604,8,79,0.00003752,0.683276,0.850000,0.900000
1605,8,80,0.00003752,1.045670,0.750000,0.850000
1606,8,81,0.00003752,1.782548,0.550000,0.750000
1607,8,82,0.00003752,0.820017,0.700000,0.950000
1608,8,83,0.00003751,0.887650,0.700000,0.950000
1609,8,84,0.00003751,0.734760,0.850000,0.950000
1610,8,85,0.00003751,1.069556,0.750000,0.850000
1611,8,86,0.00003750,1.018576,0.750000,0.850000
1612,8,87,0.00003750,0.713283,0.850000,1.000000
1613,8,88,0.00003750,1.033116,0.750000,0.800000
1614,8,89,0.00003749,1.571869,0.550000,0.900000
1615,8,90,0.00003749,0.851357,0.700000,0.900000
1616,8,91,0.00003749,0.961038,0.750000,0.950000
1617,8,92,0.00003749,1.118978,0.800000,0.900000
1618,8,93,0.00003748,1.153277,0.700000,0.900000
1619,8,94,0.00003748,0.615801,0.900000,1.000000
1620,8,95,0.00003748,1.087816,0.700000,0.900000
1621,8,96,0.00003747,1.671152,0.600000,0.750000
1622,8,97,0.00003747,1.435563,0.650000,0.850000
1623,8,98,0.00003747,0.770271,0.850000,0.900000
1624,8,99,0.00003746,1.451212,0.650000,0.800000
1625,8,100,0.00003746,1.358531,0.650000,0.850000
1626,8,101,0.00003746,1.283955,0.700000,0.850000
1627,8,102,0.00003745,1.307881,0.750000,0.850000
1628,8,103,0.00003745,1.206697,0.750000,0.850000
1629,8,104,0.00003745,1.030580,0.750000,0.900000
1630,8,105,0.00003745,0.873536,0.850000,0.900000
1631,8,106,0.00003744,0.935502,0.850000,0.900000
1632,8,107,0.00003744,0.825544,0.900000,0.950000
1633,8,108,0.00003744,1.410660,0.700000,0.750000
1634,8,109,0.00003743,1.588753,0.600000,0.750000
1635,8,110,0.00003743,0.916565,0.750000,0.950000
1636,8,111,0.00003743,0.981160,0.750000,0.850000
1637,8,112,0.00003742,1.117952,0.750000,0.900000
1638,8,113,0.00003742,1.041495,0.750000,0.900000
1639,8,114,0.00003742,1.062329,0.750000,0.850000
1640,8,115,0.00003741,0.896901,0.700000,0.950000
1641,8,116,0.00003741,1.888126,0.500000,0.750000
1642,8,117,0.00003741,1.326443,0.500000,0.900000
1643,8,118,0.00003741,1.321289,0.750000,0.800000
1644,8,119,0.00003740,1.382609,0.700000,0.800000
1645,8,120,0.00003740,1.000197,0.800000,0.900000
1646,8,121,0.00003740,1.314200,0.650000,0.800000
1647,8,122,0.00003739,1.642772,0.600000,0.750000
1648,8,123,0.00003739,1.295026,0.650000,0.800000
1649,8,124,0.00003739,1.951025,0.500000,0.700000
1650,8,125,0.00003738,1.065787,0.850000,0.850000
1651,8,126,0.00003738,0.939943,0.800000,0.900000
1652,8,127,0.00003738,0.925725,0.750000,0.900000
1653,8,128,0.00003737,1.094672,0.800000,0.900000
1654,8,129,0.00003737,0.862233,0.800000,0.850000
1655,8,130,0.00003737,0.539774,0.900000,0.950000
1656,8,131,0.00003737,1.639600,0.550000,0.800000
1657,8,132,0.00003736,1.205386,0.700000,0.800000
1658,8,133,0.00003736,0.811018,0.800000,0.900000
1659,8,134,0.00003736,0.898175,0.850000,0.950000
1660,8,135,0.00003735,1.305999,0.650000,0.800000
1661,8,136,0.00003735,0.829955,0.800000,0.900000
1662,8,137,0.00003735,1.587970,0.550000,0.800000
1663,8,138,0.00003734,0.631364,0.900000,0.950000
1664,8,139,0.00003734,0.930649,0.800000,0.900000
1665,8,140,0.00003734,1.511016,0.650000,0.750000
1666,8,141,0.00003733,1.117836,0.750000,0.850000
1667,8,142,0.00003733,0.751729,0.900000,0.950000
1668,8,143,0.00003733,0.838448,0.700000,0.950000
1669,8,144,0.00003732,1.408415,0.600000,0.900000
1670,8,145,0.00003732,1.442461,0.700000,0.850000
1671,8,146,0.00003732,1.539197,0.750000,0.850000
1672,8,147,0.00003732,1.421286,0.650000,0.750000
1673,8,148,0.00003731,1.116389,0.650000,0.850000
1674,8,149,0.00003731,1.168504,0.750000,0.850000
1675,8,150,0.00003731,1.070867,0.800000,0.850000
1676,8,151,0.00003730,1.310166,0.750000,0.800000
1677,8,152,0.00003730,1.356125,0.700000,0.800000
1678,8,153,0.00003730,1.332587,0.650000,0.850000
1679,8,154,0.00003729,1.382026,0.550000,0.900000
1680,8,155,0.00003729,1.572742,0.650000,0.700000
1681,8,156,0.00003729,0.952457,0.850000,0.900000
1682,8,157,0.00003728,1.865178,0.500000,0.750000
1683,8,158,0.00003728,1.562784,0.650000,0.800000
1684,8,159,0.00003728,0.944474,0.750000,0.950000
1685,8,160,0.00003727,0.762865,0.800000,0.950000
1686,8,161,0.00003727,1.177102,0.600000,0.950000
1687,8,162,0.00003727,1.603908,0.700000,0.800000
1688,8,163,0.00003726,1.287616,0.750000,0.850000
1689,8,164,0.00003726,1.052128,0.750000,0.900000
1690,8,165,0.00003726,1.733195,0.550000,0.700000
1691,8,166,0.00003726,1.248336,0.750000,0.850000
1692,8,167,0.00003725,1.142867,0.800000,0.850000
1693,8,168,0.00003725,1.093814,0.750000,0.800000
1694,8,169,0.00003725,0.826994,0.800000,0.950000
1695,8,170,0.00003724,1.605148,0.650000,0.800000
1696,8,171,0.00003724,1.690747,0.600000,0.800000
1697,8,172,0.00003724,1.000954,0.750000,0.900000
1698,8,173,0.00003723,1.505537,0.600000,0.800000
1699,8,174,0.00003723,0.836298,0.800000,0.900000
1700,8,175,0.00003723,0.718176,0.850000,0.950000
1701,8,176,0.00003722,0.486789,0.900000,1.000000
1702,8,177,0.00003722,0.809354,0.750000,0.950000
1703,8,178,0.00003722,1.229028,0.700000,0.900000
1704,8,179,0.00003721,1.389919,0.650000,0.900000
1705,8,180,0.00003721,0.512622,0.900000,1.000000
1706,8,181,0.00003721,1.256062,0.600000,0.850000
1707,8,182,0.00003720,0.872268,0.800000,0.900000
1708,8,183,0.00003720,1.256722,0.750000,0.850000
1709,8,184,0.00003720,0.982878,0.700000,0.950000
1710,8,185,0.00003719,1.854126,0.500000,0.750000
1711,8,186,0.00003719,0.907544,0.850000,0.900000
1712,8,187,0.00003719,0.865886,0.800000,0.950000
1713,8,188,0.00003719,0.964280,0.750000,0.900000
1714,8,189,0.00003718,1.323397,0.650000,0.850000
1715,8,190,0.00003718,0.607987,0.900000,0.950000
1716,8,191,0.00003718,1.255811,0.700000,0.850000
1717,8,192,0.00003717,1.292642,0.750000,0.900000
1718,8,193,0.00003717,1.191185,0.550000,0.950000
1719,8,194,0.00003717,1.742630,0.550000,0.700000
1720,8,195,0.00003716,1.357323,0.700000,0.750000
1721,8,196,0.00003716,1.614827,0.700000,0.800000
1722,8,197,0.00003716,1.182793,0.700000,0.800000
1723,8,198,0.00003715,1.035445,0.800000,0.950000
1724,8,199,0.00003715,1.053160,0.750000,0.850000
1725,8,200,0.00003715,1.083708,0.800000,0.800000
1726,8,201,0.00003714,1.044836,0.750000,0.800000
1727,8,202,0.00003714,0.522263,0.900000,0.950000
1728,8,203,0.00003714,0.841453,0.800000,0.900000
1729,8,204,0.00003713,0.693160,0.850000,0.950000
1730,8,205,0.00003713,1.732656,0.650000,0.700000
1731,8,206,0.00003713,0.939008,0.700000,0.950000
1732,8,207,0.00003712,1.125516,0.750000,0.800000
1733,8,208,0.00003712,1.475252,0.550000,0.850000
1734,8,209,0.00003712,0.748706,0.800000,0.900000
1735,8,210,0.00003711,2.047977,0.550000,0.750000
1736,8,211,0.00003711,0.947104,0.700000,0.900000
1737,8,212,0.00003711,1.598714,0.600000,0.750000
1738,8,213,0.00003710,0.950703,0.850000,0.850000
1739,8,214,0.00003710,0.813007,0.850000,0.900000
1740,8,215,0.00003710,1.399504,0.600000,0.900000
1741,8,216,0.00003709,1.598989,0.600000,0.850000
1742,8,217,0.00003709,0.683716,0.900000,0.950000
1743,8,218,0.00003709,1.023113,0.750000,0.900000
1744,9,1,0.00003709,0.693274,0.800000,0.900000
1745,9,2,0.00003708,0.889836,0.800000,0.900000
1746,9,3,0.00003708,1.112053,0.750000,0.950000
1747,9,4,0.00003708,0.936469,0.750000,0.850000
1748,9,5,0.00003707,1.296308,0.650000,0.750000
1749,9,6,0.00003707,0.474411,0.950000,0.950000
1750,9,7,0.00003707,0.662605,0.850000,0.900000
1751,9,8,0.00003706,0.974923,0.700000,0.900000
1752,9,9,0.00003706,1.288086,0.700000,0.900000
1753,9,10,0.00003706,0.755261,0.800000,0.950000
1754,9,11,0.00003705,0.898168,0.800000,0.900000
1755,9,12,0.00003705,1.226157,0.650000,0.850000
1756,9,13,0.00003705,1.236987,0.700000,0.850000
1757,9,14,0.00003704,1.527207,0.700000,0.800000
1758,9,15,0.00003704,1.454365,0.700000,0.800000
1759,9,16,0.00003704,0.905541,0.700000,0.950000
1760,9,17,0.00003703,1.024604,0.700000,0.950000
1761,9,18,0.00003703,2.024722,0.550000,0.700000
1762,9,19,0.00003703,0.785735,0.850000,0.900000
1763,9,20,0.00003702,0.776825,0.750000,1.000000
1764,9,21,0.00003702,1.173505,0.700000,0.850000
1765,9,22,0.00003702,1.031971,0.750000,0.900000
1766,9,23,0.00003701,0.609801,0.800000,1.000000
1767,9,24,0.00003701,1.095801,0.750000,0.800000
1768,9,25,0.00003701,1.126816,0.800000,0.850000
1769,9,26,0.00003700,1.167653,0.700000,0.850000
1770,9,27,0.00003700,0.976757,0.800000,0.900000
1771,9,28,0.00003700,0.959438,0.800000,0.800000
1772,9,29,0.00003699,1.036863,0.700000,0.850000
1773,9,30,0.00003699,1.175220,0.800000,0.850000
1774,9,31,0.00003699,1.132088,0.700000,0.900000
1775,9,32,0.00003698,0.922593,0.850000,0.900000
1776,9,33,0.00003698,0.990661,0.700000,0.950000
1777,9,34,0.00003698,1.333054,0.700000,0.850000
1778,9,35,0.00003697,0.912084,0.800000,0.950000
1779,9,36,0.00003697,1.141830,0.650000,0.850000
1780,9,37,0.00003697,0.662733,0.850000,0.950000
1781,9,38,0.00003696,0.532588,0.900000,0.950000
1782,9,39,0.00003696,0.573785,0.850000,1.000000
1783,9,40,0.00003696,1.042148,0.800000,0.900000
1784,9,41,0.00003695,1.324955,0.750000,0.800000
1785,9,42,0.00003695,1.468019,0.700000,0.800000
1786,9,43,0.00003695,1.353300,0.700000,0.800000
1787,9,44,0.00003694,1.792488,0.650000,0.700000
1788,9,45,0.00003694,0.352090,0.950000,1.000000
1789,9,46,0.00003694,0.838398,0.800000,0.900000
1790,9,47,0.00003693,1.135784,0.750000,0.900000
1791,9,48,0.00003693,1.852165,0.700000,0.700000
1792,9,49,0.00003693,1.429603,0.650000,0.800000
1793,9,50,0.00003692,0.843247,0.750000,0.950000
1794,9,51,0.00003692,0.558041,0.900000,1.000000
1795,9,52,0.00003692,0.745309,0.850000,0.950000
1796,9,53,0.00003691,1.862249,0.650000,0.650000
1797,9,54,0.00003691,1.566559,0.650000,0.850000
1798,9,55,0.00003691,0.703043,0.850000,0.900000
1799,9,56,0.00003690,0.486699,0.950000,1.000000
1800,9,57,0.00003690,1.273668,0.650000,0.750000
1801,9,58,0.00003690,1.093505,0.750000,0.850000
1802,9,59,0.00003689,0.735085,0.950000,0.950000
1803,9,60,0.00003689,0.796630,0.800000,0.850000
1804,9,61,0.00003689,0.704728,0.800000,0.950000
1805,9,62,0.00003688,0.865858,0.800000,0.900000
1806,9,63,0.00003688,1.755881,0.500000,0.800000
1807,9,64,0.00003688,1.285683,0.700000,0.950000
1808,9,65,0.00003687,0.906007,0.700000,1.000000
1809,9,66,0.00003687,1.092921,0.750000,0.850000
1810,9,67,0.00003687,1.096569,0.750000,0.900000
1811,9,68,0.00003686,1.353820,0.700000,0.900000
1812,9,69,0.00003686,1.703556,0.650000,0.750000
1813,9,70,0.00003686,0.860601,0.800000,0.900000
1814,9,71,0.00003685,1.154530,0.750000,0.900000
1815,9,72,0.00003685,0.978146,0.750000,0.900000
1816,9,73,0.00003685,1.140861,0.700000,0.900000
1817,9,74,0.00003684,1.224637,0.650000,0.900000
1818,9,75,0.00003684,0.957971,0.700000,0.950000
1819,9,76,0.00003684,1.010271,0.700000,0.900000
1820,9,77,0.00003683,1.597422,0.650000,0.800000
1821,9,78,0.00003683,0.477250,0.900000,1.000000
1822,9,79,0.00003683,0.917928,0.800000,0.900000
1823,9,80,0.00003682,0.872872,0.800000,0.900000
1824,9,81,0.00003682,0.690732,0.900000,0.950000
1825,9,82,0.00003682,1.463667,0.750000,0.850000
1826,9,83,0.00003681,0.708309,0.850000,0.950000
1827,9,84,0.00003681,0.662990,0.850000,0.950000
1828,9,85,0.00003681,0.648016,0.900000,0.950000
1829,9,86,0.00003680,1.045253,0.800000,0.850000
1830,9,87,0.00003680,0.643763,0.900000,0.950000
1831,9,88,0.00003680,1.043626,0.800000,0.900000
1832,9,89,0.00003679,0.722165,0.850000,0.950000
1833,9,90,0.00003679,0.716912,0.850000,0.950000
1834,9,91,0.00003679,1.340231,0.650000,0.800000
1835,9,92,0.00003678,1.127516,0.650000,0.900000
1836,9,93,0.00003678,1.711129,0.550000,0.800000
1837,9,94,0.00003678,1.397776,0.700000,0.800000
1838,9,95,0.00003677,1.217282,0.650000,0.900000
1839,9,96,0.00003677,0.791927,0.900000,0.950000
1840,9,97,0.00003676,1.387701,0.700000,0.800000
1841,9,98,0.00003676,1.068357,0.800000,0.850000
1842,9,99,0.00003676,1.401369,0.700000,0.850000
1843,9,100,0.00003675,0.475656,0.900000,0.950000
1844,9,101,0.00003675,1.008278,0.750000,0.850000
1845,9,102,0.00003675,0.849189,0.750000,0.950000
1846,9,103,0.00003674,1.545537,0.650000,0.850000
1847,9,104,0.00003674,0.850764,0.850000,0.900000
1848,9,105,0.00003674,0.924445,0.700000,0.900000
1849,9,106,0.00003673,0.884757,0.800000,0.950000
1850,9,107,0.00003673,0.878852,0.650000,0.950000
1851,9,108,0.00003673,1.643388,0.550000,0.800000
1852,9,109,0.00003672,1.587787,0.650000,0.750000
1853,9,110,0.00003672,1.472099,0.600000,0.700000
1854,9,111,0.00003672,0.812784,0.850000,0.900000
1855,9,112,0.00003671,1.044540,0.750000,0.900000
1856,9,113,0.00003671,1.054351,0.800000,0.800000
1857,9,114,0.00003671,1.022545,0.800000,0.900000
1858,9,115,0.00003670,1.301185,0.650000,0.800000
1859,9,116,0.00003670,1.423434,0.650000,0.650000
1860,9,117,0.00003670,1.768986,0.600000,0.700000
1861,9,118,0.00003669,1.213865,0.700000,0.800000
1862,9,119,0.00003669,0.652693,0.850000,0.950000
1863,9,120,0.00003669,0.933442,0.800000,0.850000
1864,9,121,0.00003668,1.320593,0.650000,0.800000
1865,9,122,0.00003668,1.298169,0.700000,0.800000
1866,9,123,0.00003668,1.105145,0.700000,0.850000
1867,9,124,0.00003667,1.353028,0.700000,0.750000
1868,9,125,0.00003667,0.819863,0.750000,0.950000
1869,9,126,0.00003666,0.854913,0.800000,0.950000
1870,9,127,0.00003666,1.096615,0.800000,0.900000
1871,9,128,0.00003666,0.866568,0.850000,0.850000
1872,9,129,0.00003665,1.319180,0.700000,0.850000
1873,9,130,0.00003665,1.133130,0.650000,0.900000
1874,9,131,0.00003665,1.170245,0.750000,0.850000
1875,9,132,0.00003664,1.494121,0.650000,0.750000
1876,9,133,0.00003664,2.024375,0.550000,0.650000
1877,9,134,0.00003664,1.459216,0.700000,0.800000
1878,9,135,0.00003663,0.263919,0.950000,1.000000
1879,9,136,0.00003663,1.406778,0.650000,0.850000
1880,9,137,0.00003663,1.292922,0.700000,0.850000
1881,9,138,0.00003662,1.381463,0.650000,0.750000
1882,9,139,0.00003662,1.022005,0.800000,0.900000
1883,9,140,0.00003662,1.222988,0.650000,0.900000
1884,9,141,0.00003661,1.279017,0.750000,0.800000
1885,9,142,0.00003661,1.528316,0.700000,0.750000
1886,9,143,0.00003661,1.203558,0.800000,0.850000
1887,9,144,0.00003660,0.815424,0.800000,0.850000
1888,9,145,0.00003660,1.572832,0.600000,0.750000
1889,9,146,0.00003660,1.066183,0.800000,0.850000
1890,9,147,0.00003659,0.701915,0.850000,0.900000
1891,9,148,0.00003659,0.994054,0.800000,0.800000
1892,9,149,0.00003658,1.097335,0.750000,0.850000
1893,9,150,0.00003658,1.008688,0.700000,0.900000
1894,9,151,0.00003658,1.570006,0.650000,0.700000
1895,9,152,0.00003657,0.782950,0.800000,0.900000
1896,9,153,0.00003657,1.075697,0.800000,0.900000
1897,9,154,0.00003657,0.846373,0.800000,0.900000
1898,9,155,0.00003656,0.868059,0.800000,0.950000
1899,9,156,0.00003656,0.970073,0.750000,0.950000
1900,9,157,0.00003656,1.396588,0.550000,0.800000
1901,9,158,0.00003655,1.111569,0.700000,0.850000
1902,9,159,0.00003655,1.534597,0.650000,0.850000
1903,9,160,0.00003655,0.581024,0.800000,1.000000
1904,9,161,0.00003654,0.482596,0.950000,1.000000
1905,9,162,0.00003654,1.111398,0.750000,0.850000
1906,9,163,0.00003654,1.214850,0.750000,0.850000
1907,9,164,0.00003653,0.569093,0.800000,1.000000
1908,9,165,0.00003653,1.615025,0.500000,0.750000
1909,9,166,0.00003653,1.048269,0.800000,0.850000
1910,9,167,0.00003652,0.947898,0.800000,0.900000
1911,9,168,0.00003652,1.753212,0.650000,0.650000
1912,9,169,0.00003651,0.563061,0.850000,0.950000
1913,9,170,0.00003651,0.998216,0.750000,0.900000
1914,9,171,0.00003651,1.624664,0.600000,0.800000
1915,9,172,0.00003650,0.958877,0.800000,0.900000
1916,9,173,0.00003650,0.966724,0.800000,0.900000
1917,9,174,0.00003650,1.193511,0.650000,0.900000
1918,9,175,0.00003649,0.967520,0.750000,0.950000
1919,9,176,0.00003649,0.971586,0.750000,0.950000
1920,9,177,0.00003649,1.628503,0.600000,0.750000
1921,9,178,0.00003648,1.131325,0.700000,0.850000
1922,9,179,0.00003648,0.338297,0.900000,0.950000
1923,9,180,0.00003648,0.766693,0.850000,0.950000
1924,9,181,0.00003647,1.115665,0.700000,0.850000
1925,9,182,0.00003647,1.315379,0.650000,0.750000
1926,9,183,0.00003646,1.430146,0.750000,0.800000
1927,9,184,0.00003646,1.422069,0.700000,0.850000
1928,9,185,0.00003646,0.936416,0.800000,0.900000
1929,9,186,0.00003645,1.146438,0.650000,0.900000
1930,9,187,0.00003645,1.033522,0.700000,0.900000
1931,9,188,0.00003645,1.756187,0.600000,0.750000
1932,9,189,0.00003644,0.479378,0.800000,0.950000
1933,9,190,0.00003644,0.522370,0.900000,0.900000
1934,9,191,0.00003644,1.724710,0.550000,0.800000
1935,9,192,0.00003643,1.263829,0.550000,0.850000
1936,9,193,0.00003643,0.686518,0.900000,0.950000
1937,9,194,0.00003643,0.972825,0.750000,0.900000
1938,9,195,0.00003642,0.714440,0.850000,1.000000
1939,9,196,0.00003642,1.116333,0.750000,0.800000
1940,9,197,0.00003641,1.386319,0.650000,0.800000
1941,9,198,0.00003641,1.363439,0.650000,0.850000
1942,9,199,0.00003641,0.824276,0.800000,0.850000
1943,9,200,0.00003640,1.420522,0.700000,0.750000
1944,9,201,0.00003640,1.497044,0.550000,0.900000
1945,9,202,0.00003640,1.105255,0.700000,0.900000
1946,9,203,0.00003639,1.559715,0.650000,0.700000
1947,9,204,0.00003639,0.724802,0.850000,0.900000
1948,9,205,0.00003639,0.816283,0.850000,0.850000
1949,9,206,0.00003638,1.509599,0.550000,0.850000
1950,9,207,0.00003638,0.569579,0.900000,0.950000
1951,9,208,0.00003638,1.027568,0.750000,0.900000
1952,9,209,0.00003637,1.539235,0.600000,0.800000
1953,9,210,0.00003637,1.650343,0.600000,0.750000
1954,9,211,0.00003636,0.595032,0.850000,1.000000
1955,9,212,0.00003636,0.235815,0.950000,1.000000
1956,9,213,0.00003636,0.848084,0.750000,0.850000
1957,9,214,0.00003635,1.204247,0.700000,0.850000
1958,9,215,0.00003635,1.027108,0.700000,0.850000
1959,9,216,0.00003635,1.067364,0.750000,0.900000
1960,9,217,0.00003634,0.721224,0.750000,1.000000
1961,9,218,0.00003634,0.984425,0.800000,0.900000
1962,10,1,0.00003634,0.783818,0.800000,0.950000
1963,10,2,0.00003633,1.179845,0.750000,0.850000
1964,10,3,0.00003633,1.827801,0.650000,0.700000
1965,10,4,0.00003632,1.046049,0.750000,0.900000
1966,10,5,0.00003632,1.975323,0.600000,0.750000
1967,10,6,0.00003632,0.820775,0.750000,0.900000
1968,10,7,0.00003631,1.230035,0.750000,0.800000
1969,10,8,0.00003631,1.137178,0.750000,0.750000
1970,10,9,0.00003631,1.170087,0.800000,0.850000
1971,10,10,0.00003630,0.947606,0.850000,0.950000
1972,10,11,0.00003630,1.369619,0.750000,0.800000
1973,10,12,0.00003630,0.529011,0.900000,0.950000
1974,10,13,0.00003629,0.482588,0.800000,1.000000
1975,10,14,0.00003629,1.830303,0.500000,0.650000
1976,10,15,0.00003629,0.969599,0.650000,1.000000
1977,10,16,0.00003628,1.018354,0.800000,0.900000
1978,10,17,0.00003628,1.459428,0.650000,0.850000
1979,10,18,0.00003627,0.797037,0.850000,0.950000
1980,10,19,0.00003627,0.646336,0.900000,0.950000
1981,10,20,0.00003627,1.122040,0.800000,0.800000
1982,10,21,0.00003626,1.111890,0.700000,0.900000
1983,10,22,0.00003626,0.909436,0.750000,0.900000
1984,10,23,0.00003626,0.957432,0.650000,0.950000
1985,10,24,0.00003625,1.013631,0.750000,0.900000
1986,10,25,0.00003625,0.793367,0.800000,0.900000
1987,10,26,0.00003624,0.801425,0.850000,0.950000
1988,10,27,0.00003624,1.338911,0.600000,0.850000
1989,10,28,0.00003624,0.989395,0.750000,0.850000
1990,10,29,0.00003623,0.948559,0.750000,0.900000
1991,10,30,0.00003623,0.714887,0.850000,1.000000
1992,10,31,0.00003623,0.936737,0.800000,0.900000
1993,10,32,0.00003622,1.151935,0.600000,0.950000
1994,10,33,0.00003622,1.092181,0.750000,0.850000
1995,10,34,0.00003622,0.857007,0.800000,0.950000
1996,10,35,0.00003621,1.000483,0.800000,0.800000
1997,10,36,0.00003621,1.023599,0.750000,0.900000
1998,10,37,0.00003620,1.951878,0.550000,0.650000
1999,10,38,0.00003620,1.432437,0.750000,0.850000
2000,10,39,0.00003620,1.291577,0.550000,0.850000
2001,10,40,0.00003619,0.441223,0.900000,1.000000
2002,10,41,0.00003619,0.781491,0.900000,0.900000
2003,10,42,0.00003619,0.908697,0.750000,0.850000
2004,10,43,0.00003618,0.934472,0.750000,0.900000
2005,10,44,0.00003618,1.252171,0.700000,0.800000
2006,10,45,0.00003618,0.809883,0.850000,0.950000
2007,10,46,0.00003617,1.309439,0.650000,0.900000
2008,10,47,0.00003617,1.338104,0.700000,0.850000
2009,10,48,0.00003616,1.094238,0.700000,0.900000
2010,10,49,0.00003616,0.751555,0.850000,0.900000
2011,10,50,0.00003616,1.024446,0.700000,0.900000
2012,10,51,0.00003615,1.031693,0.650000,0.950000
2013,10,52,0.00003615,0.891309,0.800000,0.900000
2014,10,53,0.00003615,1.577268,0.700000,0.800000
2015,10,54,0.00003614,1.644403,0.550000,0.800000
2016,10,55,0.00003614,1.128084,0.800000,0.950000
2017,10,56,0.00003613,0.938298,0.750000,0.900000
2018,10,57,0.00003613,0.706293,0.800000,0.950000
2019,10,58,0.00003613,0.952425,0.750000,0.900000
2020,10,59,0.00003612,1.358269,0.700000,0.800000
2021,10,60,0.00003612,0.773158,0.850000,0.950000
2022,10,61,0.00003612,1.309753,0.650000,0.800000
2023,10,62,0.00003611,0.602754,0.850000,0.950000
2024,10,63,0.00003611,1.263874,0.700000,0.800000
2025,10,64,0.00003610,0.357537,0.850000,1.000000
2026,10,65,0.00003610,0.389235,0.900000,1.000000
2027,10,66,0.00003610,0.720731,0.850000,0.950000
2028,10,67,0.00003609,0.702618,0.800000,0.950000
2029,10,68,0.00003609,0.910653,0.700000,0.900000
2030,10,69,0.00003609,0.510674,0.900000,0.950000
2031,10,70,0.00003608,1.628172,0.700000,0.800000
2032,10,71,0.00003608,0.975046,0.700000,0.900000
2033,10,72,0.00003608,0.927207,0.750000,0.900000
2034,10,73,0.00003607,1.043954,0.800000,0.900000
2035,10,74,0.00003607,0.763977,0.850000,0.950000
2036,10,75,0.00003606,1.051983,0.600000,0.900000
2037,10,76,0.00003606,1.155161,0.750000,0.800000
2038,10,77,0.00003606,0.662805,0.850000,0.950000
2039,10,78,0.00003605,0.610081,0.800000,1.000000
2040,10,79,0.00003605,0.857834,0.900000,0.950000
2041,10,80,0.00003605,0.519500,0.950000,0.950000
2042,10,81,0.00003604,1.193458,0.700000,0.950000
2043,10,82,0.00003604,1.104889,0.750000,0.850000
2044,10,83,0.00003603,0.975574,0.700000,0.900000
2045,10,84,0.00003603,0.710667,0.850000,0.950000
2046,10,85,0.00003603,0.835616,0.800000,0.950000
2047,10,86,0.00003602,1.686614,0.650000,0.750000
2048,10,87,0.00003602,1.414848,0.750000,0.800000
2049,10,88,0.00003602,1.238816,0.700000,0.750000
2050,10,89,0.00003601,0.213745,0.950000,1.000000
2051,10,90,0.00003601,1.144753,0.650000,0.900000
2052,10,91,0.00003600,0.691630,0.900000,0.950000
2053,10,92,0.00003600,1.189412,0.800000,0.850000
2054,10,93,0.00003600,0.783360,0.850000,0.900000
2055,10,94,0.00003599,1.850402,0.600000,0.700000
2056,10,95,0.00003599,1.363824,0.650000,0.800000
2057,10,96,0.00003599,0.699704,0.850000,0.950000
2058,10,97,0.00003598,1.073415,0.750000,0.900000
2059,10,98,0.00003598,1.639904,0.650000,0.750000
2060,10,99,0.00003597,0.986618,0.750000,0.900000
2061,10,100,0.00003597,0.658260,0.900000,0.900000
2062,10,101,0.00003597,1.489885,0.700000,0.850000
2063,10,102,0.00003596,0.594155,0.800000,0.950000
2064,10,103,0.00003596,0.870330,0.800000,0.850000
2065,10,104,0.00003596,0.784070,0.750000,0.950000
2066,10,105,0.00003595,1.047863,0.750000,0.850000
2067,10,106,0.00003595,0.867948,0.850000,0.900000
2068,10,107,0.00003594,0.657502,0.750000,0.950000
2069,10,108,0.00003594,1.075079,0.800000,0.850000
2070,10,109,0.00003594,0.819785,0.850000,0.900000
2071,10,110,0.00003593,0.460364,0.850000,1.000000
2072,10,111,0.00003593,0.874088,0.700000,1.000000
2073,10,112,0.00003592,0.918676,0.800000,0.900000
2074,10,113,0.00003592,0.447696,0.900000,1.000000
2075,10,114,0.00003592,1.079559,0.700000,0.850000
2076,10,115,0.00003591,1.134337,0.700000,0.800000
2077,10,116,0.00003591,1.395914,0.700000,0.850000
2078,10,117,0.00003591,0.689474,0.800000,0.950000
2079,10,118,0.00003590,0.618809,0.900000,0.900000
2080,10,119,0.00003590,0.541242,0.900000,0.950000
2081,10,120,0.00003589,0.433386,0.950000,0.950000
2082,10,121,0.00003589,1.405548,0.750000,0.800000
2083,10,122,0.00003589,1.052188,0.550000,0.950000
2084,10,123,0.00003588,0.930120,0.700000,0.900000
2085,10,124,0.00003588,1.073167,0.800000,0.850000
2086,10,125,0.00003588,1.346750,0.750000,0.850000
2087,10,126,0.00003587,0.999762,0.850000,0.850000
2088,10,127,0.00003587,0.844641,0.800000,0.900000
2089,10,128,0.00003586,0.728672,0.850000,0.900000
2090,10,129,0.00003586,1.055275,0.800000,0.800000
2091,10,130,0.00003586,0.838800,0.850000,0.900000
2092,10,131,0.00003585,0.713995,0.750000,0.900000
2093,10,132,0.00003585,0.997102,0.750000,0.850000
2094,10,133,0.00003584,0.922169,0.800000,0.850000
2095,10,134,0.00003584,0.558854,0.900000,0.950000
2096,10,135,0.00003584,1.501954,0.700000,0.800000
2097,10,136,0.00003583,0.858403,0.700000,0.900000
2098,10,137,0.00003583,0.873751,0.800000,1.000000
2099,10,138,0.00003583,1.569106,0.750000,0.750000
2100,10,139,0.00003582,0.938904,0.750000,0.850000
2101,10,140,0.00003582,0.423977,0.900000,0.950000
2102,10,141,0.00003581,0.752693,0.850000,0.900000
2103,10,142,0.00003581,0.780634,0.850000,0.900000
2104,10,143,0.00003581,0.668210,0.850000,0.950000
2105,10,144,0.00003580,1.277588,0.550000,0.850000
2106,10,145,0.00003580,0.878813,0.750000,0.900000
2107,10,146,0.00003579,0.704312,0.850000,0.900000
2108,10,147,0.00003579,1.692336,0.650000,0.750000
2109,10,148,0.00003579,0.962775,0.800000,0.850000
2110,10,149,0.00003578,1.005009,0.800000,0.850000
2111,10,150,0.00003578,0.662268,0.850000,0.900000
2112,10,151,0.00003578,1.184737,0.650000,0.850000
2113,10,152,0.00003577,1.969202,0.550000,0.700000
2114,10,153,0.00003577,0.590792,0.900000,0.950000
2115,10,154,0.00003576,0.895484,0.750000,0.900000
2116,10,155,0.00003576,1.331171,0.700000,0.800000
2117,10,156,0.00003576,1.126261,0.750000,0.800000
2118,10,157,0.00003575,1.946908,0.550000,0.750000
2119,10,158,0.00003575,0.786166,0.800000,0.950000
2120,10,159,0.00003574,1.372257,0.700000,0.850000
2121,10,160,0.00003574,1.516745,0.650000,0.800000
2122,10,161,0.00003574,0.800127,0.750000,1.000000
2123,10,162,0.00003573,0.821191,0.750000,0.950000
2124,10,163,0.00003573,0.900696,0.850000,0.900000
2125,10,164,0.00003573,1.311834,0.750000,0.900000
2126,10,165,0.00003572,0.964456,0.800000,0.850000
2127,10,166,0.00003572,0.513037,0.850000,1.000000
2128,10,167,0.00003571,0.416010,0.950000,1.000000
2129,10,168,0.00003571,1.335760,0.650000,0.900000
2130,10,169,0.00003571,0.738163,0.750000,1.000000
2131,10,170,0.00003570,1.050814,0.750000,0.950000
2132,10,171,0.00003570,1.807562,0.600000,0.800000
2133,10,172,0.00003569,1.177119,0.700000,0.850000
2134,10,173,0.00003569,1.380212,0.650000,0.800000
2135,10,174,0.00003569,0.673495,0.850000,0.950000
2136,10,175,0.00003568,1.418082,0.600000,0.800000
2137,10,176,0.00003568,0.776081,0.850000,0.900000
2138,10,177,0.00003568,0.943188,0.800000,0.900000
2139,10,178,0.00003567,1.422186,0.700000,0.800000
2140,10,179,0.00003567,0.819189,0.850000,0.900000
2141,10,180,0.00003566,1.179256,0.700000,0.850000
2142,10,181,0.00003566,1.031656,0.700000,0.800000
2143,10,182,0.00003566,0.928975,0.800000,0.850000
2144,10,183,0.00003565,1.398117,0.750000,0.800000
2145,10,184,0.00003565,1.789847,0.650000,0.700000
2146,10,185,0.00003564,1.360057,0.750000,0.800000
2147,10,186,0.00003564,0.704637,0.750000,0.950000
2148,10,187,0.00003564,0.717641,0.800000,0.900000
2149,10,188,0.00003563,0.768925,0.800000,0.900000
2150,10,189,0.00003563,1.078756,0.800000,0.850000
2151,10,190,0.00003562,1.100304,0.750000,0.900000
2152,10,191,0.00003562,1.055408,0.700000,0.850000
2153,10,192,0.00003562,1.241809,0.700000,0.800000
2154,10,193,0.00003561,1.277188,0.750000,0.750000
2155,10,194,0.00003561,0.925485,0.800000,0.900000
2156,10,195,0.00003560,0.971863,0.800000,0.850000
2157,10,196,0.00003560,0.884936,0.850000,0.900000
2158,10,197,0.00003560,0.924129,0.700000,0.850000
2159,10,198,0.00003559,1.233989,0.800000,0.800000
2160,10,199,0.00003559,0.560730,0.850000,0.950000
2161,10,200,0.00003559,1.357170,0.650000,0.800000
2162,10,201,0.00003558,0.545716,0.800000,0.950000
2163,10,202,0.00003558,1.045700,0.750000,0.850000
2164,10,203,0.00003557,1.346442,0.550000,0.850000
2165,10,204,0.00003557,1.589143,0.650000,0.800000
2166,10,205,0.00003557,0.432323,0.950000,1.000000
2167,10,206,0.00003556,0.532142,0.850000,0.950000
2168,10,207,0.00003556,1.336368,0.650000,0.800000
2169,10,208,0.00003555,1.233795,0.700000,0.800000
2170,10,209,0.00003555,0.855172,0.800000,0.900000
2171,10,210,0.00003555,0.662058,0.850000,0.950000
2172,10,211,0.00003554,0.803929,0.750000,0.900000
2173,10,212,0.00003554,1.681083,0.650000,0.700000
2174,10,213,0.00003553,0.550352,0.850000,0.950000
2175,10,214,0.00003553,2.208506,0.550000,0.750000
2176,10,215,0.00003553,1.428209,0.650000,0.750000
2177,10,216,0.00003552,0.996576,0.750000,0.900000
2178,10,217,0.00003552,1.221093,0.700000,0.850000
2179,10,218,0.00003551,0.843294,0.850000,0.900000
